sample_id	source_repo	source_accession	organism	tissue	organ	ecotype	developmental_stage	spaceflight_condition	gravity	light_regime	tropism_type	hardware	mission	growth_temperature	genotype	assay_type	raw_file	processed_file
Atha_Col-0-PhyD_root_FLT_Alight_Rep1_GSM2493783_Day03	OSDR	OSD-120	Arabidopsis thaliana		root			Space Flight			gravitropism	petri dish				RNA-seq		/mnt/shared-workspace/raw_osdr/counts/OSD-120_unnormalized_counts.csv
Atha_Col-0-PhyD_root_FLT_Alight_Rep1_GSM2493783_Day06	OSDR	OSD-120	Arabidopsis thaliana		root			Space Flight			gravitropism	petri dish				RNA-seq		/mnt/shared-workspace/raw_osdr/counts/OSD-120_unnormalized_counts.csv
Atha_Col-0-PhyD_root_FLT_Alight_Rep1_GSM2493783_Day09	OSDR	OSD-120	Arabidopsis thaliana		root			Space Flight			gravitropism	petri dish				RNA-seq		/mnt/shared-workspace/raw_osdr/counts/OSD-120_unnormalized_counts.csv
Atha_Col-0-PhyD_root_FLT_Alight_Rep1_GSM2493783_Day13	OSDR	OSD-120	Arabidopsis thaliana		root			Space Flight			gravitropism	petri dish				RNA-seq		/mnt/shared-workspace/raw_osdr/counts/OSD-120_unnormalized_counts.csv
Atha_Col-0-PhyD_root_FLT_Alight_Rep2_GSM2493784_Day03	OSDR	OSD-120	Arabidopsis thaliana		root			Space Flight			gravitropism	petri dish				RNA-seq		/mnt/shared-workspace/raw_osdr/counts/OSD-120_unnormalized_counts.csv
Atha_Col-0-PhyD_root_FLT_Alight_Rep2_GSM2493784_Day06	OSDR	OSD-120	Arabidopsis thaliana		root			Space Flight			gravitropism	petri dish				RNA-seq		/mnt/shared-workspace/raw_osdr/counts/OSD-120_unnormalized_counts.csv
Atha_Col-0-PhyD_root_FLT_Alight_Rep2_GSM2493784_Day09	OSDR	OSD-120	Arabidopsis thaliana		root			Space Flight			gravitropism	petri dish				RNA-seq		/mnt/shared-workspace/raw_osdr/counts/OSD-120_unnormalized_counts.csv
Atha_Col-0-PhyD_root_FLT_Alight_Rep2_GSM2493784_Day13	OSDR	OSD-120	Arabidopsis thaliana		root			Space Flight			gravitropism	petri dish				RNA-seq		/mnt/shared-workspace/raw_osdr/counts/OSD-120_unnormalized_counts.csv
Atha_Col-0-PhyD_root_FLT_Alight_Rep3_GSM2493785_Day03	OSDR	OSD-120	Arabidopsis thaliana		root			Space Flight			gravitropism	petri dish				RNA-seq		/mnt/shared-workspace/raw_osdr/counts/OSD-120_unnormalized_counts.csv
Atha_Col-0-PhyD_root_FLT_Alight_Rep3_GSM2493785_Day06	OSDR	OSD-120	Arabidopsis thaliana		root			Space Flight			gravitropism	petri dish				RNA-seq		/mnt/shared-workspace/raw_osdr/counts/OSD-120_unnormalized_counts.csv
Atha_Col-0-PhyD_root_FLT_Alight_Rep3_GSM2493785_Day13	OSDR	OSD-120	Arabidopsis thaliana		root			Space Flight			gravitropism	petri dish				RNA-seq		/mnt/shared-workspace/raw_osdr/counts/OSD-120_unnormalized_counts.csv
Atha_Col-0-PhyD_root_FLT_dark_Rep1_GSM2493792_Day13	OSDR	OSD-120	Arabidopsis thaliana		root			Space Flight			gravitropism	petri dish				RNA-seq		/mnt/shared-workspace/raw_osdr/counts/OSD-120_unnormalized_counts.csv
Atha_Col-0-PhyD_root_FLT_dark_Rep2_GSM2493793_Day13	OSDR	OSD-120	Arabidopsis thaliana		root			Space Flight			gravitropism	petri dish				RNA-seq		/mnt/shared-workspace/raw_osdr/counts/OSD-120_unnormalized_counts.csv
Atha_Col-0-PhyD_root_FLT_dark_Rep3_GSM2493794_Day13	OSDR	OSD-120	Arabidopsis thaliana		root			Space Flight			gravitropism	petri dish				RNA-seq		/mnt/shared-workspace/raw_osdr/counts/OSD-120_unnormalized_counts.csv
Atha_Col-0-PhyD_root_GC_Alight_Rep1_GSM2493765_Day00	OSDR	OSD-120	Arabidopsis thaliana		root			Ground Control			gravitropism	petri dish				RNA-seq		/mnt/shared-workspace/raw_osdr/counts/OSD-120_unnormalized_counts.csv
Atha_Col-0-PhyD_root_GC_Alight_Rep1_GSM2493765_Day03	OSDR	OSD-120	Arabidopsis thaliana		root			Ground Control			gravitropism	petri dish				RNA-seq		/mnt/shared-workspace/raw_osdr/counts/OSD-120_unnormalized_counts.csv
Atha_Col-0-PhyD_root_GC_Alight_Rep1_GSM2493765_Day06	OSDR	OSD-120	Arabidopsis thaliana		root			Ground Control			gravitropism	petri dish				RNA-seq		/mnt/shared-workspace/raw_osdr/counts/OSD-120_unnormalized_counts.csv
Atha_Col-0-PhyD_root_GC_Alight_Rep1_GSM2493765_Day09	OSDR	OSD-120	Arabidopsis thaliana		root			Ground Control			gravitropism	petri dish				RNA-seq		/mnt/shared-workspace/raw_osdr/counts/OSD-120_unnormalized_counts.csv
Atha_Col-0-PhyD_root_GC_Alight_Rep1_GSM2493765_Day13	OSDR	OSD-120	Arabidopsis thaliana		root			Ground Control			gravitropism	petri dish				RNA-seq		/mnt/shared-workspace/raw_osdr/counts/OSD-120_unnormalized_counts.csv
Atha_Col-0-PhyD_root_GC_Alight_Rep2_GSM2493766_Day03	OSDR	OSD-120	Arabidopsis thaliana		root			Ground Control			gravitropism	petri dish				RNA-seq		/mnt/shared-workspace/raw_osdr/counts/OSD-120_unnormalized_counts.csv
Atha_Col-0-PhyD_root_GC_Alight_Rep2_GSM2493766_Day06	OSDR	OSD-120	Arabidopsis thaliana		root			Ground Control			gravitropism	petri dish				RNA-seq		/mnt/shared-workspace/raw_osdr/counts/OSD-120_unnormalized_counts.csv
Atha_Col-0-PhyD_root_GC_Alight_Rep2_GSM2493766_Day09	OSDR	OSD-120	Arabidopsis thaliana		root			Ground Control			gravitropism	petri dish				RNA-seq		/mnt/shared-workspace/raw_osdr/counts/OSD-120_unnormalized_counts.csv
Atha_Col-0-PhyD_root_GC_Alight_Rep2_GSM2493766_Day13	OSDR	OSD-120	Arabidopsis thaliana		root			Ground Control			gravitropism	petri dish				RNA-seq		/mnt/shared-workspace/raw_osdr/counts/OSD-120_unnormalized_counts.csv
Atha_Col-0-PhyD_root_GC_Alight_Rep3_GSM2493767_Day03	OSDR	OSD-120	Arabidopsis thaliana		root			Ground Control			gravitropism	petri dish				RNA-seq		/mnt/shared-workspace/raw_osdr/counts/OSD-120_unnormalized_counts.csv
Atha_Col-0-PhyD_root_GC_Alight_Rep3_GSM2493767_Day06	OSDR	OSD-120	Arabidopsis thaliana		root			Ground Control			gravitropism	petri dish				RNA-seq		/mnt/shared-workspace/raw_osdr/counts/OSD-120_unnormalized_counts.csv
Atha_Col-0-PhyD_root_GC_Alight_Rep3_GSM2493767_Day09	OSDR	OSD-120	Arabidopsis thaliana		root			Ground Control			gravitropism	petri dish				RNA-seq		/mnt/shared-workspace/raw_osdr/counts/OSD-120_unnormalized_counts.csv
Atha_Col-0-PhyD_root_GC_Alight_Rep3_GSM2493767_Day13	OSDR	OSD-120	Arabidopsis thaliana		root			Ground Control			gravitropism	petri dish				RNA-seq		/mnt/shared-workspace/raw_osdr/counts/OSD-120_unnormalized_counts.csv
Atha_Col-0-PhyD_root_GC_dark_Rep1_GSM2493774_Day13	OSDR	OSD-120	Arabidopsis thaliana		root			Ground Control			gravitropism	petri dish				RNA-seq		/mnt/shared-workspace/raw_osdr/counts/OSD-120_unnormalized_counts.csv
Atha_Col-0-PhyD_root_GC_dark_Rep2_GSM2493775_Day13	OSDR	OSD-120	Arabidopsis thaliana		root			Ground Control			gravitropism	petri dish				RNA-seq		/mnt/shared-workspace/raw_osdr/counts/OSD-120_unnormalized_counts.csv
Atha_Col-0-PhyD_root_GC_dark_Rep3_GSM2493776_Day13	OSDR	OSD-120	Arabidopsis thaliana		root			Ground Control			gravitropism	petri dish				RNA-seq		/mnt/shared-workspace/raw_osdr/counts/OSD-120_unnormalized_counts.csv
Atha_Col-0_root_FLT_Alight_Rep1_GSM2493777_Day03	OSDR	OSD-120	Arabidopsis thaliana		root			Space Flight			gravitropism	petri dish				RNA-seq		/mnt/shared-workspace/raw_osdr/counts/OSD-120_unnormalized_counts.csv
Atha_Col-0_root_FLT_Alight_Rep1_GSM2493777_Day06	OSDR	OSD-120	Arabidopsis thaliana		root			Space Flight			gravitropism	petri dish				RNA-seq		/mnt/shared-workspace/raw_osdr/counts/OSD-120_unnormalized_counts.csv
Atha_Col-0_root_FLT_Alight_Rep1_GSM2493777_Day09	OSDR	OSD-120	Arabidopsis thaliana		root			Space Flight			gravitropism	petri dish				RNA-seq		/mnt/shared-workspace/raw_osdr/counts/OSD-120_unnormalized_counts.csv
Atha_Col-0_root_FLT_Alight_Rep1_GSM2493777_Day13	OSDR	OSD-120	Arabidopsis thaliana		root			Space Flight			gravitropism	petri dish				RNA-seq		/mnt/shared-workspace/raw_osdr/counts/OSD-120_unnormalized_counts.csv
Atha_Col-0_root_FLT_Alight_Rep2_GSM2493778_Day03	OSDR	OSD-120	Arabidopsis thaliana		root			Space Flight			gravitropism	petri dish				RNA-seq		/mnt/shared-workspace/raw_osdr/counts/OSD-120_unnormalized_counts.csv
Atha_Col-0_root_FLT_Alight_Rep2_GSM2493778_Day06	OSDR	OSD-120	Arabidopsis thaliana		root			Space Flight			gravitropism	petri dish				RNA-seq		/mnt/shared-workspace/raw_osdr/counts/OSD-120_unnormalized_counts.csv
Atha_Col-0_root_FLT_Alight_Rep2_GSM2493778_Day09	OSDR	OSD-120	Arabidopsis thaliana		root			Space Flight			gravitropism	petri dish				RNA-seq		/mnt/shared-workspace/raw_osdr/counts/OSD-120_unnormalized_counts.csv
Atha_Col-0_root_FLT_Alight_Rep2_GSM2493778_Day13	OSDR	OSD-120	Arabidopsis thaliana		root			Space Flight			gravitropism	petri dish				RNA-seq		/mnt/shared-workspace/raw_osdr/counts/OSD-120_unnormalized_counts.csv
Atha_Col-0_root_FLT_Alight_Rep3_GSM2493779_Day03	OSDR	OSD-120	Arabidopsis thaliana		root			Space Flight			gravitropism	petri dish				RNA-seq		/mnt/shared-workspace/raw_osdr/counts/OSD-120_unnormalized_counts.csv
Atha_Col-0_root_FLT_Alight_Rep3_GSM2493779_Day06	OSDR	OSD-120	Arabidopsis thaliana		root			Space Flight			gravitropism	petri dish				RNA-seq		/mnt/shared-workspace/raw_osdr/counts/OSD-120_unnormalized_counts.csv
Atha_Col-0_root_FLT_Alight_Rep3_GSM2493779_Day09	OSDR	OSD-120	Arabidopsis thaliana		root			Space Flight			gravitropism	petri dish				RNA-seq		/mnt/shared-workspace/raw_osdr/counts/OSD-120_unnormalized_counts.csv
Atha_Col-0_root_FLT_Alight_Rep3_GSM2493779_Day13	OSDR	OSD-120	Arabidopsis thaliana		root			Space Flight			gravitropism	petri dish				RNA-seq		/mnt/shared-workspace/raw_osdr/counts/OSD-120_unnormalized_counts.csv
Atha_Col-0_root_FLT_dark_Rep1_GSM2493786_Day13	OSDR	OSD-120	Arabidopsis thaliana		root			Space Flight			gravitropism	petri dish				RNA-seq		/mnt/shared-workspace/raw_osdr/counts/OSD-120_unnormalized_counts.csv
Atha_Col-0_root_FLT_dark_Rep2_GSM2493787_Day13	OSDR	OSD-120	Arabidopsis thaliana		root			Space Flight			gravitropism	petri dish				RNA-seq		/mnt/shared-workspace/raw_osdr/counts/OSD-120_unnormalized_counts.csv
Atha_Col-0_root_FLT_dark_Rep3_GSM2493788_Day13	OSDR	OSD-120	Arabidopsis thaliana		root			Space Flight			gravitropism	petri dish				RNA-seq		/mnt/shared-workspace/raw_osdr/counts/OSD-120_unnormalized_counts.csv
Atha_Col-0_root_GC_Alight_Rep1_GSM2493759_Day03	OSDR	OSD-120	Arabidopsis thaliana		root			Ground Control			gravitropism	petri dish				RNA-seq		/mnt/shared-workspace/raw_osdr/counts/OSD-120_unnormalized_counts.csv
Atha_Col-0_root_GC_Alight_Rep1_GSM2493759_Day06	OSDR	OSD-120	Arabidopsis thaliana		root			Ground Control			gravitropism	petri dish				RNA-seq		/mnt/shared-workspace/raw_osdr/counts/OSD-120_unnormalized_counts.csv
Atha_Col-0_root_GC_Alight_Rep1_GSM2493759_Day09	OSDR	OSD-120	Arabidopsis thaliana		root			Ground Control			gravitropism	petri dish				RNA-seq		/mnt/shared-workspace/raw_osdr/counts/OSD-120_unnormalized_counts.csv
Atha_Col-0_root_GC_Alight_Rep1_GSM2493759_Day13	OSDR	OSD-120	Arabidopsis thaliana		root			Ground Control			gravitropism	petri dish				RNA-seq		/mnt/shared-workspace/raw_osdr/counts/OSD-120_unnormalized_counts.csv
Atha_Col-0_root_GC_Alight_Rep2_GSM2493760_Day03	OSDR	OSD-120	Arabidopsis thaliana		root			Ground Control			gravitropism	petri dish				RNA-seq		/mnt/shared-workspace/raw_osdr/counts/OSD-120_unnormalized_counts.csv
Atha_Col-0_root_GC_Alight_Rep2_GSM2493760_Day06	OSDR	OSD-120	Arabidopsis thaliana		root			Ground Control			gravitropism	petri dish				RNA-seq		/mnt/shared-workspace/raw_osdr/counts/OSD-120_unnormalized_counts.csv
Atha_Col-0_root_GC_Alight_Rep2_GSM2493760_Day09	OSDR	OSD-120	Arabidopsis thaliana		root			Ground Control			gravitropism	petri dish				RNA-seq		/mnt/shared-workspace/raw_osdr/counts/OSD-120_unnormalized_counts.csv
Atha_Col-0_root_GC_Alight_Rep2_GSM2493760_Day13	OSDR	OSD-120	Arabidopsis thaliana		root			Ground Control			gravitropism	petri dish				RNA-seq		/mnt/shared-workspace/raw_osdr/counts/OSD-120_unnormalized_counts.csv
Atha_Col-0_root_GC_Alight_Rep3_GSM2493761_Day03	OSDR	OSD-120	Arabidopsis thaliana		root			Ground Control			gravitropism	petri dish				RNA-seq		/mnt/shared-workspace/raw_osdr/counts/OSD-120_unnormalized_counts.csv
Atha_Col-0_root_GC_Alight_Rep3_GSM2493761_Day06	OSDR	OSD-120	Arabidopsis thaliana		root			Ground Control			gravitropism	petri dish				RNA-seq		/mnt/shared-workspace/raw_osdr/counts/OSD-120_unnormalized_counts.csv
Atha_Col-0_root_GC_Alight_Rep3_GSM2493761_Day09	OSDR	OSD-120	Arabidopsis thaliana		root			Ground Control			gravitropism	petri dish				RNA-seq		/mnt/shared-workspace/raw_osdr/counts/OSD-120_unnormalized_counts.csv
Atha_Col-0_root_GC_Alight_Rep3_GSM2493761_Day13	OSDR	OSD-120	Arabidopsis thaliana		root			Ground Control			gravitropism	petri dish				RNA-seq		/mnt/shared-workspace/raw_osdr/counts/OSD-120_unnormalized_counts.csv
Atha_Col-0_root_GC_dark_Rep1_GSM2493768_Day13	OSDR	OSD-120	Arabidopsis thaliana		root			Ground Control			gravitropism	petri dish				RNA-seq		/mnt/shared-workspace/raw_osdr/counts/OSD-120_unnormalized_counts.csv
Atha_Col-0_root_GC_dark_Rep2_GSM2493769_Day13	OSDR	OSD-120	Arabidopsis thaliana		root			Ground Control			gravitropism	petri dish				RNA-seq		/mnt/shared-workspace/raw_osdr/counts/OSD-120_unnormalized_counts.csv
Atha_Col-0_root_GC_dark_Rep3_GSM2493770_Day13	OSDR	OSD-120	Arabidopsis thaliana		root			Ground Control			gravitropism	petri dish				RNA-seq		/mnt/shared-workspace/raw_osdr/counts/OSD-120_unnormalized_counts.csv
Atha_Ws_root_FLT_Alight_Rep1_GSM2493780_Day03	OSDR	OSD-120	Arabidopsis thaliana		root			Space Flight			gravitropism	petri dish				RNA-seq		/mnt/shared-workspace/raw_osdr/counts/OSD-120_unnormalized_counts.csv
Atha_Ws_root_FLT_Alight_Rep1_GSM2493780_Day06	OSDR	OSD-120	Arabidopsis thaliana		root			Space Flight			gravitropism	petri dish				RNA-seq		/mnt/shared-workspace/raw_osdr/counts/OSD-120_unnormalized_counts.csv
Atha_Ws_root_FLT_Alight_Rep1_GSM2493780_Day09	OSDR	OSD-120	Arabidopsis thaliana		root			Space Flight			gravitropism	petri dish				RNA-seq		/mnt/shared-workspace/raw_osdr/counts/OSD-120_unnormalized_counts.csv
Atha_Ws_root_FLT_Alight_Rep1_GSM2493780_Day13	OSDR	OSD-120	Arabidopsis thaliana		root			Space Flight			gravitropism	petri dish				RNA-seq		/mnt/shared-workspace/raw_osdr/counts/OSD-120_unnormalized_counts.csv
Atha_Ws_root_FLT_Alight_Rep2_GSM2493781_Day03	OSDR	OSD-120	Arabidopsis thaliana		root			Space Flight			gravitropism	petri dish				RNA-seq		/mnt/shared-workspace/raw_osdr/counts/OSD-120_unnormalized_counts.csv
Atha_Ws_root_FLT_Alight_Rep2_GSM2493781_Day06	OSDR	OSD-120	Arabidopsis thaliana		root			Space Flight			gravitropism	petri dish				RNA-seq		/mnt/shared-workspace/raw_osdr/counts/OSD-120_unnormalized_counts.csv
Atha_Ws_root_FLT_Alight_Rep2_GSM2493781_Day09	OSDR	OSD-120	Arabidopsis thaliana		root			Space Flight			gravitropism	petri dish				RNA-seq		/mnt/shared-workspace/raw_osdr/counts/OSD-120_unnormalized_counts.csv
Atha_Ws_root_FLT_Alight_Rep2_GSM2493781_Day13	OSDR	OSD-120	Arabidopsis thaliana		root			Space Flight			gravitropism	petri dish				RNA-seq		/mnt/shared-workspace/raw_osdr/counts/OSD-120_unnormalized_counts.csv
Atha_Ws_root_FLT_Alight_Rep3_GSM2493782_Day03	OSDR	OSD-120	Arabidopsis thaliana		root			Space Flight			gravitropism	petri dish				RNA-seq		/mnt/shared-workspace/raw_osdr/counts/OSD-120_unnormalized_counts.csv
Atha_Ws_root_FLT_Alight_Rep3_GSM2493782_Day06	OSDR	OSD-120	Arabidopsis thaliana		root			Space Flight			gravitropism	petri dish				RNA-seq		/mnt/shared-workspace/raw_osdr/counts/OSD-120_unnormalized_counts.csv
Atha_Ws_root_FLT_Alight_Rep3_GSM2493782_Day09	OSDR	OSD-120	Arabidopsis thaliana		root			Space Flight			gravitropism	petri dish				RNA-seq		/mnt/shared-workspace/raw_osdr/counts/OSD-120_unnormalized_counts.csv
Atha_Ws_root_FLT_Alight_Rep3_GSM2493782_Day13	OSDR	OSD-120	Arabidopsis thaliana		root			Space Flight			gravitropism	petri dish				RNA-seq		/mnt/shared-workspace/raw_osdr/counts/OSD-120_unnormalized_counts.csv
Atha_Ws_root_FLT_dark_Rep1_GSM2493789_Day13	OSDR	OSD-120	Arabidopsis thaliana		root			Space Flight			gravitropism	petri dish				RNA-seq		/mnt/shared-workspace/raw_osdr/counts/OSD-120_unnormalized_counts.csv
Atha_Ws_root_FLT_dark_Rep2_GSM2493790_Day13	OSDR	OSD-120	Arabidopsis thaliana		root			Space Flight			gravitropism	petri dish				RNA-seq		/mnt/shared-workspace/raw_osdr/counts/OSD-120_unnormalized_counts.csv
Atha_Ws_root_FLT_dark_Rep3_GSM2493791_Day13	OSDR	OSD-120	Arabidopsis thaliana		root			Space Flight			gravitropism	petri dish				RNA-seq		/mnt/shared-workspace/raw_osdr/counts/OSD-120_unnormalized_counts.csv
Atha_Ws_root_GC_Alight_Rep1_GSM2493762_Day03	OSDR	OSD-120	Arabidopsis thaliana		root			Ground Control			gravitropism	petri dish				RNA-seq		/mnt/shared-workspace/raw_osdr/counts/OSD-120_unnormalized_counts.csv
Atha_Ws_root_GC_Alight_Rep1_GSM2493762_Day06	OSDR	OSD-120	Arabidopsis thaliana		root			Ground Control			gravitropism	petri dish				RNA-seq		/mnt/shared-workspace/raw_osdr/counts/OSD-120_unnormalized_counts.csv
Atha_Ws_root_GC_Alight_Rep1_GSM2493762_Day09	OSDR	OSD-120	Arabidopsis thaliana		root			Ground Control			gravitropism	petri dish				RNA-seq		/mnt/shared-workspace/raw_osdr/counts/OSD-120_unnormalized_counts.csv
Atha_Ws_root_GC_Alight_Rep1_GSM2493762_Day13	OSDR	OSD-120	Arabidopsis thaliana		root			Ground Control			gravitropism	petri dish				RNA-seq		/mnt/shared-workspace/raw_osdr/counts/OSD-120_unnormalized_counts.csv
Atha_Ws_root_GC_Alight_Rep2_GSM2493763_Day03	OSDR	OSD-120	Arabidopsis thaliana		root			Ground Control			gravitropism	petri dish				RNA-seq		/mnt/shared-workspace/raw_osdr/counts/OSD-120_unnormalized_counts.csv
Atha_Ws_root_GC_Alight_Rep2_GSM2493763_Day06	OSDR	OSD-120	Arabidopsis thaliana		root			Ground Control			gravitropism	petri dish				RNA-seq		/mnt/shared-workspace/raw_osdr/counts/OSD-120_unnormalized_counts.csv
Atha_Ws_root_GC_Alight_Rep2_GSM2493763_Day09	OSDR	OSD-120	Arabidopsis thaliana		root			Ground Control			gravitropism	petri dish				RNA-seq		/mnt/shared-workspace/raw_osdr/counts/OSD-120_unnormalized_counts.csv
Atha_Ws_root_GC_Alight_Rep2_GSM2493763_Day13	OSDR	OSD-120	Arabidopsis thaliana		root			Ground Control			gravitropism	petri dish				RNA-seq		/mnt/shared-workspace/raw_osdr/counts/OSD-120_unnormalized_counts.csv
Atha_Ws_root_GC_Alight_Rep3_GSM2493764_Day03	OSDR	OSD-120	Arabidopsis thaliana		root			Ground Control			gravitropism	petri dish				RNA-seq		/mnt/shared-workspace/raw_osdr/counts/OSD-120_unnormalized_counts.csv
Atha_Ws_root_GC_Alight_Rep3_GSM2493764_Day06	OSDR	OSD-120	Arabidopsis thaliana		root			Ground Control			gravitropism	petri dish				RNA-seq		/mnt/shared-workspace/raw_osdr/counts/OSD-120_unnormalized_counts.csv
Atha_Ws_root_GC_Alight_Rep3_GSM2493764_Day09	OSDR	OSD-120	Arabidopsis thaliana		root			Ground Control			gravitropism	petri dish				RNA-seq		/mnt/shared-workspace/raw_osdr/counts/OSD-120_unnormalized_counts.csv
Atha_Ws_root_GC_Alight_Rep3_GSM2493764_Day13	OSDR	OSD-120	Arabidopsis thaliana		root			Ground Control			gravitropism	petri dish				RNA-seq		/mnt/shared-workspace/raw_osdr/counts/OSD-120_unnormalized_counts.csv
Atha_Ws_root_GC_dark_Rep1_GSM2493771_Day13	OSDR	OSD-120	Arabidopsis thaliana		root			Ground Control			gravitropism	petri dish				RNA-seq		/mnt/shared-workspace/raw_osdr/counts/OSD-120_unnormalized_counts.csv
Atha_Ws_root_GC_dark_Rep2_GSM2493772_Day13	OSDR	OSD-120	Arabidopsis thaliana		root			Ground Control			gravitropism	petri dish				RNA-seq		/mnt/shared-workspace/raw_osdr/counts/OSD-120_unnormalized_counts.csv
Atha_Ws_root_GC_dark_Rep3_GSM2493773_Day13	OSDR	OSD-120	Arabidopsis thaliana		root			Ground Control			gravitropism	petri dish				RNA-seq		/mnt/shared-workspace/raw_osdr/counts/OSD-120_unnormalized_counts.csv
Atha_Col-0-PhyD_root_FLT_Alight_Rep1_GSM2493783_Day13	OSDR	OSD-120	Arabidopsis thaliana		root			Space Flight			gravitropism	petri dish				RNA-seq		/mnt/shared-workspace/raw_osdr/counts/OSD-120_unnormalized_counts.csv
Atha_Col-0-PhyD_root_FLT_Alight_Rep2_GSM2493784_Day13	OSDR	OSD-120	Arabidopsis thaliana		root			Space Flight			gravitropism	petri dish				RNA-seq		/mnt/shared-workspace/raw_osdr/counts/OSD-120_unnormalized_counts.csv
Atha_Col-0-PhyD_root_FLT_Alight_Rep3_GSM2493785_Day13	OSDR	OSD-120	Arabidopsis thaliana		root			Space Flight			gravitropism	petri dish				RNA-seq		/mnt/shared-workspace/raw_osdr/counts/OSD-120_unnormalized_counts.csv
Atha_Col-0-PhyD_root_FLT_dark_Rep1_GSM2493792_Day13	OSDR	OSD-120	Arabidopsis thaliana		root			Space Flight			gravitropism	petri dish				RNA-seq		/mnt/shared-workspace/raw_osdr/counts/OSD-120_unnormalized_counts.csv
Atha_Col-0-PhyD_root_FLT_dark_Rep2_GSM2493793_Day13	OSDR	OSD-120	Arabidopsis thaliana		root			Space Flight			gravitropism	petri dish				RNA-seq		/mnt/shared-workspace/raw_osdr/counts/OSD-120_unnormalized_counts.csv
Atha_Col-0-PhyD_root_FLT_dark_Rep3_GSM2493794_Day13	OSDR	OSD-120	Arabidopsis thaliana		root			Space Flight			gravitropism	petri dish				RNA-seq		/mnt/shared-workspace/raw_osdr/counts/OSD-120_unnormalized_counts.csv
Atha_Col-0-PhyD_root_GC_Alight_Rep1_GSM2493765_Day13	OSDR	OSD-120	Arabidopsis thaliana		root			Ground Control			gravitropism	petri dish				RNA-seq		/mnt/shared-workspace/raw_osdr/counts/OSD-120_unnormalized_counts.csv
Atha_Col-0-PhyD_root_GC_Alight_Rep2_GSM2493766_Day13	OSDR	OSD-120	Arabidopsis thaliana		root			Ground Control			gravitropism	petri dish				RNA-seq		/mnt/shared-workspace/raw_osdr/counts/OSD-120_unnormalized_counts.csv
Atha_Col-0-PhyD_root_GC_Alight_Rep3_GSM2493767_Day13	OSDR	OSD-120	Arabidopsis thaliana		root			Ground Control			gravitropism	petri dish				RNA-seq		/mnt/shared-workspace/raw_osdr/counts/OSD-120_unnormalized_counts.csv
Atha_Col-0-PhyD_root_GC_dark_Rep1_GSM2493774_Day13	OSDR	OSD-120	Arabidopsis thaliana		root			Ground Control			gravitropism	petri dish				RNA-seq		/mnt/shared-workspace/raw_osdr/counts/OSD-120_unnormalized_counts.csv
Atha_Col-0-PhyD_root_GC_dark_Rep2_GSM2493775_Day13	OSDR	OSD-120	Arabidopsis thaliana		root			Ground Control			gravitropism	petri dish				RNA-seq		/mnt/shared-workspace/raw_osdr/counts/OSD-120_unnormalized_counts.csv
Atha_Col-0-PhyD_root_GC_dark_Rep3_GSM2493776_Day13	OSDR	OSD-120	Arabidopsis thaliana		root			Ground Control			gravitropism	petri dish				RNA-seq		/mnt/shared-workspace/raw_osdr/counts/OSD-120_unnormalized_counts.csv
Atha_Col-0_root_FLT_Alight_Rep1_GSM2493777_Day13	OSDR	OSD-120	Arabidopsis thaliana		root			Space Flight			gravitropism	petri dish				RNA-seq		/mnt/shared-workspace/raw_osdr/counts/OSD-120_unnormalized_counts.csv
Atha_Col-0_root_FLT_Alight_Rep2_GSM2493778_Day13	OSDR	OSD-120	Arabidopsis thaliana		root			Space Flight			gravitropism	petri dish				RNA-seq		/mnt/shared-workspace/raw_osdr/counts/OSD-120_unnormalized_counts.csv
Atha_Col-0_root_FLT_Alight_Rep3_GSM2493779_Day13	OSDR	OSD-120	Arabidopsis thaliana		root			Space Flight			gravitropism	petri dish				RNA-seq		/mnt/shared-workspace/raw_osdr/counts/OSD-120_unnormalized_counts.csv
Atha_Col-0_root_FLT_dark_Rep1_GSM2493786_Day13	OSDR	OSD-120	Arabidopsis thaliana		root			Space Flight			gravitropism	petri dish				RNA-seq		/mnt/shared-workspace/raw_osdr/counts/OSD-120_unnormalized_counts.csv
Atha_Col-0_root_FLT_dark_Rep2_GSM2493787_Day13	OSDR	OSD-120	Arabidopsis thaliana		root			Space Flight			gravitropism	petri dish				RNA-seq		/mnt/shared-workspace/raw_osdr/counts/OSD-120_unnormalized_counts.csv
Atha_Col-0_root_FLT_dark_Rep3_GSM2493788_Day13	OSDR	OSD-120	Arabidopsis thaliana		root			Space Flight			gravitropism	petri dish				RNA-seq		/mnt/shared-workspace/raw_osdr/counts/OSD-120_unnormalized_counts.csv
Atha_Col-0_root_GC_Alight_Rep1_GSM2493759_Day13	OSDR	OSD-120	Arabidopsis thaliana		root			Ground Control			gravitropism	petri dish				RNA-seq		/mnt/shared-workspace/raw_osdr/counts/OSD-120_unnormalized_counts.csv
Atha_Col-0_root_GC_Alight_Rep2_GSM2493760_Day13	OSDR	OSD-120	Arabidopsis thaliana		root			Ground Control			gravitropism	petri dish				RNA-seq		/mnt/shared-workspace/raw_osdr/counts/OSD-120_unnormalized_counts.csv
Atha_Col-0_root_GC_Alight_Rep3_GSM2493761_Day13	OSDR	OSD-120	Arabidopsis thaliana		root			Ground Control			gravitropism	petri dish				RNA-seq		/mnt/shared-workspace/raw_osdr/counts/OSD-120_unnormalized_counts.csv
Atha_Col-0_root_GC_dark_Rep1_GSM2493768_Day13	OSDR	OSD-120	Arabidopsis thaliana		root			Ground Control			gravitropism	petri dish				RNA-seq		/mnt/shared-workspace/raw_osdr/counts/OSD-120_unnormalized_counts.csv
Atha_Col-0_root_GC_dark_Rep2_GSM2493769_Day13	OSDR	OSD-120	Arabidopsis thaliana		root			Ground Control			gravitropism	petri dish				RNA-seq		/mnt/shared-workspace/raw_osdr/counts/OSD-120_unnormalized_counts.csv
Atha_Col-0_root_GC_dark_Rep3_GSM2493770_Day13	OSDR	OSD-120	Arabidopsis thaliana		root			Ground Control			gravitropism	petri dish				RNA-seq		/mnt/shared-workspace/raw_osdr/counts/OSD-120_unnormalized_counts.csv
Atha_Ws_root_FLT_Alight_Rep1_GSM2493780_Day13	OSDR	OSD-120	Arabidopsis thaliana		root			Space Flight			gravitropism	petri dish				RNA-seq		/mnt/shared-workspace/raw_osdr/counts/OSD-120_unnormalized_counts.csv
Atha_Ws_root_FLT_Alight_Rep2_GSM2493781_Day13	OSDR	OSD-120	Arabidopsis thaliana		root			Space Flight			gravitropism	petri dish				RNA-seq		/mnt/shared-workspace/raw_osdr/counts/OSD-120_unnormalized_counts.csv
Atha_Ws_root_FLT_Alight_Rep3_GSM2493782_Day13	OSDR	OSD-120	Arabidopsis thaliana		root			Space Flight			gravitropism	petri dish				RNA-seq		/mnt/shared-workspace/raw_osdr/counts/OSD-120_unnormalized_counts.csv
Atha_Ws_root_FLT_dark_Rep1_GSM2493789_Day13	OSDR	OSD-120	Arabidopsis thaliana		root			Space Flight			gravitropism	petri dish				RNA-seq		/mnt/shared-workspace/raw_osdr/counts/OSD-120_unnormalized_counts.csv
Atha_Ws_root_FLT_dark_Rep2_GSM2493790_Day13	OSDR	OSD-120	Arabidopsis thaliana		root			Space Flight			gravitropism	petri dish				RNA-seq		/mnt/shared-workspace/raw_osdr/counts/OSD-120_unnormalized_counts.csv
Atha_Ws_root_FLT_dark_Rep3_GSM2493791_Day13	OSDR	OSD-120	Arabidopsis thaliana		root			Space Flight			gravitropism	petri dish				RNA-seq		/mnt/shared-workspace/raw_osdr/counts/OSD-120_unnormalized_counts.csv
Atha_Ws_root_GC_Alight_Rep1_GSM2493762_Day13	OSDR	OSD-120	Arabidopsis thaliana		root			Ground Control			gravitropism	petri dish				RNA-seq		/mnt/shared-workspace/raw_osdr/counts/OSD-120_unnormalized_counts.csv
Atha_Ws_root_GC_Alight_Rep2_GSM2493763_Day13	OSDR	OSD-120	Arabidopsis thaliana		root			Ground Control			gravitropism	petri dish				RNA-seq		/mnt/shared-workspace/raw_osdr/counts/OSD-120_unnormalized_counts.csv
Atha_Ws_root_GC_Alight_Rep3_GSM2493764_Day13	OSDR	OSD-120	Arabidopsis thaliana		root			Ground Control			gravitropism	petri dish				RNA-seq		/mnt/shared-workspace/raw_osdr/counts/OSD-120_unnormalized_counts.csv
Atha_Ws_root_GC_dark_Rep1_GSM2493771_Day13	OSDR	OSD-120	Arabidopsis thaliana		root			Ground Control			gravitropism	petri dish				RNA-seq		/mnt/shared-workspace/raw_osdr/counts/OSD-120_unnormalized_counts.csv
Atha_Ws_root_GC_dark_Rep2_GSM2493772_Day13	OSDR	OSD-120	Arabidopsis thaliana		root			Ground Control			gravitropism	petri dish				RNA-seq		/mnt/shared-workspace/raw_osdr/counts/OSD-120_unnormalized_counts.csv
Atha_Ws_root_GC_dark_Rep3_GSM2493773_Day13	OSDR	OSD-120	Arabidopsis thaliana		root			Ground Control			gravitropism	petri dish				RNA-seq		/mnt/shared-workspace/raw_osdr/counts/OSD-120_unnormalized_counts.csv
Atha_Ler-0_sShoots_FLT_Rep1	OSDR	OSD-121	Arabidopsis thaliana		shoot	Landsberg ecotype		Space Flight			gravitropism	BRIC-PDFU				microarray		
Atha_Ler-0_sShoots_FLT_Rep2	OSDR	OSD-121	Arabidopsis thaliana		shoot	Landsberg ecotype		Space Flight			gravitropism	BRIC-PDFU				microarray		
Atha_Ler-0_sShoots_FLT_Rep3	OSDR	OSD-121	Arabidopsis thaliana		shoot	Landsberg ecotype		Space Flight			gravitropism	BRIC-PDFU				microarray		
Atha_Ler-0_sShoots_GC_Rep1	OSDR	OSD-121	Arabidopsis thaliana		shoot	Landsberg ecotype		Ground Control			gravitropism	Orbital Environmental Simulator (OES)				microarray		
Atha_Ler-0_sShoots_GC_Rep2	OSDR	OSD-121	Arabidopsis thaliana		shoot	Landsberg ecotype		Ground Control			gravitropism	Orbital Environmental Simulator (OES)				microarray		
Atha_Ler-0_sShoots_GC_Rep3	OSDR	OSD-121	Arabidopsis thaliana		shoot	Landsberg ecotype		Ground Control			gravitropism	Orbital Environmental Simulator (OES)				microarray		
Atha_Ler-0_sShoots_FLT_Rep1	OSDR	OSD-121	Arabidopsis thaliana		shoot	Landsberg ecotype		Space Flight			gravitropism	BRIC-PDFU				microarray		
Atha_Ler-0_sShoots_FLT_Rep2	OSDR	OSD-121	Arabidopsis thaliana		shoot	Landsberg ecotype		Space Flight			gravitropism	BRIC-PDFU				microarray		
Atha_Ler-0_sShoots_FLT_Rep3	OSDR	OSD-121	Arabidopsis thaliana		shoot	Landsberg ecotype		Space Flight			gravitropism	BRIC-PDFU				microarray		
Atha_Ler-0_sShoots_GC_Rep1	OSDR	OSD-121	Arabidopsis thaliana		shoot	Landsberg ecotype		Ground Control			gravitropism	Orbital Environmental Simulator (OES)				microarray		
Atha_Ler-0_sShoots_GC_Rep2	OSDR	OSD-121	Arabidopsis thaliana		shoot	Landsberg ecotype		Ground Control			gravitropism	Orbital Environmental Simulator (OES)				microarray		
Atha_Ler-0_sShoots_GC_Rep3	OSDR	OSD-121	Arabidopsis thaliana		shoot	Landsberg ecotype		Ground Control			gravitropism	Orbital Environmental Simulator (OES)				microarray		
Atha_Ler-0_sShoots_FLT_Rep1	OSDR	OSD-121	Arabidopsis thaliana		shoot	Landsberg ecotype		Space Flight			gravitropism	BRIC-PDFU				microarray		
Atha_Ler-0_sShoots_FLT_Rep2	OSDR	OSD-121	Arabidopsis thaliana		shoot	Landsberg ecotype		Space Flight			gravitropism	BRIC-PDFU				microarray		
Atha_Ler-0_sShoots_FLT_Rep3	OSDR	OSD-121	Arabidopsis thaliana		shoot	Landsberg ecotype		Space Flight			gravitropism	BRIC-PDFU				microarray		
Atha_Ler-0_sShoots_GC_Rep1	OSDR	OSD-121	Arabidopsis thaliana		shoot	Landsberg ecotype		Ground Control			gravitropism	Orbital Environmental Simulator (OES)				microarray		
Atha_Ler-0_sShoots_GC_Rep2	OSDR	OSD-121	Arabidopsis thaliana		shoot	Landsberg ecotype		Ground Control			gravitropism	Orbital Environmental Simulator (OES)				microarray		
Atha_Ler-0_sShoots_GC_Rep3	OSDR	OSD-121	Arabidopsis thaliana		shoot	Landsberg ecotype		Ground Control			gravitropism	Orbital Environmental Simulator (OES)				microarray		
Atha_Col-0_HypocotylCC_ARG1-KO_FLT_Rep1	OSDR	OSD-147	Arabidopsis thaliana		hypocotyl		14 {day}	Space Flight			gravitropism	BRIC			ARG1 KO	microarray		
Atha_Col-0_HypocotylCC_ARG1-KO_FLT_Rep2	OSDR	OSD-147	Arabidopsis thaliana		hypocotyl		14 {day}	Space Flight			gravitropism	BRIC			ARG1 KO	microarray		
Atha_Col-0_HypocotylCC_ARG1-KO_FLT_Rep3	OSDR	OSD-147	Arabidopsis thaliana		hypocotyl		14 {day}	Space Flight			gravitropism	BRIC			ARG1 KO	microarray		
Atha_Col-0_HypocotylCC_ARG1-KO_FLT_Rep4	OSDR	OSD-147	Arabidopsis thaliana		hypocotyl		14 {day}	Space Flight			gravitropism	BRIC			ARG1 KO	microarray		
Atha_Col-0_HypocotylCC_ARG1-KO_GC_Rep1	OSDR	OSD-147	Arabidopsis thaliana		hypocotyl		14 {day}	Ground Control			gravitropism	BRIC			ARG1 KO	microarray		
Atha_Col-0_HypocotylCC_ARG1-KO_GC_Rep2	OSDR	OSD-147	Arabidopsis thaliana		hypocotyl		14 {day}	Ground Control			gravitropism	BRIC			ARG1 KO	microarray		
Atha_Col-0_HypocotylCC_ARG1-KO_GC_Rep3	OSDR	OSD-147	Arabidopsis thaliana		hypocotyl		14 {day}	Ground Control			gravitropism	BRIC			ARG1 KO	microarray		
Atha_Col-0_HypocotylCC_ARG1-KO_GC_Rep4	OSDR	OSD-147	Arabidopsis thaliana		hypocotyl		14 {day}	Ground Control			gravitropism	BRIC			ARG1 KO	microarray		
Atha_Col-0_HypocotylCC_WT_FLT_Rep1	OSDR	OSD-147	Arabidopsis thaliana		hypocotyl		14 {day}	Space Flight			gravitropism	BRIC			Wild Type	microarray		
Atha_Col-0_HypocotylCC_WT_FLT_Rep2	OSDR	OSD-147	Arabidopsis thaliana		hypocotyl		14 {day}	Space Flight			gravitropism	BRIC			Wild Type	microarray		
Atha_Col-0_HypocotylCC_WT_FLT_Rep3	OSDR	OSD-147	Arabidopsis thaliana		hypocotyl		14 {day}	Space Flight			gravitropism	BRIC			Wild Type	microarray		
Atha_Col-0_HypocotylCC_WT_FLT_Rep4	OSDR	OSD-147	Arabidopsis thaliana		hypocotyl		14 {day}	Space Flight			gravitropism	BRIC			Wild Type	microarray		
Atha_Col-0_HypocotylCC_WT_FLT_Rep5	OSDR	OSD-147	Arabidopsis thaliana		hypocotyl		14 {day}	Space Flight			gravitropism	BRIC			Wild Type	microarray		
Atha_Col-0_HypocotylCC_WT_GC_Rep1	OSDR	OSD-147	Arabidopsis thaliana		hypocotyl		14 {day}	Ground Control			gravitropism	BRIC			Wild Type	microarray		
Atha_Col-0_HypocotylCC_WT_GC_Rep2	OSDR	OSD-147	Arabidopsis thaliana		hypocotyl		14 {day}	Ground Control			gravitropism	BRIC			Wild Type	microarray		
Atha_Col-0_HypocotylCC_WT_GC_Rep3	OSDR	OSD-147	Arabidopsis thaliana		hypocotyl		14 {day}	Ground Control			gravitropism	BRIC			Wild Type	microarray		
Atha_Col-0_HypocotylCC_WT_GC_Rep4	OSDR	OSD-147	Arabidopsis thaliana		hypocotyl		14 {day}	Ground Control			gravitropism	BRIC			Wild Type	microarray		
Atha_Col-0_HypocotylCC_WT_GC_Rep5	OSDR	OSD-147	Arabidopsis thaliana		hypocotyl		14 {day}	Ground Control			gravitropism	BRIC			Wild Type	microarray		
Atha_Col-0_UdCC_FLT_BB2	OSDR	OSD-17	Arabidopsis thaliana		seedling	Col-0	7 {day}	Space Flight			gravitropism					microarray		
Atha_Col-0_UdCC_FLT_BB3	OSDR	OSD-17	Arabidopsis thaliana		seedling	Col-0	7 {day}	Space Flight			gravitropism					microarray		
Atha_Col-0_UdCC_FLT_BB4	OSDR	OSD-17	Arabidopsis thaliana		seedling	Col-0	7 {day}	Space Flight			gravitropism					microarray		
Atha_Col-0_UdCC_FLT_BB5	OSDR	OSD-17	Arabidopsis thaliana		seedling	Col-0	7 {day}	Space Flight			gravitropism					microarray		
Atha_Col-0_UdCC_FLT_BG2	OSDR	OSD-17	Arabidopsis thaliana		seedling	Col-0	7 {day}	Space Flight			gravitropism					microarray		
Atha_Col-0_UdCC_FLT_BG3	OSDR	OSD-17	Arabidopsis thaliana		seedling	Col-0	7 {day}	Space Flight			gravitropism					microarray		
Atha_Col-0_UdCC_GC_BB2	OSDR	OSD-17	Arabidopsis thaliana		seedling	Col-0	7 {day}	Ground Control			gravitropism					microarray		
Atha_Col-0_UdCC_GC_BB3	OSDR	OSD-17	Arabidopsis thaliana		seedling	Col-0	7 {day}	Ground Control			gravitropism					microarray		
Atha_Col-0_UdCC_GC_BB4	OSDR	OSD-17	Arabidopsis thaliana		seedling	Col-0	7 {day}	Ground Control			gravitropism					microarray		
Atha_Col-0_UdCC_GC_BB5	OSDR	OSD-17	Arabidopsis thaliana		seedling	Col-0	7 {day}	Ground Control			gravitropism					microarray		
Atha_Col-0_UdCC_GC_BG2	OSDR	OSD-17	Arabidopsis thaliana		seedling	Col-0	7 {day}	Ground Control			gravitropism					microarray		
Atha_Col-0_UdCC_GC_BG3	OSDR	OSD-17	Arabidopsis thaliana		seedling	Col-0	7 {day}	Ground Control			gravitropism					microarray		
Atha_Col-0_sl_FLT_BA1	OSDR	OSD-17	Arabidopsis thaliana		seedling	Col-0	7 {day}	Space Flight			gravitropism					microarray		
Atha_Col-0_sl_FLT_BA2	OSDR	OSD-17	Arabidopsis thaliana		seedling	Col-0	7 {day}	Space Flight			gravitropism					microarray		
Atha_Col-0_sl_FLT_BA3	OSDR	OSD-17	Arabidopsis thaliana		seedling	Col-0	7 {day}	Space Flight			gravitropism					microarray		
Atha_Col-0_sl_FLT_BA4	OSDR	OSD-17	Arabidopsis thaliana		seedling	Col-0	7 {day}	Space Flight			gravitropism					microarray		
Atha_Col-0_sl_FLT_BA5	OSDR	OSD-17	Arabidopsis thaliana		seedling	Col-0	7 {day}	Space Flight			gravitropism					microarray		
Atha_Col-0_sl_FLT_BG1	OSDR	OSD-17	Arabidopsis thaliana		seedling	Col-0	7 {day}	Space Flight			gravitropism					microarray		
Atha_Col-0_sl_GC_BA1	OSDR	OSD-17	Arabidopsis thaliana		seedling	Col-0	7 {day}	Ground Control			gravitropism					microarray		
Atha_Col-0_sl_GC_BA2	OSDR	OSD-17	Arabidopsis thaliana		seedling	Col-0	7 {day}	Ground Control			gravitropism					microarray		
Atha_Col-0_sl_GC_BA3	OSDR	OSD-17	Arabidopsis thaliana		seedling	Col-0	7 {day}	Ground Control			gravitropism					microarray		
Atha_Col-0_sl_GC_BA4	OSDR	OSD-17	Arabidopsis thaliana		seedling	Col-0	7 {day}	Ground Control			gravitropism					microarray		
Atha_Col-0_sl_GC_BA5	OSDR	OSD-17	Arabidopsis thaliana		seedling	Col-0	7 {day}	Ground Control			gravitropism					microarray		
Atha_Col-0_sl_GC_BG1	OSDR	OSD-17	Arabidopsis thaliana		seedling	Col-0	7 {day}	Ground Control			gravitropism					microarray		
GSM2516735	OSDR	OSD-193	Arabidopsis thaliana		seedling			Ground Control			phototropism	Vegetable Production System (Veggie)			Col-0	RNA-seq		/mnt/shared-workspace/raw_osdr/counts/OSD-193_unnormalized_counts.csv
GSM2516736	OSDR	OSD-193	Arabidopsis thaliana		seedling			Ground Control			phototropism	Vegetable Production System (Veggie)			Col-0	RNA-seq		/mnt/shared-workspace/raw_osdr/counts/OSD-193_unnormalized_counts.csv
GSM2516737	OSDR	OSD-193	Arabidopsis thaliana		seedling			Ground Control			phototropism	Vegetable Production System (Veggie)			Col-0	RNA-seq		/mnt/shared-workspace/raw_osdr/counts/OSD-193_unnormalized_counts.csv
GSM2516738	OSDR	OSD-193	Arabidopsis thaliana		seedling			Ground Control			phototropism	Vegetable Production System (Veggie)			Col-0	RNA-seq		/mnt/shared-workspace/raw_osdr/counts/OSD-193_unnormalized_counts.csv
GSM2516739	OSDR	OSD-193	Arabidopsis thaliana		seedling			Space Flight			phototropism	Vegetable Production System (Veggie)			Col-0	RNA-seq		/mnt/shared-workspace/raw_osdr/counts/OSD-193_unnormalized_counts.csv
GSM2516740	OSDR	OSD-193	Arabidopsis thaliana		seedling			Space Flight			phototropism	Vegetable Production System (Veggie)			Col-0	RNA-seq		/mnt/shared-workspace/raw_osdr/counts/OSD-193_unnormalized_counts.csv
GSM2516741	OSDR	OSD-193	Arabidopsis thaliana		seedling			Space Flight			phototropism	Vegetable Production System (Veggie)			Col-0	RNA-seq		/mnt/shared-workspace/raw_osdr/counts/OSD-193_unnormalized_counts.csv
GSM2516742	OSDR	OSD-193	Arabidopsis thaliana		seedling			Space Flight			phototropism	Vegetable Production System (Veggie)			Col-0	RNA-seq		/mnt/shared-workspace/raw_osdr/counts/OSD-193_unnormalized_counts.csv
GSM2516743	OSDR	OSD-193	Arabidopsis thaliana		seedling			Ground Control			phototropism	Vegetable Production System (Veggie)			Sku6	RNA-seq		/mnt/shared-workspace/raw_osdr/counts/OSD-193_unnormalized_counts.csv
GSM2516744	OSDR	OSD-193	Arabidopsis thaliana		seedling			Ground Control			phototropism	Vegetable Production System (Veggie)			Sku6	RNA-seq		/mnt/shared-workspace/raw_osdr/counts/OSD-193_unnormalized_counts.csv
GSM2516745	OSDR	OSD-193	Arabidopsis thaliana		seedling			Ground Control			phototropism	Vegetable Production System (Veggie)			Sku6	RNA-seq		/mnt/shared-workspace/raw_osdr/counts/OSD-193_unnormalized_counts.csv
GSM2516746	OSDR	OSD-193	Arabidopsis thaliana		seedling			Ground Control			phototropism	Vegetable Production System (Veggie)			Sku6	RNA-seq		/mnt/shared-workspace/raw_osdr/counts/OSD-193_unnormalized_counts.csv
GSM2516747	OSDR	OSD-193	Arabidopsis thaliana		seedling			Space Flight			phototropism	Vegetable Production System (Veggie)			Sku6	RNA-seq		/mnt/shared-workspace/raw_osdr/counts/OSD-193_unnormalized_counts.csv
GSM2516748	OSDR	OSD-193	Arabidopsis thaliana		seedling			Space Flight			phototropism	Vegetable Production System (Veggie)			Sku6	RNA-seq		/mnt/shared-workspace/raw_osdr/counts/OSD-193_unnormalized_counts.csv
GSM2516749	OSDR	OSD-193	Arabidopsis thaliana		seedling			Space Flight			phototropism	Vegetable Production System (Veggie)			Sku6	RNA-seq		/mnt/shared-workspace/raw_osdr/counts/OSD-193_unnormalized_counts.csv
GSM2516750	OSDR	OSD-193	Arabidopsis thaliana		seedling			Space Flight			phototropism	Vegetable Production System (Veggie)			Sku6	RNA-seq		/mnt/shared-workspace/raw_osdr/counts/OSD-193_unnormalized_counts.csv
GSM2516751	OSDR	OSD-193	Arabidopsis thaliana		seedling			Ground Control			phototropism	Vegetable Production System (Veggie)			Col-0	RNA-seq		/mnt/shared-workspace/raw_osdr/counts/OSD-193_unnormalized_counts.csv
GSM2516752	OSDR	OSD-193	Arabidopsis thaliana		seedling			Ground Control			phototropism	Vegetable Production System (Veggie)			Col-0	RNA-seq		/mnt/shared-workspace/raw_osdr/counts/OSD-193_unnormalized_counts.csv
GSM2516753	OSDR	OSD-193	Arabidopsis thaliana		seedling			Ground Control			phototropism	Vegetable Production System (Veggie)			Col-0	RNA-seq		/mnt/shared-workspace/raw_osdr/counts/OSD-193_unnormalized_counts.csv
GSM2516754	OSDR	OSD-193	Arabidopsis thaliana		seedling			Ground Control			phototropism	Vegetable Production System (Veggie)			Col-0	RNA-seq		/mnt/shared-workspace/raw_osdr/counts/OSD-193_unnormalized_counts.csv
GSM2516755	OSDR	OSD-193	Arabidopsis thaliana		seedling			Space Flight			phototropism	Vegetable Production System (Veggie)			Col-0	RNA-seq		/mnt/shared-workspace/raw_osdr/counts/OSD-193_unnormalized_counts.csv
GSM2516756	OSDR	OSD-193	Arabidopsis thaliana		seedling			Space Flight			phototropism	Vegetable Production System (Veggie)			Col-0	RNA-seq		/mnt/shared-workspace/raw_osdr/counts/OSD-193_unnormalized_counts.csv
GSM2516757	OSDR	OSD-193	Arabidopsis thaliana		seedling			Space Flight			phototropism	Vegetable Production System (Veggie)			Col-0	RNA-seq		/mnt/shared-workspace/raw_osdr/counts/OSD-193_unnormalized_counts.csv
GSM2516758	OSDR	OSD-193	Arabidopsis thaliana		seedling			Space Flight			phototropism	Vegetable Production System (Veggie)			Col-0	RNA-seq		/mnt/shared-workspace/raw_osdr/counts/OSD-193_unnormalized_counts.csv
GSM2516759	OSDR	OSD-193	Arabidopsis thaliana		seedling			Ground Control			phototropism	Vegetable Production System (Veggie)			Sku6	RNA-seq		/mnt/shared-workspace/raw_osdr/counts/OSD-193_unnormalized_counts.csv
GSM2516760	OSDR	OSD-193	Arabidopsis thaliana		seedling			Ground Control			phototropism	Vegetable Production System (Veggie)			Sku6	RNA-seq		/mnt/shared-workspace/raw_osdr/counts/OSD-193_unnormalized_counts.csv
GSM2516761	OSDR	OSD-193	Arabidopsis thaliana		seedling			Ground Control			phototropism	Vegetable Production System (Veggie)			Sku6	RNA-seq		/mnt/shared-workspace/raw_osdr/counts/OSD-193_unnormalized_counts.csv
GSM2516762	OSDR	OSD-193	Arabidopsis thaliana		seedling			Ground Control			phototropism	Vegetable Production System (Veggie)			Sku6	RNA-seq		/mnt/shared-workspace/raw_osdr/counts/OSD-193_unnormalized_counts.csv
GSM2516763	OSDR	OSD-193	Arabidopsis thaliana		seedling			Space Flight			phototropism	Vegetable Production System (Veggie)			Sku6	RNA-seq		/mnt/shared-workspace/raw_osdr/counts/OSD-193_unnormalized_counts.csv
GSM2516764	OSDR	OSD-193	Arabidopsis thaliana		seedling			Space Flight			phototropism	Vegetable Production System (Veggie)			Sku6	RNA-seq		/mnt/shared-workspace/raw_osdr/counts/OSD-193_unnormalized_counts.csv
GSM2516765	OSDR	OSD-193	Arabidopsis thaliana		seedling			Space Flight			phototropism	Vegetable Production System (Veggie)			Sku6	RNA-seq		/mnt/shared-workspace/raw_osdr/counts/OSD-193_unnormalized_counts.csv
GSM2516766	OSDR	OSD-193	Arabidopsis thaliana		seedling			Space Flight			phototropism	Vegetable Production System (Veggie)			Sku6	RNA-seq		/mnt/shared-workspace/raw_osdr/counts/OSD-193_unnormalized_counts.csv
Atha_Col-0_HypocotylCC_HSFA2-KO_FLT_Rep1	OSDR	OSD-205	Arabidopsis thaliana		hypocotyl	Col-0	14 {day}	Space Flight			phototropism	BRIC-LED (Biological Research In a Canister - Light Emitting Diode)			HSFA2 KO	microarray		
Atha_Col-0_HypocotylCC_HSFA2-KO_FLT_Rep2	OSDR	OSD-205	Arabidopsis thaliana		hypocotyl	Col-0	14 {day}	Space Flight			phototropism	BRIC-LED (Biological Research In a Canister - Light Emitting Diode)			HSFA2 KO	microarray		
Atha_Col-0_HypocotylCC_HSFA2-KO_FLT_Rep3	OSDR	OSD-205	Arabidopsis thaliana		hypocotyl	Col-0	14 {day}	Space Flight			phototropism	BRIC-LED (Biological Research In a Canister - Light Emitting Diode)			HSFA2 KO	microarray		
Atha_Col-0_HypocotylCC_HSFA2-KO_GC_Rep1	OSDR	OSD-205	Arabidopsis thaliana		hypocotyl	Col-0	14 {day}	Ground Control			phototropism	BRIC-LED (Biological Research In a Canister - Light Emitting Diode)			HSFA2 KO	microarray		
Atha_Col-0_HypocotylCC_HSFA2-KO_GC_Rep2	OSDR	OSD-205	Arabidopsis thaliana		hypocotyl	Col-0	14 {day}	Ground Control			phototropism	BRIC-LED (Biological Research In a Canister - Light Emitting Diode)			HSFA2 KO	microarray		
Atha_Col-0_HypocotylCC_HSFA2-KO_GC_Rep3	OSDR	OSD-205	Arabidopsis thaliana		hypocotyl	Col-0	14 {day}	Ground Control			phototropism	BRIC-LED (Biological Research In a Canister - Light Emitting Diode)			HSFA2 KO	microarray		
Atha_Col-0_HypocotylCC_WT_FLT_Rep1	OSDR	OSD-205	Arabidopsis thaliana		hypocotyl	Col-0	14 {day}	Space Flight			phototropism	BRIC-LED (Biological Research In a Canister - Light Emitting Diode)			Wild Type	microarray		
Atha_Col-0_HypocotylCC_WT_FLT_Rep2	OSDR	OSD-205	Arabidopsis thaliana		hypocotyl	Col-0	14 {day}	Space Flight			phototropism	BRIC-LED (Biological Research In a Canister - Light Emitting Diode)			Wild Type	microarray		
Atha_Col-0_HypocotylCC_WT_FLT_Rep3	OSDR	OSD-205	Arabidopsis thaliana		hypocotyl	Col-0	14 {day}	Space Flight			phototropism	BRIC-LED (Biological Research In a Canister - Light Emitting Diode)			Wild Type	microarray		
Atha_Col-0_HypocotylCC_WT_FLT_Rep4	OSDR	OSD-205	Arabidopsis thaliana		hypocotyl	Col-0	14 {day}	Space Flight			phototropism	BRIC-LED (Biological Research In a Canister - Light Emitting Diode)			Wild Type	microarray		
Atha_Col-0_HypocotylCC_WT_FLT_Rep5	OSDR	OSD-205	Arabidopsis thaliana		hypocotyl	Col-0	14 {day}	Space Flight			phototropism	BRIC-LED (Biological Research In a Canister - Light Emitting Diode)			Wild Type	microarray		
Atha_Col-0_HypocotylCC_WT_GC_Rep1	OSDR	OSD-205	Arabidopsis thaliana		hypocotyl	Col-0	14 {day}	Ground Control			phototropism	BRIC-LED (Biological Research In a Canister - Light Emitting Diode)			Wild Type	microarray		
Atha_Col-0_HypocotylCC_WT_GC_Rep2	OSDR	OSD-205	Arabidopsis thaliana		hypocotyl	Col-0	14 {day}	Ground Control			phototropism	BRIC-LED (Biological Research In a Canister - Light Emitting Diode)			Wild Type	microarray		
Atha_Col-0_HypocotylCC_WT_GC_Rep3	OSDR	OSD-205	Arabidopsis thaliana		hypocotyl	Col-0	14 {day}	Ground Control			phototropism	BRIC-LED (Biological Research In a Canister - Light Emitting Diode)			Wild Type	microarray		
Atha_Col-0_HypocotylCC_WT_GC_Rep4	OSDR	OSD-205	Arabidopsis thaliana		hypocotyl	Col-0	14 {day}	Ground Control			phototropism	BRIC-LED (Biological Research In a Canister - Light Emitting Diode)			Wild Type	microarray		
Atha_Col-0_HypocotylCC_WT_GC_Rep5	OSDR	OSD-205	Arabidopsis thaliana		hypocotyl	Col-0	14 {day}	Ground Control			phototropism	BRIC-LED (Biological Research In a Canister - Light Emitting Diode)			Wild Type	microarray		
GSM2517002	OSDR	OSD-217	Arabidopsis thaliana		seedling	Wassilewskija ecotype		Ground Control			phototropism	Vegetable Production System (Veggie)				RNA-seq		/mnt/shared-workspace/raw_osdr/counts/OSD-217_unnormalized_counts.csv
GSM2517003	OSDR	OSD-217	Arabidopsis thaliana		seedling	Wassilewskija ecotype		Ground Control			phototropism	Vegetable Production System (Veggie)				RNA-seq		/mnt/shared-workspace/raw_osdr/counts/OSD-217_unnormalized_counts.csv
GSM2517004	OSDR	OSD-217	Arabidopsis thaliana		seedling	Wassilewskija ecotype		Ground Control			phototropism	Vegetable Production System (Veggie)				RNA-seq		/mnt/shared-workspace/raw_osdr/counts/OSD-217_unnormalized_counts.csv
GSM2517005	OSDR	OSD-217	Arabidopsis thaliana		seedling	Wassilewskija ecotype		Space Flight			phototropism	Vegetable Production System (Veggie)				RNA-seq		/mnt/shared-workspace/raw_osdr/counts/OSD-217_unnormalized_counts.csv
GSM2517006	OSDR	OSD-217	Arabidopsis thaliana		seedling	Wassilewskija ecotype		Space Flight			phototropism	Vegetable Production System (Veggie)				RNA-seq		/mnt/shared-workspace/raw_osdr/counts/OSD-217_unnormalized_counts.csv
GSM2517007	OSDR	OSD-217	Arabidopsis thaliana		seedling	Wassilewskija ecotype		Space Flight			phototropism	Vegetable Production System (Veggie)				RNA-seq		/mnt/shared-workspace/raw_osdr/counts/OSD-217_unnormalized_counts.csv
GSM2517008	OSDR	OSD-217	Arabidopsis thaliana		seedling	Wassilewskija ecotype		Ground Control			phototropism	Vegetable Production System (Veggie)				RNA-seq		/mnt/shared-workspace/raw_osdr/counts/OSD-217_unnormalized_counts.csv
GSM2517009	OSDR	OSD-217	Arabidopsis thaliana		seedling	Wassilewskija ecotype		Ground Control			phototropism	Vegetable Production System (Veggie)				RNA-seq		/mnt/shared-workspace/raw_osdr/counts/OSD-217_unnormalized_counts.csv
GSM2517010	OSDR	OSD-217	Arabidopsis thaliana		seedling	Wassilewskija ecotype		Ground Control			phototropism	Vegetable Production System (Veggie)				RNA-seq		/mnt/shared-workspace/raw_osdr/counts/OSD-217_unnormalized_counts.csv
GSM2517011	OSDR	OSD-217	Arabidopsis thaliana		seedling	Wassilewskija ecotype		Space Flight			phototropism	Vegetable Production System (Veggie)				RNA-seq		/mnt/shared-workspace/raw_osdr/counts/OSD-217_unnormalized_counts.csv
GSM2517012	OSDR	OSD-217	Arabidopsis thaliana		seedling	Wassilewskija ecotype		Space Flight			phototropism	Vegetable Production System (Veggie)				RNA-seq		/mnt/shared-workspace/raw_osdr/counts/OSD-217_unnormalized_counts.csv
GSM2517013	OSDR	OSD-217	Arabidopsis thaliana		seedling	Wassilewskija ecotype		Space Flight			phototropism	Vegetable Production System (Veggie)				RNA-seq		/mnt/shared-workspace/raw_osdr/counts/OSD-217_unnormalized_counts.csv
Atha_Ws_leaf_FLT_Rep1	OSDR	OSD-217	Arabidopsis thaliana		leaf	Wassilewskija ecotype		Space Flight			phototropism	Vegetable Production System (Veggie)				RNA-seq		/mnt/shared-workspace/raw_osdr/counts/OSD-217_unnormalized_counts.csv
Atha_Ws_leaf_FLT_Rep2	OSDR	OSD-217	Arabidopsis thaliana		leaf	Wassilewskija ecotype		Space Flight			phototropism	Vegetable Production System (Veggie)				RNA-seq		/mnt/shared-workspace/raw_osdr/counts/OSD-217_unnormalized_counts.csv
Atha_Ws_leaf_FLT_Rep3	OSDR	OSD-217	Arabidopsis thaliana		leaf	Wassilewskija ecotype		Space Flight			phototropism	Vegetable Production System (Veggie)				RNA-seq		/mnt/shared-workspace/raw_osdr/counts/OSD-217_unnormalized_counts.csv
Atha_Ws_leaf_GC_Rep1	OSDR	OSD-217	Arabidopsis thaliana		leaf	Wassilewskija ecotype		Ground Control			phototropism	Vegetable Production System (Veggie)				RNA-seq		/mnt/shared-workspace/raw_osdr/counts/OSD-217_unnormalized_counts.csv
Atha_Ws_leaf_GC_Rep2	OSDR	OSD-217	Arabidopsis thaliana		leaf	Wassilewskija ecotype		Ground Control			phototropism	Vegetable Production System (Veggie)				RNA-seq		/mnt/shared-workspace/raw_osdr/counts/OSD-217_unnormalized_counts.csv
Atha_Ws_leaf_GC_Rep3	OSDR	OSD-217	Arabidopsis thaliana		leaf	Wassilewskija ecotype		Ground Control			phototropism	Vegetable Production System (Veggie)				RNA-seq		/mnt/shared-workspace/raw_osdr/counts/OSD-217_unnormalized_counts.csv
Atha_Ws_root_FLT_Rep1	OSDR	OSD-217	Arabidopsis thaliana		root	Wassilewskija ecotype		Space Flight			phototropism	Vegetable Production System (Veggie)				RNA-seq		/mnt/shared-workspace/raw_osdr/counts/OSD-217_unnormalized_counts.csv
Atha_Ws_root_FLT_Rep2	OSDR	OSD-217	Arabidopsis thaliana		root	Wassilewskija ecotype		Space Flight			phototropism	Vegetable Production System (Veggie)				RNA-seq		/mnt/shared-workspace/raw_osdr/counts/OSD-217_unnormalized_counts.csv
Atha_Ws_root_FLT_Rep3	OSDR	OSD-217	Arabidopsis thaliana		root	Wassilewskija ecotype		Space Flight			phototropism	Vegetable Production System (Veggie)				RNA-seq		/mnt/shared-workspace/raw_osdr/counts/OSD-217_unnormalized_counts.csv
Atha_Ws_root_GC_Rep1	OSDR	OSD-217	Arabidopsis thaliana		root	Wassilewskija ecotype		Ground Control			phototropism	Vegetable Production System (Veggie)				RNA-seq		/mnt/shared-workspace/raw_osdr/counts/OSD-217_unnormalized_counts.csv
Atha_Ws_root_GC_Rep2	OSDR	OSD-217	Arabidopsis thaliana		root	Wassilewskija ecotype		Ground Control			phototropism	Vegetable Production System (Veggie)				RNA-seq		/mnt/shared-workspace/raw_osdr/counts/OSD-217_unnormalized_counts.csv
Atha_Ws_root_GC_Rep3	OSDR	OSD-217	Arabidopsis thaliana		root	Wassilewskija ecotype		Ground Control			phototropism	Vegetable Production System (Veggie)				RNA-seq		/mnt/shared-workspace/raw_osdr/counts/OSD-217_unnormalized_counts.csv
SAMN06465142	OSDR	OSD-218	Arabidopsis thaliana		seedling			Space Flight			phototropism	Vegetable Production System (Veggie)				RNA-seq		/mnt/shared-workspace/raw_osdr/counts/OSD-218_unnormalized_counts.csv
SAMN06465144	OSDR	OSD-218	Arabidopsis thaliana		seedling			Space Flight			phototropism	Vegetable Production System (Veggie)				RNA-seq		/mnt/shared-workspace/raw_osdr/counts/OSD-218_unnormalized_counts.csv
SAMN06465146	OSDR	OSD-218	Arabidopsis thaliana		seedling			Space Flight			phototropism	Vegetable Production System (Veggie)				RNA-seq		/mnt/shared-workspace/raw_osdr/counts/OSD-218_unnormalized_counts.csv
SAMN06465148	OSDR	OSD-218	Arabidopsis thaliana		seedling			Space Flight			phototropism	Vegetable Production System (Veggie)				RNA-seq		/mnt/shared-workspace/raw_osdr/counts/OSD-218_unnormalized_counts.csv
SAMN06465150	OSDR	OSD-218	Arabidopsis thaliana		seedling			Ground Control			phototropism	Vegetable Production System (Veggie)				RNA-seq		/mnt/shared-workspace/raw_osdr/counts/OSD-218_unnormalized_counts.csv
SAMN06465152	OSDR	OSD-218	Arabidopsis thaliana		seedling			Ground Control			phototropism	Vegetable Production System (Veggie)				RNA-seq		/mnt/shared-workspace/raw_osdr/counts/OSD-218_unnormalized_counts.csv
SAMN06465155	OSDR	OSD-218	Arabidopsis thaliana		seedling			Ground Control			phototropism	Vegetable Production System (Veggie)				RNA-seq		/mnt/shared-workspace/raw_osdr/counts/OSD-218_unnormalized_counts.csv
SAMN06465157	OSDR	OSD-218	Arabidopsis thaliana		seedling			Ground Control			phototropism	Vegetable Production System (Veggie)				RNA-seq		/mnt/shared-workspace/raw_osdr/counts/OSD-218_unnormalized_counts.csv
SAMN06465160	OSDR	OSD-218	Arabidopsis thaliana		seedling			Space Flight			phototropism	Vegetable Production System (Veggie)				RNA-seq		/mnt/shared-workspace/raw_osdr/counts/OSD-218_unnormalized_counts.csv
SAMN06465163	OSDR	OSD-218	Arabidopsis thaliana		seedling			Space Flight			phototropism	Vegetable Production System (Veggie)				RNA-seq		/mnt/shared-workspace/raw_osdr/counts/OSD-218_unnormalized_counts.csv
SAMN06465165	OSDR	OSD-218	Arabidopsis thaliana		seedling			Space Flight			phototropism	Vegetable Production System (Veggie)				RNA-seq		/mnt/shared-workspace/raw_osdr/counts/OSD-218_unnormalized_counts.csv
SAMN06465168	OSDR	OSD-218	Arabidopsis thaliana		seedling			Space Flight			phototropism	Vegetable Production System (Veggie)				RNA-seq		/mnt/shared-workspace/raw_osdr/counts/OSD-218_unnormalized_counts.csv
SAMN06465170	OSDR	OSD-218	Arabidopsis thaliana		seedling			Ground Control			phototropism	Vegetable Production System (Veggie)				RNA-seq		/mnt/shared-workspace/raw_osdr/counts/OSD-218_unnormalized_counts.csv
SAMN06465172	OSDR	OSD-218	Arabidopsis thaliana		seedling			Ground Control			phototropism	Vegetable Production System (Veggie)				RNA-seq		/mnt/shared-workspace/raw_osdr/counts/OSD-218_unnormalized_counts.csv
SAMN06465174	OSDR	OSD-218	Arabidopsis thaliana		seedling			Ground Control			phototropism	Vegetable Production System (Veggie)				RNA-seq		/mnt/shared-workspace/raw_osdr/counts/OSD-218_unnormalized_counts.csv
SAMN06465177	OSDR	OSD-218	Arabidopsis thaliana		seedling			Ground Control			phototropism	Vegetable Production System (Veggie)				RNA-seq		/mnt/shared-workspace/raw_osdr/counts/OSD-218_unnormalized_counts.csv
SAMN06465179	OSDR	OSD-218	Arabidopsis thaliana		seedling			Ground Control			phototropism	Vegetable Production System (Veggie)				RNA-seq		/mnt/shared-workspace/raw_osdr/counts/OSD-218_unnormalized_counts.csv
SAMN06465181	OSDR	OSD-218	Arabidopsis thaliana		seedling			Space Flight			phototropism	Vegetable Production System (Veggie)				RNA-seq		/mnt/shared-workspace/raw_osdr/counts/OSD-218_unnormalized_counts.csv
SAMN06465183	OSDR	OSD-218	Arabidopsis thaliana		seedling			Space Flight			phototropism	Vegetable Production System (Veggie)				RNA-seq		/mnt/shared-workspace/raw_osdr/counts/OSD-218_unnormalized_counts.csv
SAMN06465187	OSDR	OSD-218	Arabidopsis thaliana		seedling			Space Flight			phototropism	Vegetable Production System (Veggie)				RNA-seq		/mnt/shared-workspace/raw_osdr/counts/OSD-218_unnormalized_counts.csv
SAMN06465190	OSDR	OSD-218	Arabidopsis thaliana		seedling			Space Flight			phototropism	Vegetable Production System (Veggie)				RNA-seq		/mnt/shared-workspace/raw_osdr/counts/OSD-218_unnormalized_counts.csv
SAMN06465194	OSDR	OSD-218	Arabidopsis thaliana		seedling			Ground Control			phototropism	Vegetable Production System (Veggie)				RNA-seq		/mnt/shared-workspace/raw_osdr/counts/OSD-218_unnormalized_counts.csv
SAMN06465197	OSDR	OSD-218	Arabidopsis thaliana		seedling			Ground Control			phototropism	Vegetable Production System (Veggie)				RNA-seq		/mnt/shared-workspace/raw_osdr/counts/OSD-218_unnormalized_counts.csv
SAMN06465201	OSDR	OSD-218	Arabidopsis thaliana		seedling			Ground Control			phototropism	Vegetable Production System (Veggie)				RNA-seq		/mnt/shared-workspace/raw_osdr/counts/OSD-218_unnormalized_counts.csv
SAMN06465267	OSDR	OSD-218	Arabidopsis thaliana		seedling			Space Flight			phototropism	Vegetable Production System (Veggie)				RNA-seq		/mnt/shared-workspace/raw_osdr/counts/OSD-218_unnormalized_counts.csv
SAMN06465268	OSDR	OSD-218	Arabidopsis thaliana		seedling			Space Flight			phototropism	Vegetable Production System (Veggie)				RNA-seq		/mnt/shared-workspace/raw_osdr/counts/OSD-218_unnormalized_counts.csv
SAMN06465269	OSDR	OSD-218	Arabidopsis thaliana		seedling			Space Flight			phototropism	Vegetable Production System (Veggie)				RNA-seq		/mnt/shared-workspace/raw_osdr/counts/OSD-218_unnormalized_counts.csv
SAMN06465270	OSDR	OSD-218	Arabidopsis thaliana		seedling			Space Flight			phototropism	Vegetable Production System (Veggie)				RNA-seq		/mnt/shared-workspace/raw_osdr/counts/OSD-218_unnormalized_counts.csv
SAMN06465272	OSDR	OSD-218	Arabidopsis thaliana		seedling			Ground Control			phototropism	Vegetable Production System (Veggie)				RNA-seq		/mnt/shared-workspace/raw_osdr/counts/OSD-218_unnormalized_counts.csv
SAMN06465273	OSDR	OSD-218	Arabidopsis thaliana		seedling			Ground Control			phototropism	Vegetable Production System (Veggie)				RNA-seq		/mnt/shared-workspace/raw_osdr/counts/OSD-218_unnormalized_counts.csv
SAMN06465275	OSDR	OSD-218	Arabidopsis thaliana		seedling			Ground Control			phototropism	Vegetable Production System (Veggie)				RNA-seq		/mnt/shared-workspace/raw_osdr/counts/OSD-218_unnormalized_counts.csv
SAMN06465276	OSDR	OSD-218	Arabidopsis thaliana		seedling			Ground Control			phototropism	Vegetable Production System (Veggie)				RNA-seq		/mnt/shared-workspace/raw_osdr/counts/OSD-218_unnormalized_counts.csv
SAMN06465142	OSDR	OSD-219	Arabidopsis thaliana		seedling			Space Flight			phototropism	VPS/Veggie				RNA-seq		/mnt/shared-workspace/raw_osdr/counts/OSD-219_unnormalized_counts.csv
SAMN06465144	OSDR	OSD-219	Arabidopsis thaliana		seedling			Space Flight			phototropism	VPS/Veggie				RNA-seq		/mnt/shared-workspace/raw_osdr/counts/OSD-219_unnormalized_counts.csv
SAMN06465146	OSDR	OSD-219	Arabidopsis thaliana		seedling			Space Flight			phototropism	VPS/Veggie				RNA-seq		/mnt/shared-workspace/raw_osdr/counts/OSD-219_unnormalized_counts.csv
SAMN06465148	OSDR	OSD-219	Arabidopsis thaliana		seedling			Space Flight			phototropism	VPS/Veggie				RNA-seq		/mnt/shared-workspace/raw_osdr/counts/OSD-219_unnormalized_counts.csv
SAMN06465150	OSDR	OSD-219	Arabidopsis thaliana		seedling			Ground Control			phototropism	VPS/Veggie				RNA-seq		/mnt/shared-workspace/raw_osdr/counts/OSD-219_unnormalized_counts.csv
SAMN06465152	OSDR	OSD-219	Arabidopsis thaliana		seedling			Ground Control			phototropism	VPS/Veggie				RNA-seq		/mnt/shared-workspace/raw_osdr/counts/OSD-219_unnormalized_counts.csv
SAMN06465155	OSDR	OSD-219	Arabidopsis thaliana		seedling			Ground Control			phototropism	VPS/Veggie				RNA-seq		/mnt/shared-workspace/raw_osdr/counts/OSD-219_unnormalized_counts.csv
SAMN06465157	OSDR	OSD-219	Arabidopsis thaliana		seedling			Ground Control			phototropism	VPS/Veggie				RNA-seq		/mnt/shared-workspace/raw_osdr/counts/OSD-219_unnormalized_counts.csv
SAMN06465160	OSDR	OSD-219	Arabidopsis thaliana		seedling			Space Flight			phototropism	VPS/Veggie				RNA-seq		/mnt/shared-workspace/raw_osdr/counts/OSD-219_unnormalized_counts.csv
SAMN06465163	OSDR	OSD-219	Arabidopsis thaliana		seedling			Space Flight			phototropism	VPS/Veggie				RNA-seq		/mnt/shared-workspace/raw_osdr/counts/OSD-219_unnormalized_counts.csv
SAMN06465165	OSDR	OSD-219	Arabidopsis thaliana		seedling			Space Flight			phototropism	VPS/Veggie				RNA-seq		/mnt/shared-workspace/raw_osdr/counts/OSD-219_unnormalized_counts.csv
SAMN06465168	OSDR	OSD-219	Arabidopsis thaliana		seedling			Space Flight			phototropism	VPS/Veggie				RNA-seq		/mnt/shared-workspace/raw_osdr/counts/OSD-219_unnormalized_counts.csv
SAMN06465170	OSDR	OSD-219	Arabidopsis thaliana		seedling			Ground Control			phototropism	VPS/Veggie				RNA-seq		/mnt/shared-workspace/raw_osdr/counts/OSD-219_unnormalized_counts.csv
SAMN06465172	OSDR	OSD-219	Arabidopsis thaliana		seedling			Ground Control			phototropism	VPS/Veggie				RNA-seq		/mnt/shared-workspace/raw_osdr/counts/OSD-219_unnormalized_counts.csv
SAMN06465174	OSDR	OSD-219	Arabidopsis thaliana		seedling			Ground Control			phototropism	VPS/Veggie				RNA-seq		/mnt/shared-workspace/raw_osdr/counts/OSD-219_unnormalized_counts.csv
SAMN06465177	OSDR	OSD-219	Arabidopsis thaliana		seedling			Ground Control			phototropism	VPS/Veggie				RNA-seq		/mnt/shared-workspace/raw_osdr/counts/OSD-219_unnormalized_counts.csv
SAMN06465179	OSDR	OSD-219	Arabidopsis thaliana		seedling			Ground Control			phototropism	VPS/Veggie				RNA-seq		/mnt/shared-workspace/raw_osdr/counts/OSD-219_unnormalized_counts.csv
SAMN06465181	OSDR	OSD-219	Arabidopsis thaliana		seedling			Space Flight			phototropism	VPS/Veggie				RNA-seq		/mnt/shared-workspace/raw_osdr/counts/OSD-219_unnormalized_counts.csv
SAMN06465183	OSDR	OSD-219	Arabidopsis thaliana		seedling			Space Flight			phototropism	VPS/Veggie				RNA-seq		/mnt/shared-workspace/raw_osdr/counts/OSD-219_unnormalized_counts.csv
SAMN06465187	OSDR	OSD-219	Arabidopsis thaliana		seedling			Space Flight			phototropism	VPS/Veggie				RNA-seq		/mnt/shared-workspace/raw_osdr/counts/OSD-219_unnormalized_counts.csv
SAMN06465190	OSDR	OSD-219	Arabidopsis thaliana		seedling			Space Flight			phototropism	VPS/Veggie				RNA-seq		/mnt/shared-workspace/raw_osdr/counts/OSD-219_unnormalized_counts.csv
SAMN06465194	OSDR	OSD-219	Arabidopsis thaliana		seedling			Ground Control			phototropism	VPS/Veggie				RNA-seq		/mnt/shared-workspace/raw_osdr/counts/OSD-219_unnormalized_counts.csv
SAMN06465197	OSDR	OSD-219	Arabidopsis thaliana		seedling			Ground Control			phototropism	VPS/Veggie				RNA-seq		/mnt/shared-workspace/raw_osdr/counts/OSD-219_unnormalized_counts.csv
SAMN06465201	OSDR	OSD-219	Arabidopsis thaliana		seedling			Ground Control			phototropism	VPS/Veggie				RNA-seq		/mnt/shared-workspace/raw_osdr/counts/OSD-219_unnormalized_counts.csv
SAMN06465267	OSDR	OSD-219	Arabidopsis thaliana		seedling			Space Flight			phototropism	VPS/Veggie				RNA-seq		/mnt/shared-workspace/raw_osdr/counts/OSD-219_unnormalized_counts.csv
SAMN06465268	OSDR	OSD-219	Arabidopsis thaliana		seedling			Space Flight			phototropism	VPS/Veggie				RNA-seq		/mnt/shared-workspace/raw_osdr/counts/OSD-219_unnormalized_counts.csv
SAMN06465269	OSDR	OSD-219	Arabidopsis thaliana		seedling			Space Flight			phototropism	VPS/Veggie				RNA-seq		/mnt/shared-workspace/raw_osdr/counts/OSD-219_unnormalized_counts.csv
SAMN06465270	OSDR	OSD-219	Arabidopsis thaliana		seedling			Space Flight			phototropism	VPS/Veggie				RNA-seq		/mnt/shared-workspace/raw_osdr/counts/OSD-219_unnormalized_counts.csv
SAMN06465272	OSDR	OSD-219	Arabidopsis thaliana		seedling			Ground Control			phototropism	VPS/Veggie				RNA-seq		/mnt/shared-workspace/raw_osdr/counts/OSD-219_unnormalized_counts.csv
SAMN06465273	OSDR	OSD-219	Arabidopsis thaliana		seedling			Ground Control			phototropism	VPS/Veggie				RNA-seq		/mnt/shared-workspace/raw_osdr/counts/OSD-219_unnormalized_counts.csv
SAMN06465275	OSDR	OSD-219	Arabidopsis thaliana		seedling			Ground Control			phototropism	VPS/Veggie				RNA-seq		/mnt/shared-workspace/raw_osdr/counts/OSD-219_unnormalized_counts.csv
SAMN06465276	OSDR	OSD-219	Arabidopsis thaliana		seedling			Ground Control			phototropism	VPS/Veggie				RNA-seq		/mnt/shared-workspace/raw_osdr/counts/OSD-219_unnormalized_counts.csv
F03	OSDR	OSD-223	Arabidopsis thaliana		seedling			Space Flight			gravitropism	European Modular Cultivation System (EMCS)			InsP 5-ptase Transgenic	RNA-seq		/mnt/shared-workspace/raw_osdr/counts/OSD-223_unnormalized_counts.csv
F08	OSDR	OSD-223	Arabidopsis thaliana		seedling			Space Flight			gravitropism	European Modular Cultivation System (EMCS)			Wild Type	RNA-seq		/mnt/shared-workspace/raw_osdr/counts/OSD-223_unnormalized_counts.csv
F13	OSDR	OSD-223	Arabidopsis thaliana		seedling			Space Flight			gravitropism	European Modular Cultivation System (EMCS)			InsP 5-ptase Transgenic	RNA-seq		/mnt/shared-workspace/raw_osdr/counts/OSD-223_unnormalized_counts.csv
F18	OSDR	OSD-223	Arabidopsis thaliana		seedling			Space Flight			gravitropism	European Modular Cultivation System (EMCS)			Wild Type	RNA-seq		/mnt/shared-workspace/raw_osdr/counts/OSD-223_unnormalized_counts.csv
F23	OSDR	OSD-223	Arabidopsis thaliana		seedling			Space Flight			gravitropism	European Modular Cultivation System (EMCS)			InsP 5-ptase Transgenic	RNA-seq		/mnt/shared-workspace/raw_osdr/counts/OSD-223_unnormalized_counts.csv
F28	OSDR	OSD-223	Arabidopsis thaliana		seedling			Space Flight			gravitropism	European Modular Cultivation System (EMCS)			Wild Type	RNA-seq		/mnt/shared-workspace/raw_osdr/counts/OSD-223_unnormalized_counts.csv
F33	OSDR	OSD-223	Arabidopsis thaliana		seedling			Space Flight			gravitropism	European Modular Cultivation System (EMCS)			InsP 5-ptase Transgenic	RNA-seq		/mnt/shared-workspace/raw_osdr/counts/OSD-223_unnormalized_counts.csv
F38	OSDR	OSD-223	Arabidopsis thaliana		seedling			Space Flight			gravitropism	European Modular Cultivation System (EMCS)			Wild Type	RNA-seq		/mnt/shared-workspace/raw_osdr/counts/OSD-223_unnormalized_counts.csv
F43	OSDR	OSD-223	Arabidopsis thaliana		seedling			Space Flight			gravitropism	European Modular Cultivation System (EMCS)			InsP 5-ptase Transgenic	RNA-seq		/mnt/shared-workspace/raw_osdr/counts/OSD-223_unnormalized_counts.csv
F48	OSDR	OSD-223	Arabidopsis thaliana		seedling			Space Flight			gravitropism	European Modular Cultivation System (EMCS)			Wild Type	RNA-seq		/mnt/shared-workspace/raw_osdr/counts/OSD-223_unnormalized_counts.csv
F53	OSDR	OSD-223	Arabidopsis thaliana		seedling			Space Flight			gravitropism	European Modular Cultivation System (EMCS)			InsP 5-ptase Transgenic	RNA-seq		/mnt/shared-workspace/raw_osdr/counts/OSD-223_unnormalized_counts.csv
F58	OSDR	OSD-223	Arabidopsis thaliana		seedling			Space Flight			gravitropism	European Modular Cultivation System (EMCS)			Wild Type	RNA-seq		/mnt/shared-workspace/raw_osdr/counts/OSD-223_unnormalized_counts.csv
F63	OSDR	OSD-223	Arabidopsis thaliana		seedling			Space Flight			gravitropism	European Modular Cultivation System (EMCS)			InsP 5-ptase Transgenic	RNA-seq		/mnt/shared-workspace/raw_osdr/counts/OSD-223_unnormalized_counts.csv
F68	OSDR	OSD-223	Arabidopsis thaliana		seedling			Space Flight			gravitropism	European Modular Cultivation System (EMCS)			Wild Type	RNA-seq		/mnt/shared-workspace/raw_osdr/counts/OSD-223_unnormalized_counts.csv
F73	OSDR	OSD-223	Arabidopsis thaliana		seedling			Space Flight			gravitropism	European Modular Cultivation System (EMCS)			InsP 5-ptase Transgenic	RNA-seq		/mnt/shared-workspace/raw_osdr/counts/OSD-223_unnormalized_counts.csv
F78	OSDR	OSD-223	Arabidopsis thaliana		seedling			Space Flight			gravitropism	European Modular Cultivation System (EMCS)			Wild Type	RNA-seq		/mnt/shared-workspace/raw_osdr/counts/OSD-223_unnormalized_counts.csv
FLS13	OSDR	OSD-223	Arabidopsis thaliana		seedling			Space Flight			gravitropism	European Modular Cultivation System (EMCS)			InsP 5-ptase Transgenic	RNA-seq		/mnt/shared-workspace/raw_osdr/counts/OSD-223_unnormalized_counts.csv
FLS18	OSDR	OSD-223	Arabidopsis thaliana		seedling			Space Flight			gravitropism	European Modular Cultivation System (EMCS)			Wild Type	RNA-seq		/mnt/shared-workspace/raw_osdr/counts/OSD-223_unnormalized_counts.csv
FLS23	OSDR	OSD-223	Arabidopsis thaliana		seedling			Space Flight			gravitropism	European Modular Cultivation System (EMCS)			InsP 5-ptase Transgenic	RNA-seq		/mnt/shared-workspace/raw_osdr/counts/OSD-223_unnormalized_counts.csv
FLS28	OSDR	OSD-223	Arabidopsis thaliana		seedling			Space Flight			gravitropism	European Modular Cultivation System (EMCS)			Wild Type	RNA-seq		/mnt/shared-workspace/raw_osdr/counts/OSD-223_unnormalized_counts.csv
FLS33	OSDR	OSD-223	Arabidopsis thaliana		seedling			Space Flight			gravitropism	European Modular Cultivation System (EMCS)			InsP 5-ptase Transgenic	RNA-seq		/mnt/shared-workspace/raw_osdr/counts/OSD-223_unnormalized_counts.csv
FLS38	OSDR	OSD-223	Arabidopsis thaliana		seedling			Space Flight			gravitropism	European Modular Cultivation System (EMCS)			Wild Type	RNA-seq		/mnt/shared-workspace/raw_osdr/counts/OSD-223_unnormalized_counts.csv
FLS43	OSDR	OSD-223	Arabidopsis thaliana		seedling			Space Flight			gravitropism	European Modular Cultivation System (EMCS)			InsP 5-ptase Transgenic	RNA-seq		/mnt/shared-workspace/raw_osdr/counts/OSD-223_unnormalized_counts.csv
FLS48	OSDR	OSD-223	Arabidopsis thaliana		seedling			Space Flight			gravitropism	European Modular Cultivation System (EMCS)			Wild Type	RNA-seq		/mnt/shared-workspace/raw_osdr/counts/OSD-223_unnormalized_counts.csv
FLS53	OSDR	OSD-223	Arabidopsis thaliana		seedling			Space Flight			gravitropism	European Modular Cultivation System (EMCS)			InsP 5-ptase Transgenic	RNA-seq		/mnt/shared-workspace/raw_osdr/counts/OSD-223_unnormalized_counts.csv
FLS58	OSDR	OSD-223	Arabidopsis thaliana		seedling			Space Flight			gravitropism	European Modular Cultivation System (EMCS)			Wild Type	RNA-seq		/mnt/shared-workspace/raw_osdr/counts/OSD-223_unnormalized_counts.csv
FLS63	OSDR	OSD-223	Arabidopsis thaliana		seedling			Space Flight			gravitropism	European Modular Cultivation System (EMCS)			InsP 5-ptase Transgenic	RNA-seq		/mnt/shared-workspace/raw_osdr/counts/OSD-223_unnormalized_counts.csv
FLS68	OSDR	OSD-223	Arabidopsis thaliana		seedling			Space Flight			gravitropism	European Modular Cultivation System (EMCS)			Wild Type	RNA-seq		/mnt/shared-workspace/raw_osdr/counts/OSD-223_unnormalized_counts.csv
FLS73	OSDR	OSD-223	Arabidopsis thaliana		seedling			Space Flight			gravitropism	European Modular Cultivation System (EMCS)			InsP 5-ptase Transgenic	RNA-seq		/mnt/shared-workspace/raw_osdr/counts/OSD-223_unnormalized_counts.csv
FLS78	OSDR	OSD-223	Arabidopsis thaliana		seedling			Space Flight			gravitropism	European Modular Cultivation System (EMCS)			Wild Type	RNA-seq		/mnt/shared-workspace/raw_osdr/counts/OSD-223_unnormalized_counts.csv
GC01	OSDR	OSD-223	Arabidopsis thaliana		seedling			Ground Control			gravitropism	NASA Ames, Experimental Reference Module (ERM2)			InsP 5-ptase Transgenic	RNA-seq		/mnt/shared-workspace/raw_osdr/counts/OSD-223_unnormalized_counts.csv
GC13	OSDR	OSD-223	Arabidopsis thaliana		seedling			Ground Control			gravitropism	NASA Ames, Experimental Reference Module (ERM2)			InsP 5-ptase Transgenic	RNA-seq		/mnt/shared-workspace/raw_osdr/counts/OSD-223_unnormalized_counts.csv
GC14	OSDR	OSD-223	Arabidopsis thaliana		seedling			Ground Control			gravitropism	NASA Ames, Experimental Reference Module (ERM2)			Wild Type	RNA-seq		/mnt/shared-workspace/raw_osdr/counts/OSD-223_unnormalized_counts.csv
GC16	OSDR	OSD-223	Arabidopsis thaliana		seedling			Ground Control			gravitropism	NASA Ames, Experimental Reference Module (ERM2)			Wild Type	RNA-seq		/mnt/shared-workspace/raw_osdr/counts/OSD-223_unnormalized_counts.csv
GCS1	OSDR	OSD-223	Arabidopsis thaliana		seedling			Ground Control			gravitropism	NASA Ames, Experimental Reference Module (ERM2)			Wild Type	RNA-seq		/mnt/shared-workspace/raw_osdr/counts/OSD-223_unnormalized_counts.csv
GCS13	OSDR	OSD-223	Arabidopsis thaliana		seedling			Ground Control			gravitropism	NASA Ames, Experimental Reference Module (ERM2)			InsP 5-ptase Transgenic	RNA-seq		/mnt/shared-workspace/raw_osdr/counts/OSD-223_unnormalized_counts.csv
GCS14	OSDR	OSD-223	Arabidopsis thaliana		seedling			Ground Control			gravitropism	NASA Ames, Experimental Reference Module (ERM2)			Wild Type	RNA-seq		/mnt/shared-workspace/raw_osdr/counts/OSD-223_unnormalized_counts.csv
GCS17	OSDR	OSD-223	Arabidopsis thaliana		seedling			Ground Control			gravitropism	NASA Ames, Experimental Reference Module (ERM2)			InsP 5-ptase Transgenic	RNA-seq		/mnt/shared-workspace/raw_osdr/counts/OSD-223_unnormalized_counts.csv
GCS18	OSDR	OSD-223	Arabidopsis thaliana		seedling			Ground Control			gravitropism	NASA Ames, Experimental Reference Module (ERM2)			Wild Type	RNA-seq		/mnt/shared-workspace/raw_osdr/counts/OSD-223_unnormalized_counts.csv
GCS2	OSDR	OSD-223	Arabidopsis thaliana		seedling			Ground Control			gravitropism	NASA Ames, Experimental Reference Module (ERM2)			InsP 5-ptase Transgenic	RNA-seq		/mnt/shared-workspace/raw_osdr/counts/OSD-223_unnormalized_counts.csv
Atha_Ler-0_sl_FLT_0.09G_Rep1	OSDR	OSD-251	Arabidopsis thaliana		seedling	Landsberg ecotype		Space Flight			gravitropism	European Modular Cultivation System (EMCS)				RNA-seq		/mnt/shared-workspace/raw_osdr/counts/OSD-251_unnormalized_counts.csv
Atha_Ler-0_sl_FLT_0.09G_Rep2	OSDR	OSD-251	Arabidopsis thaliana		seedling	Landsberg ecotype		Space Flight			gravitropism	European Modular Cultivation System (EMCS)				RNA-seq		/mnt/shared-workspace/raw_osdr/counts/OSD-251_unnormalized_counts.csv
Atha_Ler-0_sl_FLT_0.09G_Rep3	OSDR	OSD-251	Arabidopsis thaliana		seedling	Landsberg ecotype		Space Flight			gravitropism	European Modular Cultivation System (EMCS)				RNA-seq		/mnt/shared-workspace/raw_osdr/counts/OSD-251_unnormalized_counts.csv
Atha_Ler-0_sl_FLT_0.18G_Rep1	OSDR	OSD-251	Arabidopsis thaliana		seedling	Landsberg ecotype		Space Flight			gravitropism	European Modular Cultivation System (EMCS)				RNA-seq		/mnt/shared-workspace/raw_osdr/counts/OSD-251_unnormalized_counts.csv
Atha_Ler-0_sl_FLT_0.18G_Rep2	OSDR	OSD-251	Arabidopsis thaliana		seedling	Landsberg ecotype		Space Flight			gravitropism	European Modular Cultivation System (EMCS)				RNA-seq		/mnt/shared-workspace/raw_osdr/counts/OSD-251_unnormalized_counts.csv
Atha_Ler-0_sl_FLT_0.18G_Rep3	OSDR	OSD-251	Arabidopsis thaliana		seedling	Landsberg ecotype		Space Flight			gravitropism	European Modular Cultivation System (EMCS)				RNA-seq		/mnt/shared-workspace/raw_osdr/counts/OSD-251_unnormalized_counts.csv
Atha_Ler-0_sl_FLT_0.36G_Rep1	OSDR	OSD-251	Arabidopsis thaliana		seedling	Landsberg ecotype		Space Flight			gravitropism	European Modular Cultivation System (EMCS)				RNA-seq		/mnt/shared-workspace/raw_osdr/counts/OSD-251_unnormalized_counts.csv
Atha_Ler-0_sl_FLT_0.36G_Rep2	OSDR	OSD-251	Arabidopsis thaliana		seedling	Landsberg ecotype		Space Flight			gravitropism	European Modular Cultivation System (EMCS)				RNA-seq		/mnt/shared-workspace/raw_osdr/counts/OSD-251_unnormalized_counts.csv
Atha_Ler-0_sl_FLT_0.36G_Rep3	OSDR	OSD-251	Arabidopsis thaliana		seedling	Landsberg ecotype		Space Flight			gravitropism	European Modular Cultivation System (EMCS)				RNA-seq		/mnt/shared-workspace/raw_osdr/counts/OSD-251_unnormalized_counts.csv
Atha_Ler-0_sl_FLT_0.57G_Rep1	OSDR	OSD-251	Arabidopsis thaliana		seedling	Landsberg ecotype		Space Flight			gravitropism	European Modular Cultivation System (EMCS)				RNA-seq		/mnt/shared-workspace/raw_osdr/counts/OSD-251_unnormalized_counts.csv
Atha_Ler-0_sl_FLT_0.57G_Rep2	OSDR	OSD-251	Arabidopsis thaliana		seedling	Landsberg ecotype		Space Flight			gravitropism	European Modular Cultivation System (EMCS)				RNA-seq		/mnt/shared-workspace/raw_osdr/counts/OSD-251_unnormalized_counts.csv
Atha_Ler-0_sl_FLT_0.57G_Rep3	OSDR	OSD-251	Arabidopsis thaliana		seedling	Landsberg ecotype		Space Flight			gravitropism	European Modular Cultivation System (EMCS)				RNA-seq		/mnt/shared-workspace/raw_osdr/counts/OSD-251_unnormalized_counts.csv
Atha_Ler-0_sl_FLT_0.57G_Rep4	OSDR	OSD-251	Arabidopsis thaliana		seedling	Landsberg ecotype		Space Flight			gravitropism	European Modular Cultivation System (EMCS)				RNA-seq		/mnt/shared-workspace/raw_osdr/counts/OSD-251_unnormalized_counts.csv
Atha_Ler-0_sl_FLT_1G_Rep1	OSDR	OSD-251	Arabidopsis thaliana		seedling	Landsberg ecotype		Space Flight			gravitropism	European Modular Cultivation System (EMCS)				RNA-seq		/mnt/shared-workspace/raw_osdr/counts/OSD-251_unnormalized_counts.csv
Atha_Ler-0_sl_FLT_1G_Rep2	OSDR	OSD-251	Arabidopsis thaliana		seedling	Landsberg ecotype		Space Flight			gravitropism	European Modular Cultivation System (EMCS)				RNA-seq		/mnt/shared-workspace/raw_osdr/counts/OSD-251_unnormalized_counts.csv
Atha_Ler-0_sl_FLT_1G_Rep3	OSDR	OSD-251	Arabidopsis thaliana		seedling	Landsberg ecotype		Space Flight			gravitropism	European Modular Cultivation System (EMCS)				RNA-seq		/mnt/shared-workspace/raw_osdr/counts/OSD-251_unnormalized_counts.csv
Atha_Ler-0_sl_FLT_uG_Rep1	OSDR	OSD-251	Arabidopsis thaliana		seedling	Landsberg ecotype		Space Flight			gravitropism	European Modular Cultivation System (EMCS)				RNA-seq		/mnt/shared-workspace/raw_osdr/counts/OSD-251_unnormalized_counts.csv
Atha_Ler-0_sl_FLT_uG_Rep2	OSDR	OSD-251	Arabidopsis thaliana		seedling	Landsberg ecotype		Space Flight			gravitropism	European Modular Cultivation System (EMCS)				RNA-seq		/mnt/shared-workspace/raw_osdr/counts/OSD-251_unnormalized_counts.csv
Atha_Ler-0_sl_FLT_uG_Rep3	OSDR	OSD-251	Arabidopsis thaliana		seedling	Landsberg ecotype		Space Flight			gravitropism	European Modular Cultivation System (EMCS)				RNA-seq		/mnt/shared-workspace/raw_osdr/counts/OSD-251_unnormalized_counts.csv
Atha_Ler-0_sl_FLT_uG_Rep4	OSDR	OSD-251	Arabidopsis thaliana		seedling	Landsberg ecotype		Space Flight			gravitropism	European Modular Cultivation System (EMCS)				RNA-seq		/mnt/shared-workspace/raw_osdr/counts/OSD-251_unnormalized_counts.csv
SAMN06468812	OSDR	OSD-281	Arabidopsis thaliana		seedling			Space Flight			phototropism	Vegetable Production System (Veggie)			WS	RNA-seq		/mnt/shared-workspace/raw_osdr/counts/OSD-281_unnormalized_counts.csv
SAMN06468813	OSDR	OSD-281	Arabidopsis thaliana		seedling			Space Flight			phototropism	Vegetable Production System (Veggie)			WS	RNA-seq		/mnt/shared-workspace/raw_osdr/counts/OSD-281_unnormalized_counts.csv
SAMN06468814	OSDR	OSD-281	Arabidopsis thaliana		seedling			Space Flight			phototropism	Vegetable Production System (Veggie)			WS	RNA-seq		/mnt/shared-workspace/raw_osdr/counts/OSD-281_unnormalized_counts.csv
SAMN06468815	OSDR	OSD-281	Arabidopsis thaliana		seedling			Space Flight			phototropism	Vegetable Production System (Veggie)			WS	RNA-seq		/mnt/shared-workspace/raw_osdr/counts/OSD-281_unnormalized_counts.csv
SAMN06468816	OSDR	OSD-281	Arabidopsis thaliana		seedling			Ground Control			phototropism	Vegetable Production System (Veggie)			WS	RNA-seq		/mnt/shared-workspace/raw_osdr/counts/OSD-281_unnormalized_counts.csv
SAMN06468817	OSDR	OSD-281	Arabidopsis thaliana		seedling			Ground Control			phototropism	Vegetable Production System (Veggie)			WS	RNA-seq		/mnt/shared-workspace/raw_osdr/counts/OSD-281_unnormalized_counts.csv
SAMN06468818	OSDR	OSD-281	Arabidopsis thaliana		seedling			Ground Control			phototropism	Vegetable Production System (Veggie)			WS	RNA-seq		/mnt/shared-workspace/raw_osdr/counts/OSD-281_unnormalized_counts.csv
SAMN06468819	OSDR	OSD-281	Arabidopsis thaliana		seedling			Space Flight			phototropism	Vegetable Production System (Veggie)			Sku5	RNA-seq		/mnt/shared-workspace/raw_osdr/counts/OSD-281_unnormalized_counts.csv
SAMN06468820	OSDR	OSD-281	Arabidopsis thaliana		seedling			Space Flight			phototropism	Vegetable Production System (Veggie)			Sku5	RNA-seq		/mnt/shared-workspace/raw_osdr/counts/OSD-281_unnormalized_counts.csv
SAMN06468821	OSDR	OSD-281	Arabidopsis thaliana		seedling			Ground Control			phototropism	Vegetable Production System (Veggie)			WS	RNA-seq		/mnt/shared-workspace/raw_osdr/counts/OSD-281_unnormalized_counts.csv
SAMN06468822	OSDR	OSD-281	Arabidopsis thaliana		seedling			Space Flight			phototropism	Vegetable Production System (Veggie)			Sku5	RNA-seq		/mnt/shared-workspace/raw_osdr/counts/OSD-281_unnormalized_counts.csv
SAMN06468823	OSDR	OSD-281	Arabidopsis thaliana		seedling			Ground Control			phototropism	Vegetable Production System (Veggie)			Sku5	RNA-seq		/mnt/shared-workspace/raw_osdr/counts/OSD-281_unnormalized_counts.csv
SAMN06468824	OSDR	OSD-281	Arabidopsis thaliana		seedling			Space Flight			phototropism	Vegetable Production System (Veggie)			Sku5	RNA-seq		/mnt/shared-workspace/raw_osdr/counts/OSD-281_unnormalized_counts.csv
SAMN06468825	OSDR	OSD-281	Arabidopsis thaliana		seedling			Ground Control			phototropism	Vegetable Production System (Veggie)			Sku5	RNA-seq		/mnt/shared-workspace/raw_osdr/counts/OSD-281_unnormalized_counts.csv
SAMN06468826	OSDR	OSD-281	Arabidopsis thaliana		seedling			Ground Control			phototropism	Vegetable Production System (Veggie)			Sku5	RNA-seq		/mnt/shared-workspace/raw_osdr/counts/OSD-281_unnormalized_counts.csv
SAMN06468827	OSDR	OSD-281	Arabidopsis thaliana		seedling			Ground Control			phototropism	Vegetable Production System (Veggie)			Sku5	RNA-seq		/mnt/shared-workspace/raw_osdr/counts/OSD-281_unnormalized_counts.csv
SAMN06468828	OSDR	OSD-281	Arabidopsis thaliana		seedling			Ground Control			phototropism	Vegetable Production System (Veggie)			WS	RNA-seq		/mnt/shared-workspace/raw_osdr/counts/OSD-281_unnormalized_counts.csv
SAMN06468829	OSDR	OSD-281	Arabidopsis thaliana		seedling			Space Flight			phototropism	Vegetable Production System (Veggie)			WS	RNA-seq		/mnt/shared-workspace/raw_osdr/counts/OSD-281_unnormalized_counts.csv
SAMN06468830	OSDR	OSD-281	Arabidopsis thaliana		seedling			Space Flight			phototropism	Vegetable Production System (Veggie)			WS	RNA-seq		/mnt/shared-workspace/raw_osdr/counts/OSD-281_unnormalized_counts.csv
SAMN06468831	OSDR	OSD-281	Arabidopsis thaliana		seedling			Space Flight			phototropism	Vegetable Production System (Veggie)			Sku5	RNA-seq		/mnt/shared-workspace/raw_osdr/counts/OSD-281_unnormalized_counts.csv
SAMN06468832	OSDR	OSD-281	Arabidopsis thaliana		seedling			Space Flight			phototropism	Vegetable Production System (Veggie)			WS	RNA-seq		/mnt/shared-workspace/raw_osdr/counts/OSD-281_unnormalized_counts.csv
SAMN06468833	OSDR	OSD-281	Arabidopsis thaliana		seedling			Space Flight			phototropism	Vegetable Production System (Veggie)			WS	RNA-seq		/mnt/shared-workspace/raw_osdr/counts/OSD-281_unnormalized_counts.csv
SAMN06468834	OSDR	OSD-281	Arabidopsis thaliana		seedling			Space Flight			phototropism	Vegetable Production System (Veggie)			Sku5	RNA-seq		/mnt/shared-workspace/raw_osdr/counts/OSD-281_unnormalized_counts.csv
SAMN06468835	OSDR	OSD-281	Arabidopsis thaliana		seedling			Ground Control			phototropism	Vegetable Production System (Veggie)			WS	RNA-seq		/mnt/shared-workspace/raw_osdr/counts/OSD-281_unnormalized_counts.csv
SAMN06468836	OSDR	OSD-281	Arabidopsis thaliana		seedling			Ground Control			phototropism	Vegetable Production System (Veggie)			WS	RNA-seq		/mnt/shared-workspace/raw_osdr/counts/OSD-281_unnormalized_counts.csv
SAMN06468837	OSDR	OSD-281	Arabidopsis thaliana		seedling			Space Flight			phototropism	Vegetable Production System (Veggie)			Sku5	RNA-seq		/mnt/shared-workspace/raw_osdr/counts/OSD-281_unnormalized_counts.csv
SAMN06468838	OSDR	OSD-281	Arabidopsis thaliana		seedling			Ground Control			phototropism	Vegetable Production System (Veggie)			WS	RNA-seq		/mnt/shared-workspace/raw_osdr/counts/OSD-281_unnormalized_counts.csv
SAMN06468839	OSDR	OSD-281	Arabidopsis thaliana		seedling			Space Flight			phototropism	Vegetable Production System (Veggie)			Sku5	RNA-seq		/mnt/shared-workspace/raw_osdr/counts/OSD-281_unnormalized_counts.csv
SAMN06468840	OSDR	OSD-281	Arabidopsis thaliana		seedling			Ground Control			phototropism	Vegetable Production System (Veggie)			Sku5	RNA-seq		/mnt/shared-workspace/raw_osdr/counts/OSD-281_unnormalized_counts.csv
SAMN06468841	OSDR	OSD-281	Arabidopsis thaliana		seedling			Ground Control			phototropism	Vegetable Production System (Veggie)			Sku5	RNA-seq		/mnt/shared-workspace/raw_osdr/counts/OSD-281_unnormalized_counts.csv
SAMN06468842	OSDR	OSD-281	Arabidopsis thaliana		seedling			Ground Control			phototropism	Vegetable Production System (Veggie)			Sku5	RNA-seq		/mnt/shared-workspace/raw_osdr/counts/OSD-281_unnormalized_counts.csv
SAMN06468844	OSDR	OSD-281	Arabidopsis thaliana		seedling			Ground Control			phototropism	Vegetable Production System (Veggie)			Sku5	RNA-seq		/mnt/shared-workspace/raw_osdr/counts/OSD-281_unnormalized_counts.csv
05G4_WT_RED_Col0_03g_Rep1	OSDR	OSD-314	Arabidopsis thaliana		seedling	Col-0		Space Flight			gravitropism	European Modular Cultivation System (EMCS)	SpaceX-6			RNA-seq		/mnt/shared-workspace/raw_osdr/counts/OSD-314_unnormalized_counts.csv
06H4_WT_RED_Col0_03g_Rep2	OSDR	OSD-314	Arabidopsis thaliana		seedling	Col-0		Space Flight			gravitropism	European Modular Cultivation System (EMCS)	SpaceX-6			RNA-seq		/mnt/shared-workspace/raw_osdr/counts/OSD-314_unnormalized_counts.csv
07A5_WT_RED_Col0_03g_Rep3	OSDR	OSD-314	Arabidopsis thaliana		seedling	Col-0		Space Flight			gravitropism	European Modular Cultivation System (EMCS)	SpaceX-6			RNA-seq		/mnt/shared-workspace/raw_osdr/counts/OSD-314_unnormalized_counts.csv
13I4_WT_DARK_Col0_03g_Rep1	OSDR	OSD-314	Arabidopsis thaliana		seedling	Col-0		Space Flight			gravitropism	European Modular Cultivation System (EMCS)	SpaceX-6			RNA-seq		/mnt/shared-workspace/raw_osdr/counts/OSD-314_unnormalized_counts.csv
14J4_WT_DARK_Col0_03g_Rep2	OSDR	OSD-314	Arabidopsis thaliana		seedling	Col-0		Space Flight			gravitropism	European Modular Cultivation System (EMCS)	SpaceX-6			RNA-seq		/mnt/shared-workspace/raw_osdr/counts/OSD-314_unnormalized_counts.csv
15A7_WT_DARK_Col0_03g_Rep3	OSDR	OSD-314	Arabidopsis thaliana		seedling	Col-0		Space Flight			gravitropism	European Modular Cultivation System (EMCS)	SpaceX-6			RNA-seq		/mnt/shared-workspace/raw_osdr/counts/OSD-314_unnormalized_counts.csv
21H5_WT_RED_Col0_1g_Rep1	OSDR	OSD-314	Arabidopsis thaliana		seedling	Col-0		Ground Control			gravitropism	European Modular Cultivation System (EMCS)	Not Applicable			RNA-seq		/mnt/shared-workspace/raw_osdr/counts/OSD-314_unnormalized_counts.csv
22A6_WT_RED_Col0_1g_Rep2	OSDR	OSD-314	Arabidopsis thaliana		seedling	Col-0		Ground Control			gravitropism	European Modular Cultivation System (EMCS)	Not Applicable			RNA-seq		/mnt/shared-workspace/raw_osdr/counts/OSD-314_unnormalized_counts.csv
23B6_WT_RED_Col0_1g_Rep3	OSDR	OSD-314	Arabidopsis thaliana		seedling	Col-0		Ground Control			gravitropism	European Modular Cultivation System (EMCS)	Not Applicable			RNA-seq		/mnt/shared-workspace/raw_osdr/counts/OSD-314_unnormalized_counts.csv
30H7_WT_DARK_Col0_1g_Rep1	OSDR	OSD-314	Arabidopsis thaliana		seedling	Col-0		Ground Control			gravitropism	European Modular Cultivation System (EMCS)	Not Applicable			RNA-seq		/mnt/shared-workspace/raw_osdr/counts/OSD-314_unnormalized_counts.csv
31A8_WT_DARK_Col0_1g_Rep2	OSDR	OSD-314	Arabidopsis thaliana		seedling	Col-0		Ground Control			gravitropism	European Modular Cultivation System (EMCS)	Not Applicable			RNA-seq		/mnt/shared-workspace/raw_osdr/counts/OSD-314_unnormalized_counts.csv
32B8_WT_DARK_Col0_1g_Rep3	OSDR	OSD-314	Arabidopsis thaliana		seedling	Col-0		Ground Control			gravitropism	European Modular Cultivation System (EMCS)	Not Applicable			RNA-seq		/mnt/shared-workspace/raw_osdr/counts/OSD-314_unnormalized_counts.csv
JBA1_WT_DARK_Col0_0g_Rep1	OSDR	OSD-314	Arabidopsis thaliana		seedling	Col-0		Space Flight			gravitropism	European Modular Cultivation System (EMCS)	SpaceX-4			RNA-seq		/mnt/shared-workspace/raw_osdr/counts/OSD-314_unnormalized_counts.csv
JBA3_WT_RED_Col0_0g_Rep2	OSDR	OSD-314	Arabidopsis thaliana		seedling	Col-0		Space Flight			gravitropism	European Modular Cultivation System (EMCS)	SpaceX-4			RNA-seq		/mnt/shared-workspace/raw_osdr/counts/OSD-314_unnormalized_counts.csv
JBB1_WT_DARK_Col0_0g_Rep2	OSDR	OSD-314	Arabidopsis thaliana		seedling	Col-0		Space Flight			gravitropism	European Modular Cultivation System (EMCS)	SpaceX-4			RNA-seq		/mnt/shared-workspace/raw_osdr/counts/OSD-314_unnormalized_counts.csv
JBB3_WT_RED_Col0_0g_Rep3	OSDR	OSD-314	Arabidopsis thaliana		seedling	Col-0		Space Flight			gravitropism	European Modular Cultivation System (EMCS)	SpaceX-4			RNA-seq		/mnt/shared-workspace/raw_osdr/counts/OSD-314_unnormalized_counts.csv
JBH2_WT_RED_Col0_0g_Rep1	OSDR	OSD-314	Arabidopsis thaliana		seedling	Col-0		Space Flight			gravitropism	European Modular Cultivation System (EMCS)	SpaceX-4			RNA-seq		/mnt/shared-workspace/raw_osdr/counts/OSD-314_unnormalized_counts.csv
GSM4486031	OSDR	OSD-321	Arabidopsis thaliana		seedling	Col-0		Space Flight			gravitropism	BRIC-PDFU (Petri Dish Fixation Unit)			bzip28-2	RNA-seq		/mnt/shared-workspace/raw_osdr/counts/OSD-321_unnormalized_counts.csv
GSM4486032	OSDR	OSD-321	Arabidopsis thaliana		seedling	Col-0		Space Flight			gravitropism	BRIC-PDFU (Petri Dish Fixation Unit)			bzip28-2	RNA-seq		/mnt/shared-workspace/raw_osdr/counts/OSD-321_unnormalized_counts.csv
GSM4486033	OSDR	OSD-321	Arabidopsis thaliana		seedling	Col-0		Space Flight			gravitropism	BRIC-PDFU (Petri Dish Fixation Unit)			bzip28-2	RNA-seq		/mnt/shared-workspace/raw_osdr/counts/OSD-321_unnormalized_counts.csv
GSM4486034	OSDR	OSD-321	Arabidopsis thaliana		seedling	Col-0		Space Flight			gravitropism	BRIC-PDFU (Petri Dish Fixation Unit)			bzip28-2	RNA-seq		/mnt/shared-workspace/raw_osdr/counts/OSD-321_unnormalized_counts.csv
GSM4486035	OSDR	OSD-321	Arabidopsis thaliana		seedling	Col-0		Ground Control			gravitropism	BRIC-PDFU (Petri Dish Fixation Unit)			bzip28-2	RNA-seq		/mnt/shared-workspace/raw_osdr/counts/OSD-321_unnormalized_counts.csv
GSM4486036	OSDR	OSD-321	Arabidopsis thaliana		seedling	Col-0		Ground Control			gravitropism	BRIC-PDFU (Petri Dish Fixation Unit)			bzip28-2	RNA-seq		/mnt/shared-workspace/raw_osdr/counts/OSD-321_unnormalized_counts.csv
GSM4486037	OSDR	OSD-321	Arabidopsis thaliana		seedling	Col-0		Ground Control			gravitropism	BRIC-PDFU (Petri Dish Fixation Unit)			bzip28-2	RNA-seq		/mnt/shared-workspace/raw_osdr/counts/OSD-321_unnormalized_counts.csv
GSM4486038	OSDR	OSD-321	Arabidopsis thaliana		seedling	Col-0		Ground Control			gravitropism	BRIC-PDFU (Petri Dish Fixation Unit)			bzip28-2	RNA-seq		/mnt/shared-workspace/raw_osdr/counts/OSD-321_unnormalized_counts.csv
GSM4486039	OSDR	OSD-321	Arabidopsis thaliana		seedling	Col-0		Space Flight			gravitropism	BRIC-PDFU (Petri Dish Fixation Unit)			bzip60-2	RNA-seq		/mnt/shared-workspace/raw_osdr/counts/OSD-321_unnormalized_counts.csv
GSM4486040	OSDR	OSD-321	Arabidopsis thaliana		seedling	Col-0		Space Flight			gravitropism	BRIC-PDFU (Petri Dish Fixation Unit)			bzip60-2	RNA-seq		/mnt/shared-workspace/raw_osdr/counts/OSD-321_unnormalized_counts.csv
GSM4486041	OSDR	OSD-321	Arabidopsis thaliana		seedling	Col-0		Space Flight			gravitropism	BRIC-PDFU (Petri Dish Fixation Unit)			bzip60-2	RNA-seq		/mnt/shared-workspace/raw_osdr/counts/OSD-321_unnormalized_counts.csv
GSM4486042	OSDR	OSD-321	Arabidopsis thaliana		seedling	Col-0		Space Flight			gravitropism	BRIC-PDFU (Petri Dish Fixation Unit)			bzip60-2	RNA-seq		/mnt/shared-workspace/raw_osdr/counts/OSD-321_unnormalized_counts.csv
GSM4486043	OSDR	OSD-321	Arabidopsis thaliana		seedling	Col-0		Ground Control			gravitropism	BRIC-PDFU (Petri Dish Fixation Unit)			bzip60-2	RNA-seq		/mnt/shared-workspace/raw_osdr/counts/OSD-321_unnormalized_counts.csv
GSM4486044	OSDR	OSD-321	Arabidopsis thaliana		seedling	Col-0		Ground Control			gravitropism	BRIC-PDFU (Petri Dish Fixation Unit)			bzip60-2	RNA-seq		/mnt/shared-workspace/raw_osdr/counts/OSD-321_unnormalized_counts.csv
GSM4486045	OSDR	OSD-321	Arabidopsis thaliana		seedling	Col-0		Ground Control			gravitropism	BRIC-PDFU (Petri Dish Fixation Unit)			bzip60-2	RNA-seq		/mnt/shared-workspace/raw_osdr/counts/OSD-321_unnormalized_counts.csv
GSM4486046	OSDR	OSD-321	Arabidopsis thaliana		seedling	Col-0		Ground Control			gravitropism	BRIC-PDFU (Petri Dish Fixation Unit)			bzip60-2	RNA-seq		/mnt/shared-workspace/raw_osdr/counts/OSD-321_unnormalized_counts.csv
GSM4486047	OSDR	OSD-321	Arabidopsis thaliana		seedling	Col-0		Space Flight			gravitropism	BRIC-PDFU (Petri Dish Fixation Unit)			bzip28-2 bzip60-1	RNA-seq		/mnt/shared-workspace/raw_osdr/counts/OSD-321_unnormalized_counts.csv
GSM4486048	OSDR	OSD-321	Arabidopsis thaliana		seedling	Col-0		Space Flight			gravitropism	BRIC-PDFU (Petri Dish Fixation Unit)			bzip28-2 bzip60-1	RNA-seq		/mnt/shared-workspace/raw_osdr/counts/OSD-321_unnormalized_counts.csv
GSM4486049	OSDR	OSD-321	Arabidopsis thaliana		seedling	Col-0		Space Flight			gravitropism	BRIC-PDFU (Petri Dish Fixation Unit)			bzip28-2 bzip60-1	RNA-seq		/mnt/shared-workspace/raw_osdr/counts/OSD-321_unnormalized_counts.csv
GSM4486050	OSDR	OSD-321	Arabidopsis thaliana		seedling	Col-0		Space Flight			gravitropism	BRIC-PDFU (Petri Dish Fixation Unit)			bzip28-2 bzip60-1	RNA-seq		/mnt/shared-workspace/raw_osdr/counts/OSD-321_unnormalized_counts.csv
GSM4486051	OSDR	OSD-321	Arabidopsis thaliana		seedling	Col-0		Space Flight			gravitropism	BRIC-PDFU (Petri Dish Fixation Unit)			bzip28-2 bzip60-1	RNA-seq		/mnt/shared-workspace/raw_osdr/counts/OSD-321_unnormalized_counts.csv
GSM4486052	OSDR	OSD-321	Arabidopsis thaliana		seedling	Col-0		Ground Control			gravitropism	BRIC-PDFU (Petri Dish Fixation Unit)			bzip28-2 bzip60-1	RNA-seq		/mnt/shared-workspace/raw_osdr/counts/OSD-321_unnormalized_counts.csv
GSM4486053	OSDR	OSD-321	Arabidopsis thaliana		seedling	Col-0		Ground Control			gravitropism	BRIC-PDFU (Petri Dish Fixation Unit)			bzip28-2 bzip60-1	RNA-seq		/mnt/shared-workspace/raw_osdr/counts/OSD-321_unnormalized_counts.csv
GSM4486054	OSDR	OSD-321	Arabidopsis thaliana		seedling	Col-0		Ground Control			gravitropism	BRIC-PDFU (Petri Dish Fixation Unit)			bzip28-2 bzip60-1	RNA-seq		/mnt/shared-workspace/raw_osdr/counts/OSD-321_unnormalized_counts.csv
GSM4486055	OSDR	OSD-321	Arabidopsis thaliana		seedling	Col-0		Ground Control			gravitropism	BRIC-PDFU (Petri Dish Fixation Unit)			bzip28-2 bzip60-1	RNA-seq		/mnt/shared-workspace/raw_osdr/counts/OSD-321_unnormalized_counts.csv
GSM4486056	OSDR	OSD-321	Arabidopsis thaliana		seedling	Col-0		Ground Control			gravitropism	BRIC-PDFU (Petri Dish Fixation Unit)			bzip28-2 bzip60-1	RNA-seq		/mnt/shared-workspace/raw_osdr/counts/OSD-321_unnormalized_counts.csv
GSM4486057	OSDR	OSD-321	Arabidopsis thaliana		seedling	Col-0		Space Flight			gravitropism	BRIC-PDFU (Petri Dish Fixation Unit)			ire1a-4 ire1b-2	RNA-seq		/mnt/shared-workspace/raw_osdr/counts/OSD-321_unnormalized_counts.csv
GSM4486058	OSDR	OSD-321	Arabidopsis thaliana		seedling	Col-0		Space Flight			gravitropism	BRIC-PDFU (Petri Dish Fixation Unit)			ire1a-4 ire1b-2	RNA-seq		/mnt/shared-workspace/raw_osdr/counts/OSD-321_unnormalized_counts.csv
GSM4486059	OSDR	OSD-321	Arabidopsis thaliana		seedling	Col-0		Space Flight			gravitropism	BRIC-PDFU (Petri Dish Fixation Unit)			ire1a-4 ire1b-2	RNA-seq		/mnt/shared-workspace/raw_osdr/counts/OSD-321_unnormalized_counts.csv
GSM4486060	OSDR	OSD-321	Arabidopsis thaliana		seedling	Col-0		Space Flight			gravitropism	BRIC-PDFU (Petri Dish Fixation Unit)			ire1a-4 ire1b-2	RNA-seq		/mnt/shared-workspace/raw_osdr/counts/OSD-321_unnormalized_counts.csv
GSM4486061	OSDR	OSD-321	Arabidopsis thaliana		seedling	Col-0		Ground Control			gravitropism	BRIC-PDFU (Petri Dish Fixation Unit)			ire1a-4 ire1b-2	RNA-seq		/mnt/shared-workspace/raw_osdr/counts/OSD-321_unnormalized_counts.csv
GSM4486062	OSDR	OSD-321	Arabidopsis thaliana		seedling	Col-0		Ground Control			gravitropism	BRIC-PDFU (Petri Dish Fixation Unit)			ire1a-4 ire1b-2	RNA-seq		/mnt/shared-workspace/raw_osdr/counts/OSD-321_unnormalized_counts.csv
GSM4486063	OSDR	OSD-321	Arabidopsis thaliana		seedling	Col-0		Ground Control			gravitropism	BRIC-PDFU (Petri Dish Fixation Unit)			ire1a-4 ire1b-2	RNA-seq		/mnt/shared-workspace/raw_osdr/counts/OSD-321_unnormalized_counts.csv
GSM4486064	OSDR	OSD-321	Arabidopsis thaliana		seedling	Col-0		Ground Control			gravitropism	BRIC-PDFU (Petri Dish Fixation Unit)			ire1a-4 ire1b-2	RNA-seq		/mnt/shared-workspace/raw_osdr/counts/OSD-321_unnormalized_counts.csv
GSM4486065	OSDR	OSD-321	Arabidopsis thaliana		seedling	Col-0		Space Flight			gravitropism	BRIC-PDFU (Petri Dish Fixation Unit)			Wild Type	RNA-seq		/mnt/shared-workspace/raw_osdr/counts/OSD-321_unnormalized_counts.csv
GSM4486066	OSDR	OSD-321	Arabidopsis thaliana		seedling	Col-0		Space Flight			gravitropism	BRIC-PDFU (Petri Dish Fixation Unit)			Wild Type	RNA-seq		/mnt/shared-workspace/raw_osdr/counts/OSD-321_unnormalized_counts.csv
GSM4486067	OSDR	OSD-321	Arabidopsis thaliana		seedling	Col-0		Space Flight			gravitropism	BRIC-PDFU (Petri Dish Fixation Unit)			Wild Type	RNA-seq		/mnt/shared-workspace/raw_osdr/counts/OSD-321_unnormalized_counts.csv
GSM4486068	OSDR	OSD-321	Arabidopsis thaliana		seedling	Col-0		Space Flight			gravitropism	BRIC-PDFU (Petri Dish Fixation Unit)			Wild Type	RNA-seq		/mnt/shared-workspace/raw_osdr/counts/OSD-321_unnormalized_counts.csv
GSM4486069	OSDR	OSD-321	Arabidopsis thaliana		seedling	Col-0		Space Flight			gravitropism	BRIC-PDFU (Petri Dish Fixation Unit)			Wild Type	RNA-seq		/mnt/shared-workspace/raw_osdr/counts/OSD-321_unnormalized_counts.csv
GSM4486070	OSDR	OSD-321	Arabidopsis thaliana		seedling	Col-0		Ground Control			gravitropism	BRIC-PDFU (Petri Dish Fixation Unit)			Wild Type	RNA-seq		/mnt/shared-workspace/raw_osdr/counts/OSD-321_unnormalized_counts.csv
GSM4486071	OSDR	OSD-321	Arabidopsis thaliana		seedling	Col-0		Ground Control			gravitropism	BRIC-PDFU (Petri Dish Fixation Unit)			Wild Type	RNA-seq		/mnt/shared-workspace/raw_osdr/counts/OSD-321_unnormalized_counts.csv
GSM4486072	OSDR	OSD-321	Arabidopsis thaliana		seedling	Col-0		Ground Control			gravitropism	BRIC-PDFU (Petri Dish Fixation Unit)			Wild Type	RNA-seq		/mnt/shared-workspace/raw_osdr/counts/OSD-321_unnormalized_counts.csv
GSM4486073	OSDR	OSD-321	Arabidopsis thaliana		seedling	Col-0		Ground Control			gravitropism	BRIC-PDFU (Petri Dish Fixation Unit)			Wild Type	RNA-seq		/mnt/shared-workspace/raw_osdr/counts/OSD-321_unnormalized_counts.csv
GSM4486074	OSDR	OSD-321	Arabidopsis thaliana		seedling	Col-0		Ground Control			gravitropism	BRIC-PDFU (Petri Dish Fixation Unit)			Wild Type	RNA-seq		/mnt/shared-workspace/raw_osdr/counts/OSD-321_unnormalized_counts.csv
Athaliana_PhyA_Sample_112_0G	OSDR	OSD-346	Arabidopsis thaliana		seedling	Landsberg erecta		Space Flight			gravitropism	European Modular Cultivation System (EMCS)			Phytochrome A mutant	RNA-seq		/mnt/shared-workspace/raw_osdr/counts/OSD-346_unnormalized_counts.csv
Athaliana_PhyA_Sample_115_0G	OSDR	OSD-346	Arabidopsis thaliana		seedling	Landsberg erecta		Space Flight			gravitropism	European Modular Cultivation System (EMCS)			Phytochrome A mutant	RNA-seq		/mnt/shared-workspace/raw_osdr/counts/OSD-346_unnormalized_counts.csv
Athaliana_PhyA_Sample_117_0G	OSDR	OSD-346	Arabidopsis thaliana		seedling	Landsberg erecta		Space Flight			gravitropism	European Modular Cultivation System (EMCS)			Phytochrome A mutant	RNA-seq		/mnt/shared-workspace/raw_osdr/counts/OSD-346_unnormalized_counts.csv
Athaliana_PhyA_Sample_119_0G	OSDR	OSD-346	Arabidopsis thaliana		seedling	Landsberg erecta		Space Flight			gravitropism	European Modular Cultivation System (EMCS)			Phytochrome A mutant	RNA-seq		/mnt/shared-workspace/raw_osdr/counts/OSD-346_unnormalized_counts.csv
Athaliana_PhyA_Sample_132_0-08G	OSDR	OSD-346	Arabidopsis thaliana		seedling	Landsberg erecta		Space Flight			gravitropism	European Modular Cultivation System (EMCS)			Phytochrome A mutant	RNA-seq		/mnt/shared-workspace/raw_osdr/counts/OSD-346_unnormalized_counts.csv
Athaliana_PhyA_Sample_134_0-11G	OSDR	OSD-346	Arabidopsis thaliana		seedling	Landsberg erecta		Space Flight			gravitropism	European Modular Cultivation System (EMCS)			Phytochrome A mutant	RNA-seq		/mnt/shared-workspace/raw_osdr/counts/OSD-346_unnormalized_counts.csv
Athaliana_PhyA_Sample_137_0-08G	OSDR	OSD-346	Arabidopsis thaliana		seedling	Landsberg erecta		Space Flight			gravitropism	European Modular Cultivation System (EMCS)			Phytochrome A mutant	RNA-seq		/mnt/shared-workspace/raw_osdr/counts/OSD-346_unnormalized_counts.csv
Athaliana_PhyA_Sample_140_0-13G	OSDR	OSD-346	Arabidopsis thaliana		seedling	Landsberg erecta		Space Flight			gravitropism	European Modular Cultivation System (EMCS)			Phytochrome A mutant	RNA-seq		/mnt/shared-workspace/raw_osdr/counts/OSD-346_unnormalized_counts.csv
Athaliana_PhyA_Sample_152_0-25G	OSDR	OSD-346	Arabidopsis thaliana		seedling	Landsberg erecta		Space Flight			gravitropism	European Modular Cultivation System (EMCS)			Phytochrome A mutant	RNA-seq		/mnt/shared-workspace/raw_osdr/counts/OSD-346_unnormalized_counts.csv
Athaliana_PhyA_Sample_155_0-39G	OSDR	OSD-346	Arabidopsis thaliana		seedling	Landsberg erecta		Space Flight			gravitropism	European Modular Cultivation System (EMCS)			Phytochrome A mutant	RNA-seq		/mnt/shared-workspace/raw_osdr/counts/OSD-346_unnormalized_counts.csv
Athaliana_PhyA_Sample_157_0-25G	OSDR	OSD-346	Arabidopsis thaliana		seedling	Landsberg erecta		Space Flight			gravitropism	European Modular Cultivation System (EMCS)			Phytochrome A mutant	RNA-seq		/mnt/shared-workspace/raw_osdr/counts/OSD-346_unnormalized_counts.csv
Athaliana_PhyA_Sample_159_0-34G	OSDR	OSD-346	Arabidopsis thaliana		seedling	Landsberg erecta		Space Flight			gravitropism	European Modular Cultivation System (EMCS)			Phytochrome A mutant	RNA-seq		/mnt/shared-workspace/raw_osdr/counts/OSD-346_unnormalized_counts.csv
Athaliana_PhyA_Sample_172_0-64G	OSDR	OSD-346	Arabidopsis thaliana		seedling	Landsberg erecta		Space Flight			gravitropism	European Modular Cultivation System (EMCS)			Phytochrome A mutant	RNA-seq		/mnt/shared-workspace/raw_osdr/counts/OSD-346_unnormalized_counts.csv
Athaliana_PhyA_Sample_174_0-88G	OSDR	OSD-346	Arabidopsis thaliana		seedling	Landsberg erecta		Space Flight			gravitropism	European Modular Cultivation System (EMCS)			Phytochrome A mutant	RNA-seq		/mnt/shared-workspace/raw_osdr/counts/OSD-346_unnormalized_counts.csv
Athaliana_PhyA_Sample_177_0-64G	OSDR	OSD-346	Arabidopsis thaliana		seedling	Landsberg erecta		Space Flight			gravitropism	European Modular Cultivation System (EMCS)			Phytochrome A mutant	RNA-seq		/mnt/shared-workspace/raw_osdr/counts/OSD-346_unnormalized_counts.csv
Athaliana_PhyA_Sample_180_1G	OSDR	OSD-346	Arabidopsis thaliana		seedling	Landsberg erecta		Space Flight			gravitropism	European Modular Cultivation System (EMCS)			Phytochrome A mutant	RNA-seq		/mnt/shared-workspace/raw_osdr/counts/OSD-346_unnormalized_counts.csv
Athaliana_PhyA_Sample_212_0-42G	OSDR	OSD-346	Arabidopsis thaliana		seedling	Landsberg erecta		Space Flight			gravitropism	European Modular Cultivation System (EMCS)			Phytochrome A mutant	RNA-seq		/mnt/shared-workspace/raw_osdr/counts/OSD-346_unnormalized_counts.csv
Athaliana_PhyA_Sample_215_0-65G	OSDR	OSD-346	Arabidopsis thaliana		seedling	Landsberg erecta		Space Flight			gravitropism	European Modular Cultivation System (EMCS)			Phytochrome A mutant	RNA-seq		/mnt/shared-workspace/raw_osdr/counts/OSD-346_unnormalized_counts.csv
Athaliana_PhyA_Sample_217_0-42G	OSDR	OSD-346	Arabidopsis thaliana		seedling	Landsberg erecta		Space Flight			gravitropism	European Modular Cultivation System (EMCS)			Phytochrome A mutant	RNA-seq		/mnt/shared-workspace/raw_osdr/counts/OSD-346_unnormalized_counts.csv
Athaliana_PhyA_Sample_219_0-58G	OSDR	OSD-346	Arabidopsis thaliana		seedling	Landsberg erecta		Space Flight			gravitropism	European Modular Cultivation System (EMCS)			Phytochrome A mutant	RNA-seq		/mnt/shared-workspace/raw_osdr/counts/OSD-346_unnormalized_counts.csv
Athaliana_PhyA_Sample_232_0-68G	OSDR	OSD-346	Arabidopsis thaliana		seedling	Landsberg erecta		Space Flight			gravitropism	European Modular Cultivation System (EMCS)			Phytochrome A mutant	RNA-seq		/mnt/shared-workspace/raw_osdr/counts/OSD-346_unnormalized_counts.csv
Athaliana_PhyA_Sample_234_0-92G	OSDR	OSD-346	Arabidopsis thaliana		seedling	Landsberg erecta		Space Flight			gravitropism	European Modular Cultivation System (EMCS)			Phytochrome A mutant	RNA-seq		/mnt/shared-workspace/raw_osdr/counts/OSD-346_unnormalized_counts.csv
Athaliana_PhyA_Sample_237_0-68G	OSDR	OSD-346	Arabidopsis thaliana		seedling	Landsberg erecta		Space Flight			gravitropism	European Modular Cultivation System (EMCS)			Phytochrome A mutant	RNA-seq		/mnt/shared-workspace/raw_osdr/counts/OSD-346_unnormalized_counts.csv
Athaliana_PhyA_Sample_240_1-05G	OSDR	OSD-346	Arabidopsis thaliana		seedling	Landsberg erecta		Space Flight			gravitropism	European Modular Cultivation System (EMCS)			Phytochrome A mutant	RNA-seq		/mnt/shared-workspace/raw_osdr/counts/OSD-346_unnormalized_counts.csv
Athaliana_PhyB_Sample_113_0G	OSDR	OSD-346	Arabidopsis thaliana		seedling	Landsberg erecta		Space Flight			gravitropism	European Modular Cultivation System (EMCS)			Phytochrome B mutant	RNA-seq		/mnt/shared-workspace/raw_osdr/counts/OSD-346_unnormalized_counts.csv
Athaliana_PhyB_Sample_118_0G	OSDR	OSD-346	Arabidopsis thaliana		seedling	Landsberg erecta		Space Flight			gravitropism	European Modular Cultivation System (EMCS)			Phytochrome B mutant	RNA-seq		/mnt/shared-workspace/raw_osdr/counts/OSD-346_unnormalized_counts.csv
Athaliana_PhyB_Sample_133_0-1G	OSDR	OSD-346	Arabidopsis thaliana		seedling	Landsberg erecta		Space Flight			gravitropism	European Modular Cultivation System (EMCS)			Phytochrome B mutant	RNA-seq		/mnt/shared-workspace/raw_osdr/counts/OSD-346_unnormalized_counts.csv
Athaliana_PhyB_Sample_138_0-1G	OSDR	OSD-346	Arabidopsis thaliana		seedling	Landsberg erecta		Space Flight			gravitropism	European Modular Cultivation System (EMCS)			Phytochrome B mutant	RNA-seq		/mnt/shared-workspace/raw_osdr/counts/OSD-346_unnormalized_counts.csv
Athaliana_PhyB_Sample_153_0-3G	OSDR	OSD-346	Arabidopsis thaliana		seedling	Landsberg erecta		Space Flight			gravitropism	European Modular Cultivation System (EMCS)			Phytochrome B mutant	RNA-seq		/mnt/shared-workspace/raw_osdr/counts/OSD-346_unnormalized_counts.csv
Athaliana_PhyB_Sample_158_0-3G	OSDR	OSD-346	Arabidopsis thaliana		seedling	Landsberg erecta		Space Flight			gravitropism	European Modular Cultivation System (EMCS)			Phytochrome B mutant	RNA-seq		/mnt/shared-workspace/raw_osdr/counts/OSD-346_unnormalized_counts.csv
Athaliana_PhyB_Sample_173_0-76G	OSDR	OSD-346	Arabidopsis thaliana		seedling	Landsberg erecta		Space Flight			gravitropism	European Modular Cultivation System (EMCS)			Phytochrome B mutant	RNA-seq		/mnt/shared-workspace/raw_osdr/counts/OSD-346_unnormalized_counts.csv
Athaliana_PhyB_Sample_178_0-76G	OSDR	OSD-346	Arabidopsis thaliana		seedling	Landsberg erecta		Space Flight			gravitropism	European Modular Cultivation System (EMCS)			Phytochrome B mutant	RNA-seq		/mnt/shared-workspace/raw_osdr/counts/OSD-346_unnormalized_counts.csv
Athaliana_PhyB_Sample_213_0-5G	OSDR	OSD-346	Arabidopsis thaliana		seedling	Landsberg erecta		Space Flight			gravitropism	European Modular Cultivation System (EMCS)			Phytochrome B mutant	RNA-seq		/mnt/shared-workspace/raw_osdr/counts/OSD-346_unnormalized_counts.csv
Athaliana_PhyB_Sample_218_0-5G	OSDR	OSD-346	Arabidopsis thaliana		seedling	Landsberg erecta		Space Flight			gravitropism	European Modular Cultivation System (EMCS)			Phytochrome B mutant	RNA-seq		/mnt/shared-workspace/raw_osdr/counts/OSD-346_unnormalized_counts.csv
Athaliana_PhyB_Sample_233_0-8G	OSDR	OSD-346	Arabidopsis thaliana		seedling	Landsberg erecta		Space Flight			gravitropism	European Modular Cultivation System (EMCS)			Phytochrome B mutant	RNA-seq		/mnt/shared-workspace/raw_osdr/counts/OSD-346_unnormalized_counts.csv
Athaliana_PhyB_Sample_238_0-8G	OSDR	OSD-346	Arabidopsis thaliana		seedling	Landsberg erecta		Space Flight			gravitropism	European Modular Cultivation System (EMCS)			Phytochrome B mutant	RNA-seq		/mnt/shared-workspace/raw_osdr/counts/OSD-346_unnormalized_counts.csv
Atha_Col-0_sl-pool_FLT_Rep1_R1-FL-A1	OSDR	OSD-37	Arabidopsis thaliana		seedling		8 {day}	Space Flight			gravitropism	BRIC-PDFU (Petri Dish Fixation Unit)		24 {degree Celsius}		RNA-seq		/mnt/shared-workspace/raw_osdr/counts/OSD-37_unnormalized_counts.csv
Atha_Col-0_sl-pool_FLT_Rep2_R1-FL-A4	OSDR	OSD-37	Arabidopsis thaliana		seedling		8 {day}	Space Flight			gravitropism	BRIC-PDFU (Petri Dish Fixation Unit)		24 {degree Celsius}		RNA-seq		/mnt/shared-workspace/raw_osdr/counts/OSD-37_unnormalized_counts.csv
Atha_Col-0_sl-pool_FLT_Rep3_R1-FL-B1	OSDR	OSD-37	Arabidopsis thaliana		seedling		8 {day}	Space Flight			gravitropism	BRIC-PDFU (Petri Dish Fixation Unit)		24 {degree Celsius}		RNA-seq		/mnt/shared-workspace/raw_osdr/counts/OSD-37_unnormalized_counts.csv
Atha_Col-0_sl-pool_FLT_Rep4_R1-FL-B4	OSDR	OSD-37	Arabidopsis thaliana		seedling		8 {day}	Space Flight			gravitropism	BRIC-PDFU (Petri Dish Fixation Unit)		24 {degree Celsius}		RNA-seq		/mnt/shared-workspace/raw_osdr/counts/OSD-37_unnormalized_counts.csv
Atha_Col-0_sl-pool_FLT_Rep5_R2-FL-A1	OSDR	OSD-37	Arabidopsis thaliana		seedling		8 {day}	Space Flight			gravitropism	BRIC-PDFU (Petri Dish Fixation Unit)		24 {degree Celsius}		RNA-seq		/mnt/shared-workspace/raw_osdr/counts/OSD-37_unnormalized_counts.csv
Atha_Col-0_sl-pool_FLT_Rep6_R2-FL-A4	OSDR	OSD-37	Arabidopsis thaliana		seedling		8 {day}	Space Flight			gravitropism	BRIC-PDFU (Petri Dish Fixation Unit)		24 {degree Celsius}		RNA-seq		/mnt/shared-workspace/raw_osdr/counts/OSD-37_unnormalized_counts.csv
Atha_Col-0_sl-pool_FLT_Rep7_R2-FL-B1	OSDR	OSD-37	Arabidopsis thaliana		seedling		8 {day}	Space Flight			gravitropism	BRIC-PDFU (Petri Dish Fixation Unit)		24 {degree Celsius}		RNA-seq		/mnt/shared-workspace/raw_osdr/counts/OSD-37_unnormalized_counts.csv
Atha_Col-0_sl-pool_FLT_Rep8_R2-FL-B4	OSDR	OSD-37	Arabidopsis thaliana		seedling		8 {day}	Space Flight			gravitropism	BRIC-PDFU (Petri Dish Fixation Unit)		24 {degree Celsius}		RNA-seq		/mnt/shared-workspace/raw_osdr/counts/OSD-37_unnormalized_counts.csv
Atha_Col-0_sl-pool_GC_Rep1_R1-GC-A1	OSDR	OSD-37	Arabidopsis thaliana		seedling		8 {day}	Ground Control			gravitropism	BRIC-PDFU (Petri Dish Fixation Unit)		24 {degree Celsius}		RNA-seq		/mnt/shared-workspace/raw_osdr/counts/OSD-37_unnormalized_counts.csv
Atha_Col-0_sl-pool_GC_Rep2_R1-GC-A4	OSDR	OSD-37	Arabidopsis thaliana		seedling		8 {day}	Ground Control			gravitropism	BRIC-PDFU (Petri Dish Fixation Unit)		24 {degree Celsius}		RNA-seq		/mnt/shared-workspace/raw_osdr/counts/OSD-37_unnormalized_counts.csv
Atha_Col-0_sl-pool_GC_Rep3_R1-GC-B1	OSDR	OSD-37	Arabidopsis thaliana		seedling		8 {day}	Ground Control			gravitropism	BRIC-PDFU (Petri Dish Fixation Unit)		24 {degree Celsius}		RNA-seq		/mnt/shared-workspace/raw_osdr/counts/OSD-37_unnormalized_counts.csv
Atha_Col-0_sl-pool_GC_Rep4_R1-GC-B4	OSDR	OSD-37	Arabidopsis thaliana		seedling		8 {day}	Ground Control			gravitropism	BRIC-PDFU (Petri Dish Fixation Unit)		24 {degree Celsius}		RNA-seq		/mnt/shared-workspace/raw_osdr/counts/OSD-37_unnormalized_counts.csv
Atha_Col-0_sl-pool_GC_Rep5_R2-GC-A1	OSDR	OSD-37	Arabidopsis thaliana		seedling		8 {day}	Ground Control			gravitropism	BRIC-PDFU (Petri Dish Fixation Unit)		24 {degree Celsius}		RNA-seq		/mnt/shared-workspace/raw_osdr/counts/OSD-37_unnormalized_counts.csv
Atha_Col-0_sl-pool_GC_Rep6_R2-GC-A4	OSDR	OSD-37	Arabidopsis thaliana		seedling		8 {day}	Ground Control			gravitropism	BRIC-PDFU (Petri Dish Fixation Unit)		24 {degree Celsius}		RNA-seq		/mnt/shared-workspace/raw_osdr/counts/OSD-37_unnormalized_counts.csv
Atha_Col-0_sl-pool_GC_Rep7_R2-GC-B1	OSDR	OSD-37	Arabidopsis thaliana		seedling		8 {day}	Ground Control			gravitropism	BRIC-PDFU (Petri Dish Fixation Unit)		24 {degree Celsius}		RNA-seq		/mnt/shared-workspace/raw_osdr/counts/OSD-37_unnormalized_counts.csv
Atha_Col-0_sl-pool_GC_Rep8_R2-GC-B4	OSDR	OSD-37	Arabidopsis thaliana		seedling		8 {day}	Ground Control			gravitropism	BRIC-PDFU (Petri Dish Fixation Unit)		24 {degree Celsius}		RNA-seq		/mnt/shared-workspace/raw_osdr/counts/OSD-37_unnormalized_counts.csv
Atha_Cvi-0_sl-pool_FLT_Rep1_R1-FL-C3	OSDR	OSD-37	Arabidopsis thaliana		seedling		8 {day}	Space Flight			gravitropism	BRIC-PDFU (Petri Dish Fixation Unit)		24 {degree Celsius}		RNA-seq		/mnt/shared-workspace/raw_osdr/counts/OSD-37_unnormalized_counts.csv
Atha_Cvi-0_sl-pool_FLT_Rep2_R1-FL-D2	OSDR	OSD-37	Arabidopsis thaliana		seedling		8 {day}	Space Flight			gravitropism	BRIC-PDFU (Petri Dish Fixation Unit)		24 {degree Celsius}		RNA-seq		/mnt/shared-workspace/raw_osdr/counts/OSD-37_unnormalized_counts.csv
Atha_Cvi-0_sl-pool_FLT_Rep3_R1-FL-D5	OSDR	OSD-37	Arabidopsis thaliana		seedling		8 {day}	Space Flight			gravitropism	BRIC-PDFU (Petri Dish Fixation Unit)		24 {degree Celsius}		RNA-seq		/mnt/shared-workspace/raw_osdr/counts/OSD-37_unnormalized_counts.csv
Atha_Cvi-0_sl-pool_FLT_Rep4_R2-FL-C3	OSDR	OSD-37	Arabidopsis thaliana		seedling		8 {day}	Space Flight			gravitropism	BRIC-PDFU (Petri Dish Fixation Unit)		24 {degree Celsius}		RNA-seq		/mnt/shared-workspace/raw_osdr/counts/OSD-37_unnormalized_counts.csv
Atha_Cvi-0_sl-pool_FLT_Rep5_R2-FL-D2	OSDR	OSD-37	Arabidopsis thaliana		seedling		8 {day}	Space Flight			gravitropism	BRIC-PDFU (Petri Dish Fixation Unit)		24 {degree Celsius}		RNA-seq		/mnt/shared-workspace/raw_osdr/counts/OSD-37_unnormalized_counts.csv
Atha_Cvi-0_sl-pool_FLT_Rep6_R2-FL-D5	OSDR	OSD-37	Arabidopsis thaliana		seedling		8 {day}	Space Flight			gravitropism	BRIC-PDFU (Petri Dish Fixation Unit)		24 {degree Celsius}		RNA-seq		/mnt/shared-workspace/raw_osdr/counts/OSD-37_unnormalized_counts.csv
Atha_Cvi-0_sl-pool_GC_Rep1_R1-GC-C3	OSDR	OSD-37	Arabidopsis thaliana		seedling		8 {day}	Ground Control			gravitropism	BRIC-PDFU (Petri Dish Fixation Unit)		24 {degree Celsius}		RNA-seq		/mnt/shared-workspace/raw_osdr/counts/OSD-37_unnormalized_counts.csv
Atha_Cvi-0_sl-pool_GC_Rep2_R1-GC-D2	OSDR	OSD-37	Arabidopsis thaliana		seedling		8 {day}	Ground Control			gravitropism	BRIC-PDFU (Petri Dish Fixation Unit)		24 {degree Celsius}		RNA-seq		/mnt/shared-workspace/raw_osdr/counts/OSD-37_unnormalized_counts.csv
Atha_Cvi-0_sl-pool_GC_Rep3_R1-GC-D5	OSDR	OSD-37	Arabidopsis thaliana		seedling		8 {day}	Ground Control			gravitropism	BRIC-PDFU (Petri Dish Fixation Unit)		24 {degree Celsius}		RNA-seq		/mnt/shared-workspace/raw_osdr/counts/OSD-37_unnormalized_counts.csv
Atha_Cvi-0_sl-pool_GC_Rep4_R2-GC-C3	OSDR	OSD-37	Arabidopsis thaliana		seedling		8 {day}	Ground Control			gravitropism	BRIC-PDFU (Petri Dish Fixation Unit)		24 {degree Celsius}		RNA-seq		/mnt/shared-workspace/raw_osdr/counts/OSD-37_unnormalized_counts.csv
Atha_Cvi-0_sl-pool_GC_Rep5_R2-GC-D2	OSDR	OSD-37	Arabidopsis thaliana		seedling		8 {day}	Ground Control			gravitropism	BRIC-PDFU (Petri Dish Fixation Unit)		24 {degree Celsius}		RNA-seq		/mnt/shared-workspace/raw_osdr/counts/OSD-37_unnormalized_counts.csv
Atha_Cvi-0_sl-pool_GC_Rep6_R2-GC-D5	OSDR	OSD-37	Arabidopsis thaliana		seedling		8 {day}	Ground Control			gravitropism	BRIC-PDFU (Petri Dish Fixation Unit)		24 {degree Celsius}		RNA-seq		/mnt/shared-workspace/raw_osdr/counts/OSD-37_unnormalized_counts.csv
Atha_Ler-0_sl-pool_FLT_Rep1_R1-FL-C2	OSDR	OSD-37	Arabidopsis thaliana		seedling		8 {day}	Space Flight			gravitropism	BRIC-PDFU (Petri Dish Fixation Unit)		24 {degree Celsius}		RNA-seq		/mnt/shared-workspace/raw_osdr/counts/OSD-37_unnormalized_counts.csv
Atha_Ler-0_sl-pool_FLT_Rep2_R1-FL-C5	OSDR	OSD-37	Arabidopsis thaliana		seedling		8 {day}	Space Flight			gravitropism	BRIC-PDFU (Petri Dish Fixation Unit)		24 {degree Celsius}		RNA-seq		/mnt/shared-workspace/raw_osdr/counts/OSD-37_unnormalized_counts.csv
Atha_Ler-0_sl-pool_FLT_Rep3_R1-FL-D3	OSDR	OSD-37	Arabidopsis thaliana		seedling		8 {day}	Space Flight			gravitropism	BRIC-PDFU (Petri Dish Fixation Unit)		24 {degree Celsius}		RNA-seq		/mnt/shared-workspace/raw_osdr/counts/OSD-37_unnormalized_counts.csv
Atha_Ler-0_sl-pool_FLT_Rep4_R2-FL-C2	OSDR	OSD-37	Arabidopsis thaliana		seedling		8 {day}	Space Flight			gravitropism	BRIC-PDFU (Petri Dish Fixation Unit)		24 {degree Celsius}		RNA-seq		/mnt/shared-workspace/raw_osdr/counts/OSD-37_unnormalized_counts.csv
Atha_Ler-0_sl-pool_FLT_Rep5_R2-FL-C5	OSDR	OSD-37	Arabidopsis thaliana		seedling		8 {day}	Space Flight			gravitropism	BRIC-PDFU (Petri Dish Fixation Unit)		24 {degree Celsius}		RNA-seq		/mnt/shared-workspace/raw_osdr/counts/OSD-37_unnormalized_counts.csv
Atha_Ler-0_sl-pool_FLT_Rep6_R2-FL-D3	OSDR	OSD-37	Arabidopsis thaliana		seedling		8 {day}	Space Flight			gravitropism	BRIC-PDFU (Petri Dish Fixation Unit)		24 {degree Celsius}		RNA-seq		/mnt/shared-workspace/raw_osdr/counts/OSD-37_unnormalized_counts.csv
Atha_Ler-0_sl-pool_GC_Rep1_R1-GC-C2	OSDR	OSD-37	Arabidopsis thaliana		seedling		8 {day}	Ground Control			gravitropism	BRIC-PDFU (Petri Dish Fixation Unit)		24 {degree Celsius}		RNA-seq		/mnt/shared-workspace/raw_osdr/counts/OSD-37_unnormalized_counts.csv
Atha_Ler-0_sl-pool_GC_Rep2_R1-GC-C5	OSDR	OSD-37	Arabidopsis thaliana		seedling		8 {day}	Ground Control			gravitropism	BRIC-PDFU (Petri Dish Fixation Unit)		24 {degree Celsius}		RNA-seq		/mnt/shared-workspace/raw_osdr/counts/OSD-37_unnormalized_counts.csv
Atha_Ler-0_sl-pool_GC_Rep3_R1-GC-D3	OSDR	OSD-37	Arabidopsis thaliana		seedling		8 {day}	Ground Control			gravitropism	BRIC-PDFU (Petri Dish Fixation Unit)		24 {degree Celsius}		RNA-seq		/mnt/shared-workspace/raw_osdr/counts/OSD-37_unnormalized_counts.csv
Atha_Ler-0_sl-pool_GC_Rep4_R2-GC-C2	OSDR	OSD-37	Arabidopsis thaliana		seedling		8 {day}	Ground Control			gravitropism	BRIC-PDFU (Petri Dish Fixation Unit)		24 {degree Celsius}		RNA-seq		/mnt/shared-workspace/raw_osdr/counts/OSD-37_unnormalized_counts.csv
Atha_Ler-0_sl-pool_GC_Rep5_R2-GC-C5	OSDR	OSD-37	Arabidopsis thaliana		seedling		8 {day}	Ground Control			gravitropism	BRIC-PDFU (Petri Dish Fixation Unit)		24 {degree Celsius}		RNA-seq		/mnt/shared-workspace/raw_osdr/counts/OSD-37_unnormalized_counts.csv
Atha_Ler-0_sl-pool_GC_Rep6_R2-GC-D3	OSDR	OSD-37	Arabidopsis thaliana		seedling		8 {day}	Ground Control			gravitropism	BRIC-PDFU (Petri Dish Fixation Unit)		24 {degree Celsius}		RNA-seq		/mnt/shared-workspace/raw_osdr/counts/OSD-37_unnormalized_counts.csv
Atha_Ws-2_sl-pool_FLT_Rep1_R1-FL-C1	OSDR	OSD-37	Arabidopsis thaliana		seedling		8 {day}	Space Flight			gravitropism	BRIC-PDFU (Petri Dish Fixation Unit)		24 {degree Celsius}		RNA-seq		/mnt/shared-workspace/raw_osdr/counts/OSD-37_unnormalized_counts.csv
Atha_Ws-2_sl-pool_FLT_Rep2_R1-FL-C4	OSDR	OSD-37	Arabidopsis thaliana		seedling		8 {day}	Space Flight			gravitropism	BRIC-PDFU (Petri Dish Fixation Unit)		24 {degree Celsius}		RNA-seq		/mnt/shared-workspace/raw_osdr/counts/OSD-37_unnormalized_counts.csv
Atha_Ws-2_sl-pool_FLT_Rep3_R1-FL-D1	OSDR	OSD-37	Arabidopsis thaliana		seedling		8 {day}	Space Flight			gravitropism	BRIC-PDFU (Petri Dish Fixation Unit)		24 {degree Celsius}		RNA-seq		/mnt/shared-workspace/raw_osdr/counts/OSD-37_unnormalized_counts.csv
Atha_Ws-2_sl-pool_FLT_Rep4_R1-FL-D4	OSDR	OSD-37	Arabidopsis thaliana		seedling		8 {day}	Space Flight			gravitropism	BRIC-PDFU (Petri Dish Fixation Unit)		24 {degree Celsius}		RNA-seq		/mnt/shared-workspace/raw_osdr/counts/OSD-37_unnormalized_counts.csv
Atha_Ws-2_sl-pool_FLT_Rep5_R2-FL-C1	OSDR	OSD-37	Arabidopsis thaliana		seedling		8 {day}	Space Flight			gravitropism	BRIC-PDFU (Petri Dish Fixation Unit)		24 {degree Celsius}		RNA-seq		/mnt/shared-workspace/raw_osdr/counts/OSD-37_unnormalized_counts.csv
Atha_Ws-2_sl-pool_FLT_Rep6_R2-FL-C4	OSDR	OSD-37	Arabidopsis thaliana		seedling		8 {day}	Space Flight			gravitropism	BRIC-PDFU (Petri Dish Fixation Unit)		24 {degree Celsius}		RNA-seq		/mnt/shared-workspace/raw_osdr/counts/OSD-37_unnormalized_counts.csv
Atha_Ws-2_sl-pool_FLT_Rep7_R2-FL-D1	OSDR	OSD-37	Arabidopsis thaliana		seedling		8 {day}	Space Flight			gravitropism	BRIC-PDFU (Petri Dish Fixation Unit)		24 {degree Celsius}		RNA-seq		/mnt/shared-workspace/raw_osdr/counts/OSD-37_unnormalized_counts.csv
Atha_Ws-2_sl-pool_FLT_Rep8_R2-FL-D4	OSDR	OSD-37	Arabidopsis thaliana		seedling		8 {day}	Space Flight			gravitropism	BRIC-PDFU (Petri Dish Fixation Unit)		24 {degree Celsius}		RNA-seq		/mnt/shared-workspace/raw_osdr/counts/OSD-37_unnormalized_counts.csv
Atha_Ws-2_sl-pool_GC_Rep1_R1-GC-C1	OSDR	OSD-37	Arabidopsis thaliana		seedling		8 {day}	Ground Control			gravitropism	BRIC-PDFU (Petri Dish Fixation Unit)		24 {degree Celsius}		RNA-seq		/mnt/shared-workspace/raw_osdr/counts/OSD-37_unnormalized_counts.csv
Atha_Ws-2_sl-pool_GC_Rep2_R1-GC-C4	OSDR	OSD-37	Arabidopsis thaliana		seedling		8 {day}	Ground Control			gravitropism	BRIC-PDFU (Petri Dish Fixation Unit)		24 {degree Celsius}		RNA-seq		/mnt/shared-workspace/raw_osdr/counts/OSD-37_unnormalized_counts.csv
Atha_Ws-2_sl-pool_GC_Rep3_R1-GC-D1	OSDR	OSD-37	Arabidopsis thaliana		seedling		8 {day}	Ground Control			gravitropism	BRIC-PDFU (Petri Dish Fixation Unit)		24 {degree Celsius}		RNA-seq		/mnt/shared-workspace/raw_osdr/counts/OSD-37_unnormalized_counts.csv
Atha_Ws-2_sl-pool_GC_Rep4_R1-GC-D4	OSDR	OSD-37	Arabidopsis thaliana		seedling		8 {day}	Ground Control			gravitropism	BRIC-PDFU (Petri Dish Fixation Unit)		24 {degree Celsius}		RNA-seq		/mnt/shared-workspace/raw_osdr/counts/OSD-37_unnormalized_counts.csv
Atha_Ws-2_sl-pool_GC_Rep5_R2-GC-C1	OSDR	OSD-37	Arabidopsis thaliana		seedling		8 {day}	Ground Control			gravitropism	BRIC-PDFU (Petri Dish Fixation Unit)		24 {degree Celsius}		RNA-seq		/mnt/shared-workspace/raw_osdr/counts/OSD-37_unnormalized_counts.csv
Atha_Ws-2_sl-pool_GC_Rep6_R2-GC-C4	OSDR	OSD-37	Arabidopsis thaliana		seedling		8 {day}	Ground Control			gravitropism	BRIC-PDFU (Petri Dish Fixation Unit)		24 {degree Celsius}		RNA-seq		/mnt/shared-workspace/raw_osdr/counts/OSD-37_unnormalized_counts.csv
Atha_Ws-2_sl-pool_GC_Rep7_R2-GC-D1	OSDR	OSD-37	Arabidopsis thaliana		seedling		8 {day}	Ground Control			gravitropism	BRIC-PDFU (Petri Dish Fixation Unit)		24 {degree Celsius}		RNA-seq		/mnt/shared-workspace/raw_osdr/counts/OSD-37_unnormalized_counts.csv
Atha_Ws-2_sl-pool_GC_Rep8_R2-GC-D4	OSDR	OSD-37	Arabidopsis thaliana		seedling		8 {day}	Ground Control			gravitropism	BRIC-PDFU (Petri Dish Fixation Unit)		24 {degree Celsius}		RNA-seq		/mnt/shared-workspace/raw_osdr/counts/OSD-37_unnormalized_counts.csv
Atha_WT-Col-0_sl_FLT_Rep1_G1S1_membrane	OSDR	OSD-38	Arabidopsis thaliana		seedling		76 {hour}	Space Flight			gravitropism	BRIC-PDFU		22 {degree Celsius}		RNA-seq		/mnt/shared-workspace/raw_osdr/counts/OSD-38_unnormalized_counts.csv
Atha_WT-Col-0_sl_FLT_Rep1_G1S1_soluble	OSDR	OSD-38	Arabidopsis thaliana		seedling		76 {hour}	Space Flight			gravitropism	BRIC-PDFU		22 {degree Celsius}		RNA-seq		/mnt/shared-workspace/raw_osdr/counts/OSD-38_unnormalized_counts.csv
Atha_WT-Col-0_sl_FLT_Rep2_G1S2_membrane	OSDR	OSD-38	Arabidopsis thaliana		seedling		76 {hour}	Space Flight			gravitropism	BRIC-PDFU		22 {degree Celsius}		RNA-seq		/mnt/shared-workspace/raw_osdr/counts/OSD-38_unnormalized_counts.csv
Atha_WT-Col-0_sl_FLT_Rep2_G1S2_soluble	OSDR	OSD-38	Arabidopsis thaliana		seedling		76 {hour}	Space Flight			gravitropism	BRIC-PDFU		22 {degree Celsius}		RNA-seq		/mnt/shared-workspace/raw_osdr/counts/OSD-38_unnormalized_counts.csv
Atha_WT-Col-0_sl_FLT_Rep3_G1S3_membrane	OSDR	OSD-38	Arabidopsis thaliana		seedling		76 {hour}	Space Flight			gravitropism	BRIC-PDFU		22 {degree Celsius}		RNA-seq		/mnt/shared-workspace/raw_osdr/counts/OSD-38_unnormalized_counts.csv
Atha_WT-Col-0_sl_FLT_Rep3_G1S3_soluble	OSDR	OSD-38	Arabidopsis thaliana		seedling		76 {hour}	Space Flight			gravitropism	BRIC-PDFU		22 {degree Celsius}		RNA-seq		/mnt/shared-workspace/raw_osdr/counts/OSD-38_unnormalized_counts.csv
Atha_WT-Col-0_sl_GC_Rep1_G2S1_membrane	OSDR	OSD-38	Arabidopsis thaliana		seedling		76 {hour}	Ground Control			gravitropism	BRIC-PDFU		22 {degree Celsius}		RNA-seq		/mnt/shared-workspace/raw_osdr/counts/OSD-38_unnormalized_counts.csv
Atha_WT-Col-0_sl_GC_Rep1_G2S1_soluble	OSDR	OSD-38	Arabidopsis thaliana		seedling		76 {hour}	Ground Control			gravitropism	BRIC-PDFU		22 {degree Celsius}		RNA-seq		/mnt/shared-workspace/raw_osdr/counts/OSD-38_unnormalized_counts.csv
Atha_WT-Col-0_sl_GC_Rep2_G2S2_membrane	OSDR	OSD-38	Arabidopsis thaliana		seedling		76 {hour}	Ground Control			gravitropism	BRIC-PDFU		22 {degree Celsius}		RNA-seq		/mnt/shared-workspace/raw_osdr/counts/OSD-38_unnormalized_counts.csv
Atha_WT-Col-0_sl_GC_Rep2_G2S2_soluble	OSDR	OSD-38	Arabidopsis thaliana		seedling		76 {hour}	Ground Control			gravitropism	BRIC-PDFU		22 {degree Celsius}		RNA-seq		/mnt/shared-workspace/raw_osdr/counts/OSD-38_unnormalized_counts.csv
Atha_WT-Col-0_sl_GC_Rep3_G2S3_membrane	OSDR	OSD-38	Arabidopsis thaliana		seedling		76 {hour}	Ground Control			gravitropism	BRIC-PDFU		22 {degree Celsius}		RNA-seq		/mnt/shared-workspace/raw_osdr/counts/OSD-38_unnormalized_counts.csv
Atha_WT-Col-0_sl_GC_Rep3_G2S3_soluble	OSDR	OSD-38	Arabidopsis thaliana		seedling		76 {hour}	Ground Control			gravitropism	BRIC-PDFU		22 {degree Celsius}		RNA-seq		/mnt/shared-workspace/raw_osdr/counts/OSD-38_unnormalized_counts.csv
Atha_WT-Col-0_sl_LN2_Rep1_n2-1_membrane	OSDR	OSD-38	Arabidopsis thaliana		seedling		76 {hour}	Ground Control			gravitropism	BRIC-PDFU		22 {degree Celsius}		RNA-seq		/mnt/shared-workspace/raw_osdr/counts/OSD-38_unnormalized_counts.csv
Atha_WT-Col-0_sl_LN2_Rep1_n2-1_soluble	OSDR	OSD-38	Arabidopsis thaliana		seedling		76 {hour}	Ground Control			gravitropism	BRIC-PDFU		22 {degree Celsius}		RNA-seq		/mnt/shared-workspace/raw_osdr/counts/OSD-38_unnormalized_counts.csv
Atha_WT-Col-0_sl_LN2_Rep2_n2-2_membrane	OSDR	OSD-38	Arabidopsis thaliana		seedling		76 {hour}	Ground Control			gravitropism	BRIC-PDFU		22 {degree Celsius}		RNA-seq		/mnt/shared-workspace/raw_osdr/counts/OSD-38_unnormalized_counts.csv
Atha_WT-Col-0_sl_LN2_Rep2_n2-2_soluble	OSDR	OSD-38	Arabidopsis thaliana		seedling		76 {hour}	Ground Control			gravitropism	BRIC-PDFU		22 {degree Celsius}		RNA-seq		/mnt/shared-workspace/raw_osdr/counts/OSD-38_unnormalized_counts.csv
Atha_WT-Col-0_sl_LN2_Rep3_n2-3_membrane	OSDR	OSD-38	Arabidopsis thaliana		seedling		76 {hour}	Ground Control			gravitropism	BRIC-PDFU		22 {degree Celsius}		RNA-seq		/mnt/shared-workspace/raw_osdr/counts/OSD-38_unnormalized_counts.csv
Atha_WT-Col-0_sl_LN2_Rep3_n2-3_soluble	OSDR	OSD-38	Arabidopsis thaliana		seedling		76 {hour}	Ground Control			gravitropism	BRIC-PDFU		22 {degree Celsius}		RNA-seq		/mnt/shared-workspace/raw_osdr/counts/OSD-38_unnormalized_counts.csv
Atha_WT-Col-0_sl_RNAlat_Rep1_rl1_membrane	OSDR	OSD-38	Arabidopsis thaliana		seedling		76 {hour}	Ground Control			gravitropism	BRIC-PDFU		22 {degree Celsius}		RNA-seq		/mnt/shared-workspace/raw_osdr/counts/OSD-38_unnormalized_counts.csv
Atha_WT-Col-0_sl_RNAlat_Rep1_rl1_soluble	OSDR	OSD-38	Arabidopsis thaliana		seedling		76 {hour}	Ground Control			gravitropism	BRIC-PDFU		22 {degree Celsius}		RNA-seq		/mnt/shared-workspace/raw_osdr/counts/OSD-38_unnormalized_counts.csv
Atha_WT-Col-0_sl_RNAlat_Rep2_rl2_membrane	OSDR	OSD-38	Arabidopsis thaliana		seedling		76 {hour}	Ground Control			gravitropism	BRIC-PDFU		22 {degree Celsius}		RNA-seq		/mnt/shared-workspace/raw_osdr/counts/OSD-38_unnormalized_counts.csv
Atha_WT-Col-0_sl_RNAlat_Rep2_rl2_soluble	OSDR	OSD-38	Arabidopsis thaliana		seedling		76 {hour}	Ground Control			gravitropism	BRIC-PDFU		22 {degree Celsius}		RNA-seq		/mnt/shared-workspace/raw_osdr/counts/OSD-38_unnormalized_counts.csv
Atha_WT-Col-0_sl_RNAlat_Rep3_rl3_membrane	OSDR	OSD-38	Arabidopsis thaliana		seedling		76 {hour}	Ground Control			gravitropism	BRIC-PDFU		22 {degree Celsius}		RNA-seq		/mnt/shared-workspace/raw_osdr/counts/OSD-38_unnormalized_counts.csv
Atha_WT-Col-0_sl_RNAlat_Rep3_rl3_soluble	OSDR	OSD-38	Arabidopsis thaliana		seedling		76 {hour}	Ground Control			gravitropism	BRIC-PDFU		22 {degree Celsius}		RNA-seq		/mnt/shared-workspace/raw_osdr/counts/OSD-38_unnormalized_counts.csv
Atha_WT-Col-0_sl_FLT_Rep1_G1S1	OSDR	OSD-38	Arabidopsis thaliana		seedling		76 {hour}	Space Flight			gravitropism	BRIC-PDFU		22 {degree Celsius}		RNA-seq		/mnt/shared-workspace/raw_osdr/counts/OSD-38_unnormalized_counts.csv
Atha_WT-Col-0_sl_FLT_Rep2_G1S2	OSDR	OSD-38	Arabidopsis thaliana		seedling		76 {hour}	Space Flight			gravitropism	BRIC-PDFU		22 {degree Celsius}		RNA-seq		/mnt/shared-workspace/raw_osdr/counts/OSD-38_unnormalized_counts.csv
Atha_WT-Col-0_sl_FLT_Rep3_G1S3	OSDR	OSD-38	Arabidopsis thaliana		seedling		76 {hour}	Space Flight			gravitropism	BRIC-PDFU		22 {degree Celsius}		RNA-seq		/mnt/shared-workspace/raw_osdr/counts/OSD-38_unnormalized_counts.csv
Atha_WT-Col-0_sl_GC_Rep1_G2S1	OSDR	OSD-38	Arabidopsis thaliana		seedling		76 {hour}	Ground Control			gravitropism	BRIC-PDFU		22 {degree Celsius}		RNA-seq		/mnt/shared-workspace/raw_osdr/counts/OSD-38_unnormalized_counts.csv
Atha_WT-Col-0_sl_GC_Rep2_G2S2	OSDR	OSD-38	Arabidopsis thaliana		seedling		76 {hour}	Ground Control			gravitropism	BRIC-PDFU		22 {degree Celsius}		RNA-seq		/mnt/shared-workspace/raw_osdr/counts/OSD-38_unnormalized_counts.csv
Atha_WT-Col-0_sl_GC_Rep3_G2S3	OSDR	OSD-38	Arabidopsis thaliana		seedling		76 {hour}	Ground Control			gravitropism	BRIC-PDFU		22 {degree Celsius}		RNA-seq		/mnt/shared-workspace/raw_osdr/counts/OSD-38_unnormalized_counts.csv
Atha_WT-Col-0_sl_LN2_Rep1_n2-1	OSDR	OSD-38	Arabidopsis thaliana		seedling		76 {hour}	Ground Control			gravitropism	BRIC-PDFU		22 {degree Celsius}		RNA-seq		/mnt/shared-workspace/raw_osdr/counts/OSD-38_unnormalized_counts.csv
Atha_WT-Col-0_sl_LN2_Rep2_n2-2	OSDR	OSD-38	Arabidopsis thaliana		seedling		76 {hour}	Ground Control			gravitropism	BRIC-PDFU		22 {degree Celsius}		RNA-seq		/mnt/shared-workspace/raw_osdr/counts/OSD-38_unnormalized_counts.csv
Atha_WT-Col-0_sl_LN2_Rep3_n2-3	OSDR	OSD-38	Arabidopsis thaliana		seedling		76 {hour}	Ground Control			gravitropism	BRIC-PDFU		22 {degree Celsius}		RNA-seq		/mnt/shared-workspace/raw_osdr/counts/OSD-38_unnormalized_counts.csv
Atha_WT-Col-0_sl_RNAlat_Rep1_rl1	OSDR	OSD-38	Arabidopsis thaliana		seedling		76 {hour}	Ground Control			gravitropism	BRIC-PDFU		22 {degree Celsius}		RNA-seq		/mnt/shared-workspace/raw_osdr/counts/OSD-38_unnormalized_counts.csv
Atha_WT-Col-0_sl_RNAlat_Rep2_rl2	OSDR	OSD-38	Arabidopsis thaliana		seedling		76 {hour}	Ground Control			gravitropism	BRIC-PDFU		22 {degree Celsius}		RNA-seq		/mnt/shared-workspace/raw_osdr/counts/OSD-38_unnormalized_counts.csv
Atha_WT-Col-0_sl_RNAlat_Rep3_rl3	OSDR	OSD-38	Arabidopsis thaliana		seedling		76 {hour}	Ground Control			gravitropism	BRIC-PDFU		22 {degree Celsius}		RNA-seq		/mnt/shared-workspace/raw_osdr/counts/OSD-38_unnormalized_counts.csv
GSM3331071	OSDR	OSD-427	Arabidopsis thaliana		seedling			Space Flight			phototropism	Vegetable Production System (Veggie)			Wild Type	RNA-seq		/mnt/shared-workspace/raw_osdr/counts/OSD-427_unnormalized_counts.csv
GSM3331072	OSDR	OSD-427	Arabidopsis thaliana		seedling			Space Flight			phototropism	Vegetable Production System (Veggie)			Wild Type	RNA-seq		/mnt/shared-workspace/raw_osdr/counts/OSD-427_unnormalized_counts.csv
GSM3331073	OSDR	OSD-427	Arabidopsis thaliana		seedling			Space Flight			phototropism	Vegetable Production System (Veggie)			Wild Type	RNA-seq		/mnt/shared-workspace/raw_osdr/counts/OSD-427_unnormalized_counts.csv
GSM3331074	OSDR	OSD-427	Arabidopsis thaliana		seedling			Space Flight			phototropism	Vegetable Production System (Veggie)			Wild Type	RNA-seq		/mnt/shared-workspace/raw_osdr/counts/OSD-427_unnormalized_counts.csv
GSM3331075	OSDR	OSD-427	Arabidopsis thaliana		seedling			Space Flight			phototropism	Vegetable Production System (Veggie)			Wild Type	RNA-seq		/mnt/shared-workspace/raw_osdr/counts/OSD-427_unnormalized_counts.csv
GSM3331076	OSDR	OSD-427	Arabidopsis thaliana		seedling			Space Flight			phototropism	Vegetable Production System (Veggie)			Wild Type	RNA-seq		/mnt/shared-workspace/raw_osdr/counts/OSD-427_unnormalized_counts.csv
GSM3331077	OSDR	OSD-427	Arabidopsis thaliana		seedling			Space Flight			phototropism	Vegetable Production System (Veggie)			Wild Type	RNA-seq		/mnt/shared-workspace/raw_osdr/counts/OSD-427_unnormalized_counts.csv
GSM3331078	OSDR	OSD-427	Arabidopsis thaliana		seedling			Space Flight			phototropism	Vegetable Production System (Veggie)			Wild Type	RNA-seq		/mnt/shared-workspace/raw_osdr/counts/OSD-427_unnormalized_counts.csv
GSM3331079	OSDR	OSD-427	Arabidopsis thaliana		seedling			Ground Control			phototropism	Vegetable Production System (Veggie)			Wild Type	RNA-seq		/mnt/shared-workspace/raw_osdr/counts/OSD-427_unnormalized_counts.csv
GSM3331080	OSDR	OSD-427	Arabidopsis thaliana		seedling			Ground Control			phototropism	Vegetable Production System (Veggie)			Wild Type	RNA-seq		/mnt/shared-workspace/raw_osdr/counts/OSD-427_unnormalized_counts.csv
GSM3331081	OSDR	OSD-427	Arabidopsis thaliana		seedling			Ground Control			phototropism	Vegetable Production System (Veggie)			Wild Type	RNA-seq		/mnt/shared-workspace/raw_osdr/counts/OSD-427_unnormalized_counts.csv
GSM3331082	OSDR	OSD-427	Arabidopsis thaliana		seedling			Ground Control			phototropism	Vegetable Production System (Veggie)			Wild Type	RNA-seq		/mnt/shared-workspace/raw_osdr/counts/OSD-427_unnormalized_counts.csv
GSM3331083	OSDR	OSD-427	Arabidopsis thaliana		seedling			Ground Control			phototropism	Vegetable Production System (Veggie)			Wild Type	RNA-seq		/mnt/shared-workspace/raw_osdr/counts/OSD-427_unnormalized_counts.csv
GSM3331084	OSDR	OSD-427	Arabidopsis thaliana		seedling			Ground Control			phototropism	Vegetable Production System (Veggie)			Wild Type	RNA-seq		/mnt/shared-workspace/raw_osdr/counts/OSD-427_unnormalized_counts.csv
GSM3331085	OSDR	OSD-427	Arabidopsis thaliana		seedling			Ground Control			phototropism	Vegetable Production System (Veggie)			Wild Type	RNA-seq		/mnt/shared-workspace/raw_osdr/counts/OSD-427_unnormalized_counts.csv
GSM3331086	OSDR	OSD-427	Arabidopsis thaliana		seedling			Ground Control			phototropism	Vegetable Production System (Veggie)			Wild Type	RNA-seq		/mnt/shared-workspace/raw_osdr/counts/OSD-427_unnormalized_counts.csv
GSM3331087	OSDR	OSD-427	Arabidopsis thaliana		seedling			Space Flight			phototropism	Vegetable Production System (Veggie)			elp2-5	RNA-seq		/mnt/shared-workspace/raw_osdr/counts/OSD-427_unnormalized_counts.csv
GSM3331088	OSDR	OSD-427	Arabidopsis thaliana		seedling			Space Flight			phototropism	Vegetable Production System (Veggie)			elp2-5	RNA-seq		/mnt/shared-workspace/raw_osdr/counts/OSD-427_unnormalized_counts.csv
GSM3331089	OSDR	OSD-427	Arabidopsis thaliana		seedling			Space Flight			phototropism	Vegetable Production System (Veggie)			elp2-5	RNA-seq		/mnt/shared-workspace/raw_osdr/counts/OSD-427_unnormalized_counts.csv
GSM3331090	OSDR	OSD-427	Arabidopsis thaliana		seedling			Space Flight			phototropism	Vegetable Production System (Veggie)			elp2-5	RNA-seq		/mnt/shared-workspace/raw_osdr/counts/OSD-427_unnormalized_counts.csv
GSM3331091	OSDR	OSD-427	Arabidopsis thaliana		seedling			Space Flight			phototropism	Vegetable Production System (Veggie)			elp2-5	RNA-seq		/mnt/shared-workspace/raw_osdr/counts/OSD-427_unnormalized_counts.csv
GSM3331092	OSDR	OSD-427	Arabidopsis thaliana		seedling			Space Flight			phototropism	Vegetable Production System (Veggie)			elp2-5	RNA-seq		/mnt/shared-workspace/raw_osdr/counts/OSD-427_unnormalized_counts.csv
GSM3331093	OSDR	OSD-427	Arabidopsis thaliana		seedling			Space Flight			phototropism	Vegetable Production System (Veggie)			elp2-5	RNA-seq		/mnt/shared-workspace/raw_osdr/counts/OSD-427_unnormalized_counts.csv
GSM3331094	OSDR	OSD-427	Arabidopsis thaliana		seedling			Space Flight			phototropism	Vegetable Production System (Veggie)			elp2-5	RNA-seq		/mnt/shared-workspace/raw_osdr/counts/OSD-427_unnormalized_counts.csv
GSM3331095	OSDR	OSD-427	Arabidopsis thaliana		seedling			Ground Control			phototropism	Vegetable Production System (Veggie)			elp2-5	RNA-seq		/mnt/shared-workspace/raw_osdr/counts/OSD-427_unnormalized_counts.csv
GSM3331096	OSDR	OSD-427	Arabidopsis thaliana		seedling			Ground Control			phototropism	Vegetable Production System (Veggie)			elp2-5	RNA-seq		/mnt/shared-workspace/raw_osdr/counts/OSD-427_unnormalized_counts.csv
GSM3331097	OSDR	OSD-427	Arabidopsis thaliana		seedling			Ground Control			phototropism	Vegetable Production System (Veggie)			elp2-5	RNA-seq		/mnt/shared-workspace/raw_osdr/counts/OSD-427_unnormalized_counts.csv
GSM3331098	OSDR	OSD-427	Arabidopsis thaliana		seedling			Ground Control			phototropism	Vegetable Production System (Veggie)			elp2-5	RNA-seq		/mnt/shared-workspace/raw_osdr/counts/OSD-427_unnormalized_counts.csv
GSM3331099	OSDR	OSD-427	Arabidopsis thaliana		seedling			Ground Control			phototropism	Vegetable Production System (Veggie)			elp2-5	RNA-seq		/mnt/shared-workspace/raw_osdr/counts/OSD-427_unnormalized_counts.csv
GSM3331100	OSDR	OSD-427	Arabidopsis thaliana		seedling			Ground Control			phototropism	Vegetable Production System (Veggie)			elp2-5	RNA-seq		/mnt/shared-workspace/raw_osdr/counts/OSD-427_unnormalized_counts.csv
GSM3331101	OSDR	OSD-427	Arabidopsis thaliana		seedling			Ground Control			phototropism	Vegetable Production System (Veggie)			elp2-5	RNA-seq		/mnt/shared-workspace/raw_osdr/counts/OSD-427_unnormalized_counts.csv
GSM3331102	OSDR	OSD-427	Arabidopsis thaliana		seedling			Ground Control			phototropism	Vegetable Production System (Veggie)			elp2-5	RNA-seq		/mnt/shared-workspace/raw_osdr/counts/OSD-427_unnormalized_counts.csv
GSM3331103	OSDR	OSD-427	Arabidopsis thaliana		seedling			Space Flight			phototropism	Vegetable Production System (Veggie)			met1-7	RNA-seq		/mnt/shared-workspace/raw_osdr/counts/OSD-427_unnormalized_counts.csv
GSM3331104	OSDR	OSD-427	Arabidopsis thaliana		seedling			Space Flight			phototropism	Vegetable Production System (Veggie)			met1-7	RNA-seq		/mnt/shared-workspace/raw_osdr/counts/OSD-427_unnormalized_counts.csv
GSM3331105	OSDR	OSD-427	Arabidopsis thaliana		seedling			Space Flight			phototropism	Vegetable Production System (Veggie)			met1-7	RNA-seq		/mnt/shared-workspace/raw_osdr/counts/OSD-427_unnormalized_counts.csv
GSM3331106	OSDR	OSD-427	Arabidopsis thaliana		seedling			Space Flight			phototropism	Vegetable Production System (Veggie)			met1-7	RNA-seq		/mnt/shared-workspace/raw_osdr/counts/OSD-427_unnormalized_counts.csv
GSM3331107	OSDR	OSD-427	Arabidopsis thaliana		seedling			Space Flight			phototropism	Vegetable Production System (Veggie)			met1-7	RNA-seq		/mnt/shared-workspace/raw_osdr/counts/OSD-427_unnormalized_counts.csv
GSM3331108	OSDR	OSD-427	Arabidopsis thaliana		seedling			Space Flight			phototropism	Vegetable Production System (Veggie)			met1-7	RNA-seq		/mnt/shared-workspace/raw_osdr/counts/OSD-427_unnormalized_counts.csv
GSM3331109	OSDR	OSD-427	Arabidopsis thaliana		seedling			Space Flight			phototropism	Vegetable Production System (Veggie)			met1-7	RNA-seq		/mnt/shared-workspace/raw_osdr/counts/OSD-427_unnormalized_counts.csv
GSM3331110	OSDR	OSD-427	Arabidopsis thaliana		seedling			Space Flight			phototropism	Vegetable Production System (Veggie)			met1-7	RNA-seq		/mnt/shared-workspace/raw_osdr/counts/OSD-427_unnormalized_counts.csv
GSM3331111	OSDR	OSD-427	Arabidopsis thaliana		seedling			Ground Control			phototropism	Vegetable Production System (Veggie)			met1-7	RNA-seq		/mnt/shared-workspace/raw_osdr/counts/OSD-427_unnormalized_counts.csv
GSM3331112	OSDR	OSD-427	Arabidopsis thaliana		seedling			Ground Control			phototropism	Vegetable Production System (Veggie)			met1-7	RNA-seq		/mnt/shared-workspace/raw_osdr/counts/OSD-427_unnormalized_counts.csv
GSM3331113	OSDR	OSD-427	Arabidopsis thaliana		seedling			Ground Control			phototropism	Vegetable Production System (Veggie)			met1-7	RNA-seq		/mnt/shared-workspace/raw_osdr/counts/OSD-427_unnormalized_counts.csv
GSM3331114	OSDR	OSD-427	Arabidopsis thaliana		seedling			Ground Control			phototropism	Vegetable Production System (Veggie)			met1-7	RNA-seq		/mnt/shared-workspace/raw_osdr/counts/OSD-427_unnormalized_counts.csv
GSM3331115	OSDR	OSD-427	Arabidopsis thaliana		seedling			Ground Control			phototropism	Vegetable Production System (Veggie)			met1-7	RNA-seq		/mnt/shared-workspace/raw_osdr/counts/OSD-427_unnormalized_counts.csv
GSM3331116	OSDR	OSD-427	Arabidopsis thaliana		seedling			Ground Control			phototropism	Vegetable Production System (Veggie)			met1-7	RNA-seq		/mnt/shared-workspace/raw_osdr/counts/OSD-427_unnormalized_counts.csv
GSM3331117	OSDR	OSD-427	Arabidopsis thaliana		seedling			Ground Control			phototropism	Vegetable Production System (Veggie)			met1-7	RNA-seq		/mnt/shared-workspace/raw_osdr/counts/OSD-427_unnormalized_counts.csv
GSM3331118	OSDR	OSD-427	Arabidopsis thaliana		seedling			Ground Control			phototropism	Vegetable Production System (Veggie)			met1-7	RNA-seq		/mnt/shared-workspace/raw_osdr/counts/OSD-427_unnormalized_counts.csv
A4Ex_248	OSDR	OSD-437	Arabidopsis thaliana		seedling			Space Flight			gravitropism	European Modular Cultivation System (EMCS)				RNA-seq		/mnt/shared-workspace/raw_osdr/counts/OSD-437_unnormalized_counts.csv
A4_208	OSDR	OSD-437	Arabidopsis thaliana		seedling			Space Flight			gravitropism	European Modular Cultivation System (EMCS)				RNA-seq		/mnt/shared-workspace/raw_osdr/counts/OSD-437_unnormalized_counts.csv
A4_223	OSDR	OSD-437	Arabidopsis thaliana		seedling			Space Flight			gravitropism	European Modular Cultivation System (EMCS)				RNA-seq		/mnt/shared-workspace/raw_osdr/counts/OSD-437_unnormalized_counts.csv
A4_258	OSDR	OSD-437	Arabidopsis thaliana		seedling			Space Flight			gravitropism	European Modular Cultivation System (EMCS)				RNA-seq		/mnt/shared-workspace/raw_osdr/counts/OSD-437_unnormalized_counts.csv
A6Ex_243	OSDR	OSD-437	Arabidopsis thaliana		seedling			Space Flight			gravitropism	European Modular Cultivation System (EMCS)				RNA-seq		/mnt/shared-workspace/raw_osdr/counts/OSD-437_unnormalized_counts.csv
A6_203	OSDR	OSD-437	Arabidopsis thaliana		seedling			Space Flight			gravitropism	European Modular Cultivation System (EMCS)				RNA-seq		/mnt/shared-workspace/raw_osdr/counts/OSD-437_unnormalized_counts.csv
A6_213	OSDR	OSD-437	Arabidopsis thaliana		seedling			Space Flight			gravitropism	European Modular Cultivation System (EMCS)				RNA-seq		/mnt/shared-workspace/raw_osdr/counts/OSD-437_unnormalized_counts.csv
A6_253	OSDR	OSD-437	Arabidopsis thaliana		seedling			Space Flight			gravitropism	European Modular Cultivation System (EMCS)				RNA-seq		/mnt/shared-workspace/raw_osdr/counts/OSD-437_unnormalized_counts.csv
B4Ex_236	OSDR	OSD-437	Arabidopsis thaliana		seedling			Space Flight			gravitropism	European Modular Cultivation System (EMCS)				RNA-seq		/mnt/shared-workspace/raw_osdr/counts/OSD-437_unnormalized_counts.csv
B4_237	OSDR	OSD-437	Arabidopsis thaliana		seedling			Space Flight			gravitropism	European Modular Cultivation System (EMCS)				RNA-seq		/mnt/shared-workspace/raw_osdr/counts/OSD-437_unnormalized_counts.csv
B4_238	OSDR	OSD-437	Arabidopsis thaliana		seedling			Space Flight			gravitropism	European Modular Cultivation System (EMCS)				RNA-seq		/mnt/shared-workspace/raw_osdr/counts/OSD-437_unnormalized_counts.csv
B4_269	OSDR	OSD-437	Arabidopsis thaliana		seedling			Space Flight			gravitropism	European Modular Cultivation System (EMCS)				RNA-seq		/mnt/shared-workspace/raw_osdr/counts/OSD-437_unnormalized_counts.csv
B6Ex_220	OSDR	OSD-437	Arabidopsis thaliana		seedling			Space Flight			gravitropism	European Modular Cultivation System (EMCS)				RNA-seq		/mnt/shared-workspace/raw_osdr/counts/OSD-437_unnormalized_counts.csv
B6_219	OSDR	OSD-437	Arabidopsis thaliana		seedling			Space Flight			gravitropism	European Modular Cultivation System (EMCS)				RNA-seq		/mnt/shared-workspace/raw_osdr/counts/OSD-437_unnormalized_counts.csv
B6_232	OSDR	OSD-437	Arabidopsis thaliana		seedling			Space Flight			gravitropism	European Modular Cultivation System (EMCS)				RNA-seq		/mnt/shared-workspace/raw_osdr/counts/OSD-437_unnormalized_counts.csv
B6_233	OSDR	OSD-437	Arabidopsis thaliana		seedling			Space Flight			gravitropism	European Modular Cultivation System (EMCS)				RNA-seq		/mnt/shared-workspace/raw_osdr/counts/OSD-437_unnormalized_counts.csv
G6_283	OSDR	OSD-437	Arabidopsis thaliana		seedling			Ground Control			gravitropism	NASA Ames, Experimental Reference Module (ERM2)				RNA-seq		/mnt/shared-workspace/raw_osdr/counts/OSD-437_unnormalized_counts.csv
G6_284	OSDR	OSD-437	Arabidopsis thaliana		seedling			Ground Control			gravitropism	NASA Ames, Experimental Reference Module (ERM2)				RNA-seq		/mnt/shared-workspace/raw_osdr/counts/OSD-437_unnormalized_counts.csv
G6_286	OSDR	OSD-437	Arabidopsis thaliana		seedling			Ground Control			gravitropism	NASA Ames, Experimental Reference Module (ERM2)				RNA-seq		/mnt/shared-workspace/raw_osdr/counts/OSD-437_unnormalized_counts.csv
Atha_Col-0_wo_WT_FLT_Rep1	OSDR	OSD-44	Arabidopsis thaliana		seedling			Space Flight			gravitropism				Wild Type	microarray		
Atha_Col-0_wo_WT_FLT_Rep2	OSDR	OSD-44	Arabidopsis thaliana		seedling			Space Flight			gravitropism				Wild Type	microarray		
Atha_Col-0_wo_WT_FLT_Rep3	OSDR	OSD-44	Arabidopsis thaliana		seedling			Space Flight			gravitropism				Wild Type	microarray		
Atha_Col-0_wo_WT_GC_Rep1	OSDR	OSD-44	Arabidopsis thaliana		seedling			Ground Control			gravitropism				Wild Type	microarray		
Atha_Col-0_wo_WT_GC_Rep2	OSDR	OSD-44	Arabidopsis thaliana		seedling			Ground Control			gravitropism				Wild Type	microarray		
Atha_Col-0_wo_WT_GC_Rep3	OSDR	OSD-44	Arabidopsis thaliana		seedling			Ground Control			gravitropism				Wild Type	microarray		
Atha_Col-0_wo_act2-3_FLT_Rep1	OSDR	OSD-44	Arabidopsis thaliana		seedling			Space Flight			gravitropism				act2-3	microarray		
Atha_Col-0_wo_act2-3_FLT_Rep2	OSDR	OSD-44	Arabidopsis thaliana		seedling			Space Flight			gravitropism				act2-3	microarray		
Atha_Col-0_wo_act2-3_FLT_Rep3	OSDR	OSD-44	Arabidopsis thaliana		seedling			Space Flight			gravitropism				act2-3	microarray		
Atha_Col-0_wo_act2-3_GC_Rep1	OSDR	OSD-44	Arabidopsis thaliana		seedling			Ground Control			gravitropism				act2-3	microarray		
Atha_Col-0_wo_act2-3_GC_Rep2	OSDR	OSD-44	Arabidopsis thaliana		seedling			Ground Control			gravitropism				act2-3	microarray		
Atha_Col-0_wo_act2-3_GC_Rep3	OSDR	OSD-44	Arabidopsis thaliana		seedling			Ground Control			gravitropism				act2-3	microarray		
004cc1	OSDR	OSD-480	Arabidopsis thaliana		seedling			Space Flight			gravitropism	European Modular Cultivation System (EMCS)			Wild Type	RNA-seq		/mnt/shared-workspace/raw_osdr/counts/OSD-480_unnormalized_counts.csv
004cc2	OSDR	OSD-480	Arabidopsis thaliana		seedling			Space Flight			gravitropism	European Modular Cultivation System (EMCS)			Wild Type	RNA-seq		/mnt/shared-workspace/raw_osdr/counts/OSD-480_unnormalized_counts.csv
004cc3	OSDR	OSD-480	Arabidopsis thaliana		seedling			Space Flight			gravitropism	European Modular Cultivation System (EMCS)			Wild Type	RNA-seq		/mnt/shared-workspace/raw_osdr/counts/OSD-480_unnormalized_counts.csv
004cc4	OSDR	OSD-480	Arabidopsis thaliana		seedling			Space Flight			gravitropism	European Modular Cultivation System (EMCS)			Wild Type	RNA-seq		/mnt/shared-workspace/raw_osdr/counts/OSD-480_unnormalized_counts.csv
004ch1	OSDR	OSD-480	Arabidopsis thaliana		seedling			Space Flight			gravitropism	European Modular Cultivation System (EMCS)			Wild Type	RNA-seq		/mnt/shared-workspace/raw_osdr/counts/OSD-480_unnormalized_counts.csv
004ch2	OSDR	OSD-480	Arabidopsis thaliana		seedling			Space Flight			gravitropism	European Modular Cultivation System (EMCS)			Wild Type	RNA-seq		/mnt/shared-workspace/raw_osdr/counts/OSD-480_unnormalized_counts.csv
004ch3	OSDR	OSD-480	Arabidopsis thaliana		seedling			Space Flight			gravitropism	European Modular Cultivation System (EMCS)			Wild Type	RNA-seq		/mnt/shared-workspace/raw_osdr/counts/OSD-480_unnormalized_counts.csv
004ch4	OSDR	OSD-480	Arabidopsis thaliana		seedling			Space Flight			gravitropism	European Modular Cultivation System (EMCS)			Wild Type	RNA-seq		/mnt/shared-workspace/raw_osdr/counts/OSD-480_unnormalized_counts.csv
004cm1	OSDR	OSD-480	Arabidopsis thaliana		seedling			Space Flight			gravitropism	European Modular Cultivation System (EMCS)			Wild Type	RNA-seq		/mnt/shared-workspace/raw_osdr/counts/OSD-480_unnormalized_counts.csv
004cm2	OSDR	OSD-480	Arabidopsis thaliana		seedling			Space Flight			gravitropism	European Modular Cultivation System (EMCS)			Wild Type	RNA-seq		/mnt/shared-workspace/raw_osdr/counts/OSD-480_unnormalized_counts.csv
004cm3	OSDR	OSD-480	Arabidopsis thaliana		seedling			Space Flight			gravitropism	European Modular Cultivation System (EMCS)			Wild Type	RNA-seq		/mnt/shared-workspace/raw_osdr/counts/OSD-480_unnormalized_counts.csv
004cm4	OSDR	OSD-480	Arabidopsis thaliana		seedling			Space Flight			gravitropism	European Modular Cultivation System (EMCS)			Wild Type	RNA-seq		/mnt/shared-workspace/raw_osdr/counts/OSD-480_unnormalized_counts.csv
004cr1	OSDR	OSD-480	Arabidopsis thaliana		seedling			Space Flight			gravitropism	European Modular Cultivation System (EMCS)			Wild Type	RNA-seq		/mnt/shared-workspace/raw_osdr/counts/OSD-480_unnormalized_counts.csv
004cr2	OSDR	OSD-480	Arabidopsis thaliana		seedling			Space Flight			gravitropism	European Modular Cultivation System (EMCS)			Wild Type	RNA-seq		/mnt/shared-workspace/raw_osdr/counts/OSD-480_unnormalized_counts.csv
004cr3	OSDR	OSD-480	Arabidopsis thaliana		seedling			Space Flight			gravitropism	European Modular Cultivation System (EMCS)			Wild Type	RNA-seq		/mnt/shared-workspace/raw_osdr/counts/OSD-480_unnormalized_counts.csv
004cr4	OSDR	OSD-480	Arabidopsis thaliana		seedling			Space Flight			gravitropism	European Modular Cultivation System (EMCS)			Wild Type	RNA-seq		/mnt/shared-workspace/raw_osdr/counts/OSD-480_unnormalized_counts.csv
004pc1	OSDR	OSD-480	Arabidopsis thaliana		seedling			Space Flight			gravitropism	European Modular Cultivation System (EMCS)			pgm-1	RNA-seq		/mnt/shared-workspace/raw_osdr/counts/OSD-480_unnormalized_counts.csv
004pc2	OSDR	OSD-480	Arabidopsis thaliana		seedling			Space Flight			gravitropism	European Modular Cultivation System (EMCS)			pgm-1	RNA-seq		/mnt/shared-workspace/raw_osdr/counts/OSD-480_unnormalized_counts.csv
004pc3	OSDR	OSD-480	Arabidopsis thaliana		seedling			Space Flight			gravitropism	European Modular Cultivation System (EMCS)			pgm-1	RNA-seq		/mnt/shared-workspace/raw_osdr/counts/OSD-480_unnormalized_counts.csv
004pc4	OSDR	OSD-480	Arabidopsis thaliana		seedling			Space Flight			gravitropism	European Modular Cultivation System (EMCS)			pgm-1	RNA-seq		/mnt/shared-workspace/raw_osdr/counts/OSD-480_unnormalized_counts.csv
004ph1	OSDR	OSD-480	Arabidopsis thaliana		seedling			Space Flight			gravitropism	European Modular Cultivation System (EMCS)			pgm-1	RNA-seq		/mnt/shared-workspace/raw_osdr/counts/OSD-480_unnormalized_counts.csv
004ph2	OSDR	OSD-480	Arabidopsis thaliana		seedling			Space Flight			gravitropism	European Modular Cultivation System (EMCS)			pgm-1	RNA-seq		/mnt/shared-workspace/raw_osdr/counts/OSD-480_unnormalized_counts.csv
004ph3	OSDR	OSD-480	Arabidopsis thaliana		seedling			Space Flight			gravitropism	European Modular Cultivation System (EMCS)			pgm-1	RNA-seq		/mnt/shared-workspace/raw_osdr/counts/OSD-480_unnormalized_counts.csv
004ph4	OSDR	OSD-480	Arabidopsis thaliana		seedling			Space Flight			gravitropism	European Modular Cultivation System (EMCS)			pgm-1	RNA-seq		/mnt/shared-workspace/raw_osdr/counts/OSD-480_unnormalized_counts.csv
004pm1	OSDR	OSD-480	Arabidopsis thaliana		seedling			Space Flight			gravitropism	European Modular Cultivation System (EMCS)			pgm-1	RNA-seq		/mnt/shared-workspace/raw_osdr/counts/OSD-480_unnormalized_counts.csv
004pm2	OSDR	OSD-480	Arabidopsis thaliana		seedling			Space Flight			gravitropism	European Modular Cultivation System (EMCS)			pgm-1	RNA-seq		/mnt/shared-workspace/raw_osdr/counts/OSD-480_unnormalized_counts.csv
004pm3	OSDR	OSD-480	Arabidopsis thaliana		seedling			Space Flight			gravitropism	European Modular Cultivation System (EMCS)			pgm-1	RNA-seq		/mnt/shared-workspace/raw_osdr/counts/OSD-480_unnormalized_counts.csv
004pm4	OSDR	OSD-480	Arabidopsis thaliana		seedling			Space Flight			gravitropism	European Modular Cultivation System (EMCS)			pgm-1	RNA-seq		/mnt/shared-workspace/raw_osdr/counts/OSD-480_unnormalized_counts.csv
004pr1	OSDR	OSD-480	Arabidopsis thaliana		seedling			Space Flight			gravitropism	European Modular Cultivation System (EMCS)			pgm-1	RNA-seq		/mnt/shared-workspace/raw_osdr/counts/OSD-480_unnormalized_counts.csv
004pr2	OSDR	OSD-480	Arabidopsis thaliana		seedling			Space Flight			gravitropism	European Modular Cultivation System (EMCS)			pgm-1	RNA-seq		/mnt/shared-workspace/raw_osdr/counts/OSD-480_unnormalized_counts.csv
004pr3	OSDR	OSD-480	Arabidopsis thaliana		seedling			Space Flight			gravitropism	European Modular Cultivation System (EMCS)			pgm-1	RNA-seq		/mnt/shared-workspace/raw_osdr/counts/OSD-480_unnormalized_counts.csv
004pr4	OSDR	OSD-480	Arabidopsis thaliana		seedling			Space Flight			gravitropism	European Modular Cultivation System (EMCS)			pgm-1	RNA-seq		/mnt/shared-workspace/raw_osdr/counts/OSD-480_unnormalized_counts.csv
006cc1	OSDR	OSD-480	Arabidopsis thaliana		seedling			Space Flight			gravitropism	European Modular Cultivation System (EMCS)			Wild Type	RNA-seq		/mnt/shared-workspace/raw_osdr/counts/OSD-480_unnormalized_counts.csv
006cc2	OSDR	OSD-480	Arabidopsis thaliana		seedling			Space Flight			gravitropism	European Modular Cultivation System (EMCS)			Wild Type	RNA-seq		/mnt/shared-workspace/raw_osdr/counts/OSD-480_unnormalized_counts.csv
006cc3	OSDR	OSD-480	Arabidopsis thaliana		seedling			Space Flight			gravitropism	European Modular Cultivation System (EMCS)			Wild Type	RNA-seq		/mnt/shared-workspace/raw_osdr/counts/OSD-480_unnormalized_counts.csv
006cc4	OSDR	OSD-480	Arabidopsis thaliana		seedling			Space Flight			gravitropism	European Modular Cultivation System (EMCS)			Wild Type	RNA-seq		/mnt/shared-workspace/raw_osdr/counts/OSD-480_unnormalized_counts.csv
006ch1	OSDR	OSD-480	Arabidopsis thaliana		seedling			Space Flight			gravitropism	European Modular Cultivation System (EMCS)			Wild Type	RNA-seq		/mnt/shared-workspace/raw_osdr/counts/OSD-480_unnormalized_counts.csv
006ch2	OSDR	OSD-480	Arabidopsis thaliana		seedling			Space Flight			gravitropism	European Modular Cultivation System (EMCS)			Wild Type	RNA-seq		/mnt/shared-workspace/raw_osdr/counts/OSD-480_unnormalized_counts.csv
006ch3	OSDR	OSD-480	Arabidopsis thaliana		seedling			Space Flight			gravitropism	European Modular Cultivation System (EMCS)			Wild Type	RNA-seq		/mnt/shared-workspace/raw_osdr/counts/OSD-480_unnormalized_counts.csv
006ch4	OSDR	OSD-480	Arabidopsis thaliana		seedling			Space Flight			gravitropism	European Modular Cultivation System (EMCS)			Wild Type	RNA-seq		/mnt/shared-workspace/raw_osdr/counts/OSD-480_unnormalized_counts.csv
006cm1	OSDR	OSD-480	Arabidopsis thaliana		seedling			Space Flight			gravitropism	European Modular Cultivation System (EMCS)			Wild Type	RNA-seq		/mnt/shared-workspace/raw_osdr/counts/OSD-480_unnormalized_counts.csv
006cm2	OSDR	OSD-480	Arabidopsis thaliana		seedling			Space Flight			gravitropism	European Modular Cultivation System (EMCS)			Wild Type	RNA-seq		/mnt/shared-workspace/raw_osdr/counts/OSD-480_unnormalized_counts.csv
006cm3	OSDR	OSD-480	Arabidopsis thaliana		seedling			Space Flight			gravitropism	European Modular Cultivation System (EMCS)			Wild Type	RNA-seq		/mnt/shared-workspace/raw_osdr/counts/OSD-480_unnormalized_counts.csv
006cm4	OSDR	OSD-480	Arabidopsis thaliana		seedling			Space Flight			gravitropism	European Modular Cultivation System (EMCS)			Wild Type	RNA-seq		/mnt/shared-workspace/raw_osdr/counts/OSD-480_unnormalized_counts.csv
006cr1	OSDR	OSD-480	Arabidopsis thaliana		seedling			Space Flight			gravitropism	European Modular Cultivation System (EMCS)			Wild Type	RNA-seq		/mnt/shared-workspace/raw_osdr/counts/OSD-480_unnormalized_counts.csv
006cr2	OSDR	OSD-480	Arabidopsis thaliana		seedling			Space Flight			gravitropism	European Modular Cultivation System (EMCS)			Wild Type	RNA-seq		/mnt/shared-workspace/raw_osdr/counts/OSD-480_unnormalized_counts.csv
006cr3	OSDR	OSD-480	Arabidopsis thaliana		seedling			Space Flight			gravitropism	European Modular Cultivation System (EMCS)			Wild Type	RNA-seq		/mnt/shared-workspace/raw_osdr/counts/OSD-480_unnormalized_counts.csv
006cr4	OSDR	OSD-480	Arabidopsis thaliana		seedling			Space Flight			gravitropism	European Modular Cultivation System (EMCS)			Wild Type	RNA-seq		/mnt/shared-workspace/raw_osdr/counts/OSD-480_unnormalized_counts.csv
006pc1	OSDR	OSD-480	Arabidopsis thaliana		seedling			Space Flight			gravitropism	European Modular Cultivation System (EMCS)			pgm-1	RNA-seq		/mnt/shared-workspace/raw_osdr/counts/OSD-480_unnormalized_counts.csv
006pc2	OSDR	OSD-480	Arabidopsis thaliana		seedling			Space Flight			gravitropism	European Modular Cultivation System (EMCS)			pgm-1	RNA-seq		/mnt/shared-workspace/raw_osdr/counts/OSD-480_unnormalized_counts.csv
006pc3	OSDR	OSD-480	Arabidopsis thaliana		seedling			Space Flight			gravitropism	European Modular Cultivation System (EMCS)			pgm-1	RNA-seq		/mnt/shared-workspace/raw_osdr/counts/OSD-480_unnormalized_counts.csv
006pc4	OSDR	OSD-480	Arabidopsis thaliana		seedling			Space Flight			gravitropism	European Modular Cultivation System (EMCS)			pgm-1	RNA-seq		/mnt/shared-workspace/raw_osdr/counts/OSD-480_unnormalized_counts.csv
006ph1	OSDR	OSD-480	Arabidopsis thaliana		seedling			Space Flight			gravitropism	European Modular Cultivation System (EMCS)			pgm-1	RNA-seq		/mnt/shared-workspace/raw_osdr/counts/OSD-480_unnormalized_counts.csv
006ph2	OSDR	OSD-480	Arabidopsis thaliana		seedling			Space Flight			gravitropism	European Modular Cultivation System (EMCS)			pgm-1	RNA-seq		/mnt/shared-workspace/raw_osdr/counts/OSD-480_unnormalized_counts.csv
006ph3	OSDR	OSD-480	Arabidopsis thaliana		seedling			Space Flight			gravitropism	European Modular Cultivation System (EMCS)			pgm-1	RNA-seq		/mnt/shared-workspace/raw_osdr/counts/OSD-480_unnormalized_counts.csv
006ph4	OSDR	OSD-480	Arabidopsis thaliana		seedling			Space Flight			gravitropism	European Modular Cultivation System (EMCS)			pgm-1	RNA-seq		/mnt/shared-workspace/raw_osdr/counts/OSD-480_unnormalized_counts.csv
006pm1	OSDR	OSD-480	Arabidopsis thaliana		seedling			Space Flight			gravitropism	European Modular Cultivation System (EMCS)			pgm-1	RNA-seq		/mnt/shared-workspace/raw_osdr/counts/OSD-480_unnormalized_counts.csv
006pm2	OSDR	OSD-480	Arabidopsis thaliana		seedling			Space Flight			gravitropism	European Modular Cultivation System (EMCS)			pgm-1	RNA-seq		/mnt/shared-workspace/raw_osdr/counts/OSD-480_unnormalized_counts.csv
006pm3	OSDR	OSD-480	Arabidopsis thaliana		seedling			Space Flight			gravitropism	European Modular Cultivation System (EMCS)			pgm-1	RNA-seq		/mnt/shared-workspace/raw_osdr/counts/OSD-480_unnormalized_counts.csv
006pm4	OSDR	OSD-480	Arabidopsis thaliana		seedling			Space Flight			gravitropism	European Modular Cultivation System (EMCS)			pgm-1	RNA-seq		/mnt/shared-workspace/raw_osdr/counts/OSD-480_unnormalized_counts.csv
006pr1	OSDR	OSD-480	Arabidopsis thaliana		seedling			Space Flight			gravitropism	European Modular Cultivation System (EMCS)			pgm-1	RNA-seq		/mnt/shared-workspace/raw_osdr/counts/OSD-480_unnormalized_counts.csv
006pr2	OSDR	OSD-480	Arabidopsis thaliana		seedling			Space Flight			gravitropism	European Modular Cultivation System (EMCS)			pgm-1	RNA-seq		/mnt/shared-workspace/raw_osdr/counts/OSD-480_unnormalized_counts.csv
006pr3	OSDR	OSD-480	Arabidopsis thaliana		seedling			Space Flight			gravitropism	European Modular Cultivation System (EMCS)			pgm-1	RNA-seq		/mnt/shared-workspace/raw_osdr/counts/OSD-480_unnormalized_counts.csv
006pr4	OSDR	OSD-480	Arabidopsis thaliana		seedling			Space Flight			gravitropism	European Modular Cultivation System (EMCS)			pgm-1	RNA-seq		/mnt/shared-workspace/raw_osdr/counts/OSD-480_unnormalized_counts.csv
011cc1	OSDR	OSD-480	Arabidopsis thaliana		seedling			Space Flight			gravitropism	European Modular Cultivation System (EMCS)			Wild Type	RNA-seq		/mnt/shared-workspace/raw_osdr/counts/OSD-480_unnormalized_counts.csv
011cc2	OSDR	OSD-480	Arabidopsis thaliana		seedling			Space Flight			gravitropism	European Modular Cultivation System (EMCS)			Wild Type	RNA-seq		/mnt/shared-workspace/raw_osdr/counts/OSD-480_unnormalized_counts.csv
011cc3	OSDR	OSD-480	Arabidopsis thaliana		seedling			Space Flight			gravitropism	European Modular Cultivation System (EMCS)			Wild Type	RNA-seq		/mnt/shared-workspace/raw_osdr/counts/OSD-480_unnormalized_counts.csv
011cc4	OSDR	OSD-480	Arabidopsis thaliana		seedling			Space Flight			gravitropism	European Modular Cultivation System (EMCS)			Wild Type	RNA-seq		/mnt/shared-workspace/raw_osdr/counts/OSD-480_unnormalized_counts.csv
011ch1	OSDR	OSD-480	Arabidopsis thaliana		seedling			Space Flight			gravitropism	European Modular Cultivation System (EMCS)			Wild Type	RNA-seq		/mnt/shared-workspace/raw_osdr/counts/OSD-480_unnormalized_counts.csv
011ch2	OSDR	OSD-480	Arabidopsis thaliana		seedling			Space Flight			gravitropism	European Modular Cultivation System (EMCS)			Wild Type	RNA-seq		/mnt/shared-workspace/raw_osdr/counts/OSD-480_unnormalized_counts.csv
011ch3	OSDR	OSD-480	Arabidopsis thaliana		seedling			Space Flight			gravitropism	European Modular Cultivation System (EMCS)			Wild Type	RNA-seq		/mnt/shared-workspace/raw_osdr/counts/OSD-480_unnormalized_counts.csv
011ch4	OSDR	OSD-480	Arabidopsis thaliana		seedling			Space Flight			gravitropism	European Modular Cultivation System (EMCS)			Wild Type	RNA-seq		/mnt/shared-workspace/raw_osdr/counts/OSD-480_unnormalized_counts.csv
011cm1	OSDR	OSD-480	Arabidopsis thaliana		seedling			Space Flight			gravitropism	European Modular Cultivation System (EMCS)			Wild Type	RNA-seq		/mnt/shared-workspace/raw_osdr/counts/OSD-480_unnormalized_counts.csv
011cm2	OSDR	OSD-480	Arabidopsis thaliana		seedling			Space Flight			gravitropism	European Modular Cultivation System (EMCS)			Wild Type	RNA-seq		/mnt/shared-workspace/raw_osdr/counts/OSD-480_unnormalized_counts.csv
011cm3	OSDR	OSD-480	Arabidopsis thaliana		seedling			Space Flight			gravitropism	European Modular Cultivation System (EMCS)			Wild Type	RNA-seq		/mnt/shared-workspace/raw_osdr/counts/OSD-480_unnormalized_counts.csv
011cm4	OSDR	OSD-480	Arabidopsis thaliana		seedling			Space Flight			gravitropism	European Modular Cultivation System (EMCS)			Wild Type	RNA-seq		/mnt/shared-workspace/raw_osdr/counts/OSD-480_unnormalized_counts.csv
011cr1	OSDR	OSD-480	Arabidopsis thaliana		seedling			Space Flight			gravitropism	European Modular Cultivation System (EMCS)			Wild Type	RNA-seq		/mnt/shared-workspace/raw_osdr/counts/OSD-480_unnormalized_counts.csv
011cr2	OSDR	OSD-480	Arabidopsis thaliana		seedling			Space Flight			gravitropism	European Modular Cultivation System (EMCS)			Wild Type	RNA-seq		/mnt/shared-workspace/raw_osdr/counts/OSD-480_unnormalized_counts.csv
011cr3	OSDR	OSD-480	Arabidopsis thaliana		seedling			Space Flight			gravitropism	European Modular Cultivation System (EMCS)			Wild Type	RNA-seq		/mnt/shared-workspace/raw_osdr/counts/OSD-480_unnormalized_counts.csv
011cr4	OSDR	OSD-480	Arabidopsis thaliana		seedling			Space Flight			gravitropism	European Modular Cultivation System (EMCS)			Wild Type	RNA-seq		/mnt/shared-workspace/raw_osdr/counts/OSD-480_unnormalized_counts.csv
011pc1	OSDR	OSD-480	Arabidopsis thaliana		seedling			Space Flight			gravitropism	European Modular Cultivation System (EMCS)			pgm-1	RNA-seq		/mnt/shared-workspace/raw_osdr/counts/OSD-480_unnormalized_counts.csv
011pc2	OSDR	OSD-480	Arabidopsis thaliana		seedling			Space Flight			gravitropism	European Modular Cultivation System (EMCS)			pgm-1	RNA-seq		/mnt/shared-workspace/raw_osdr/counts/OSD-480_unnormalized_counts.csv
011pc3	OSDR	OSD-480	Arabidopsis thaliana		seedling			Space Flight			gravitropism	European Modular Cultivation System (EMCS)			pgm-1	RNA-seq		/mnt/shared-workspace/raw_osdr/counts/OSD-480_unnormalized_counts.csv
011pc4	OSDR	OSD-480	Arabidopsis thaliana		seedling			Space Flight			gravitropism	European Modular Cultivation System (EMCS)			pgm-1	RNA-seq		/mnt/shared-workspace/raw_osdr/counts/OSD-480_unnormalized_counts.csv
011ph1	OSDR	OSD-480	Arabidopsis thaliana		seedling			Space Flight			gravitropism	European Modular Cultivation System (EMCS)			pgm-1	RNA-seq		/mnt/shared-workspace/raw_osdr/counts/OSD-480_unnormalized_counts.csv
011ph2	OSDR	OSD-480	Arabidopsis thaliana		seedling			Space Flight			gravitropism	European Modular Cultivation System (EMCS)			pgm-1	RNA-seq		/mnt/shared-workspace/raw_osdr/counts/OSD-480_unnormalized_counts.csv
011ph3	OSDR	OSD-480	Arabidopsis thaliana		seedling			Space Flight			gravitropism	European Modular Cultivation System (EMCS)			pgm-1	RNA-seq		/mnt/shared-workspace/raw_osdr/counts/OSD-480_unnormalized_counts.csv
011ph4	OSDR	OSD-480	Arabidopsis thaliana		seedling			Space Flight			gravitropism	European Modular Cultivation System (EMCS)			pgm-1	RNA-seq		/mnt/shared-workspace/raw_osdr/counts/OSD-480_unnormalized_counts.csv
011pm1	OSDR	OSD-480	Arabidopsis thaliana		seedling			Space Flight			gravitropism	European Modular Cultivation System (EMCS)			pgm-1	RNA-seq		/mnt/shared-workspace/raw_osdr/counts/OSD-480_unnormalized_counts.csv
011pm2	OSDR	OSD-480	Arabidopsis thaliana		seedling			Space Flight			gravitropism	European Modular Cultivation System (EMCS)			pgm-1	RNA-seq		/mnt/shared-workspace/raw_osdr/counts/OSD-480_unnormalized_counts.csv
011pm3	OSDR	OSD-480	Arabidopsis thaliana		seedling			Space Flight			gravitropism	European Modular Cultivation System (EMCS)			pgm-1	RNA-seq		/mnt/shared-workspace/raw_osdr/counts/OSD-480_unnormalized_counts.csv
011pm4	OSDR	OSD-480	Arabidopsis thaliana		seedling			Space Flight			gravitropism	European Modular Cultivation System (EMCS)			pgm-1	RNA-seq		/mnt/shared-workspace/raw_osdr/counts/OSD-480_unnormalized_counts.csv
011pr1	OSDR	OSD-480	Arabidopsis thaliana		seedling			Space Flight			gravitropism	European Modular Cultivation System (EMCS)			pgm-1	RNA-seq		/mnt/shared-workspace/raw_osdr/counts/OSD-480_unnormalized_counts.csv
011pr2	OSDR	OSD-480	Arabidopsis thaliana		seedling			Space Flight			gravitropism	European Modular Cultivation System (EMCS)			pgm-1	RNA-seq		/mnt/shared-workspace/raw_osdr/counts/OSD-480_unnormalized_counts.csv
011pr3	OSDR	OSD-480	Arabidopsis thaliana		seedling			Space Flight			gravitropism	European Modular Cultivation System (EMCS)			pgm-1	RNA-seq		/mnt/shared-workspace/raw_osdr/counts/OSD-480_unnormalized_counts.csv
011pr4	OSDR	OSD-480	Arabidopsis thaliana		seedling			Space Flight			gravitropism	European Modular Cultivation System (EMCS)			pgm-1	RNA-seq		/mnt/shared-workspace/raw_osdr/counts/OSD-480_unnormalized_counts.csv
029cc1	OSDR	OSD-480	Arabidopsis thaliana		seedling			Space Flight			gravitropism	European Modular Cultivation System (EMCS)			Wild Type	RNA-seq		/mnt/shared-workspace/raw_osdr/counts/OSD-480_unnormalized_counts.csv
029cc2	OSDR	OSD-480	Arabidopsis thaliana		seedling			Space Flight			gravitropism	European Modular Cultivation System (EMCS)			Wild Type	RNA-seq		/mnt/shared-workspace/raw_osdr/counts/OSD-480_unnormalized_counts.csv
029cc3	OSDR	OSD-480	Arabidopsis thaliana		seedling			Space Flight			gravitropism	European Modular Cultivation System (EMCS)			Wild Type	RNA-seq		/mnt/shared-workspace/raw_osdr/counts/OSD-480_unnormalized_counts.csv
029cc4	OSDR	OSD-480	Arabidopsis thaliana		seedling			Space Flight			gravitropism	European Modular Cultivation System (EMCS)			Wild Type	RNA-seq		/mnt/shared-workspace/raw_osdr/counts/OSD-480_unnormalized_counts.csv
029cc5	OSDR	OSD-480	Arabidopsis thaliana		seedling			Space Flight			gravitropism	European Modular Cultivation System (EMCS)			Wild Type	RNA-seq		/mnt/shared-workspace/raw_osdr/counts/OSD-480_unnormalized_counts.csv
029cc6	OSDR	OSD-480	Arabidopsis thaliana		seedling			Space Flight			gravitropism	European Modular Cultivation System (EMCS)			Wild Type	RNA-seq		/mnt/shared-workspace/raw_osdr/counts/OSD-480_unnormalized_counts.csv
029ch1	OSDR	OSD-480	Arabidopsis thaliana		seedling			Space Flight			gravitropism	European Modular Cultivation System (EMCS)			Wild Type	RNA-seq		/mnt/shared-workspace/raw_osdr/counts/OSD-480_unnormalized_counts.csv
029ch2	OSDR	OSD-480	Arabidopsis thaliana		seedling			Space Flight			gravitropism	European Modular Cultivation System (EMCS)			Wild Type	RNA-seq		/mnt/shared-workspace/raw_osdr/counts/OSD-480_unnormalized_counts.csv
029ch3	OSDR	OSD-480	Arabidopsis thaliana		seedling			Space Flight			gravitropism	European Modular Cultivation System (EMCS)			Wild Type	RNA-seq		/mnt/shared-workspace/raw_osdr/counts/OSD-480_unnormalized_counts.csv
029ch4	OSDR	OSD-480	Arabidopsis thaliana		seedling			Space Flight			gravitropism	European Modular Cultivation System (EMCS)			Wild Type	RNA-seq		/mnt/shared-workspace/raw_osdr/counts/OSD-480_unnormalized_counts.csv
029ch5	OSDR	OSD-480	Arabidopsis thaliana		seedling			Space Flight			gravitropism	European Modular Cultivation System (EMCS)			Wild Type	RNA-seq		/mnt/shared-workspace/raw_osdr/counts/OSD-480_unnormalized_counts.csv
029ch6	OSDR	OSD-480	Arabidopsis thaliana		seedling			Space Flight			gravitropism	European Modular Cultivation System (EMCS)			Wild Type	RNA-seq		/mnt/shared-workspace/raw_osdr/counts/OSD-480_unnormalized_counts.csv
029cm1	OSDR	OSD-480	Arabidopsis thaliana		seedling			Space Flight			gravitropism	European Modular Cultivation System (EMCS)			Wild Type	RNA-seq		/mnt/shared-workspace/raw_osdr/counts/OSD-480_unnormalized_counts.csv
029cm2	OSDR	OSD-480	Arabidopsis thaliana		seedling			Space Flight			gravitropism	European Modular Cultivation System (EMCS)			Wild Type	RNA-seq		/mnt/shared-workspace/raw_osdr/counts/OSD-480_unnormalized_counts.csv
029cm3	OSDR	OSD-480	Arabidopsis thaliana		seedling			Space Flight			gravitropism	European Modular Cultivation System (EMCS)			Wild Type	RNA-seq		/mnt/shared-workspace/raw_osdr/counts/OSD-480_unnormalized_counts.csv
029cm4	OSDR	OSD-480	Arabidopsis thaliana		seedling			Space Flight			gravitropism	European Modular Cultivation System (EMCS)			Wild Type	RNA-seq		/mnt/shared-workspace/raw_osdr/counts/OSD-480_unnormalized_counts.csv
029cm5	OSDR	OSD-480	Arabidopsis thaliana		seedling			Space Flight			gravitropism	European Modular Cultivation System (EMCS)			Wild Type	RNA-seq		/mnt/shared-workspace/raw_osdr/counts/OSD-480_unnormalized_counts.csv
029cm6	OSDR	OSD-480	Arabidopsis thaliana		seedling			Space Flight			gravitropism	European Modular Cultivation System (EMCS)			Wild Type	RNA-seq		/mnt/shared-workspace/raw_osdr/counts/OSD-480_unnormalized_counts.csv
029cr1	OSDR	OSD-480	Arabidopsis thaliana		seedling			Space Flight			gravitropism	European Modular Cultivation System (EMCS)			Wild Type	RNA-seq		/mnt/shared-workspace/raw_osdr/counts/OSD-480_unnormalized_counts.csv
029cr2	OSDR	OSD-480	Arabidopsis thaliana		seedling			Space Flight			gravitropism	European Modular Cultivation System (EMCS)			Wild Type	RNA-seq		/mnt/shared-workspace/raw_osdr/counts/OSD-480_unnormalized_counts.csv
029cr3	OSDR	OSD-480	Arabidopsis thaliana		seedling			Space Flight			gravitropism	European Modular Cultivation System (EMCS)			Wild Type	RNA-seq		/mnt/shared-workspace/raw_osdr/counts/OSD-480_unnormalized_counts.csv
029cr4	OSDR	OSD-480	Arabidopsis thaliana		seedling			Space Flight			gravitropism	European Modular Cultivation System (EMCS)			Wild Type	RNA-seq		/mnt/shared-workspace/raw_osdr/counts/OSD-480_unnormalized_counts.csv
029cr5	OSDR	OSD-480	Arabidopsis thaliana		seedling			Space Flight			gravitropism	European Modular Cultivation System (EMCS)			Wild Type	RNA-seq		/mnt/shared-workspace/raw_osdr/counts/OSD-480_unnormalized_counts.csv
029cr6	OSDR	OSD-480	Arabidopsis thaliana		seedling			Space Flight			gravitropism	European Modular Cultivation System (EMCS)			Wild Type	RNA-seq		/mnt/shared-workspace/raw_osdr/counts/OSD-480_unnormalized_counts.csv
029pc1	OSDR	OSD-480	Arabidopsis thaliana		seedling			Space Flight			gravitropism	European Modular Cultivation System (EMCS)			pgm-1	RNA-seq		/mnt/shared-workspace/raw_osdr/counts/OSD-480_unnormalized_counts.csv
029pc2	OSDR	OSD-480	Arabidopsis thaliana		seedling			Space Flight			gravitropism	European Modular Cultivation System (EMCS)			pgm-1	RNA-seq		/mnt/shared-workspace/raw_osdr/counts/OSD-480_unnormalized_counts.csv
029pc3	OSDR	OSD-480	Arabidopsis thaliana		seedling			Space Flight			gravitropism	European Modular Cultivation System (EMCS)			pgm-1	RNA-seq		/mnt/shared-workspace/raw_osdr/counts/OSD-480_unnormalized_counts.csv
029pc4	OSDR	OSD-480	Arabidopsis thaliana		seedling			Space Flight			gravitropism	European Modular Cultivation System (EMCS)			pgm-1	RNA-seq		/mnt/shared-workspace/raw_osdr/counts/OSD-480_unnormalized_counts.csv
029ph1	OSDR	OSD-480	Arabidopsis thaliana		seedling			Space Flight			gravitropism	European Modular Cultivation System (EMCS)			pgm-1	RNA-seq		/mnt/shared-workspace/raw_osdr/counts/OSD-480_unnormalized_counts.csv
029ph2	OSDR	OSD-480	Arabidopsis thaliana		seedling			Space Flight			gravitropism	European Modular Cultivation System (EMCS)			pgm-1	RNA-seq		/mnt/shared-workspace/raw_osdr/counts/OSD-480_unnormalized_counts.csv
029ph3	OSDR	OSD-480	Arabidopsis thaliana		seedling			Space Flight			gravitropism	European Modular Cultivation System (EMCS)			pgm-1	RNA-seq		/mnt/shared-workspace/raw_osdr/counts/OSD-480_unnormalized_counts.csv
029ph4	OSDR	OSD-480	Arabidopsis thaliana		seedling			Space Flight			gravitropism	European Modular Cultivation System (EMCS)			pgm-1	RNA-seq		/mnt/shared-workspace/raw_osdr/counts/OSD-480_unnormalized_counts.csv
029pm1	OSDR	OSD-480	Arabidopsis thaliana		seedling			Space Flight			gravitropism	European Modular Cultivation System (EMCS)			pgm-1	RNA-seq		/mnt/shared-workspace/raw_osdr/counts/OSD-480_unnormalized_counts.csv
029pm2	OSDR	OSD-480	Arabidopsis thaliana		seedling			Space Flight			gravitropism	European Modular Cultivation System (EMCS)			pgm-1	RNA-seq		/mnt/shared-workspace/raw_osdr/counts/OSD-480_unnormalized_counts.csv
029pm3	OSDR	OSD-480	Arabidopsis thaliana		seedling			Space Flight			gravitropism	European Modular Cultivation System (EMCS)			pgm-1	RNA-seq		/mnt/shared-workspace/raw_osdr/counts/OSD-480_unnormalized_counts.csv
029pm4	OSDR	OSD-480	Arabidopsis thaliana		seedling			Space Flight			gravitropism	European Modular Cultivation System (EMCS)			pgm-1	RNA-seq		/mnt/shared-workspace/raw_osdr/counts/OSD-480_unnormalized_counts.csv
029pr1	OSDR	OSD-480	Arabidopsis thaliana		seedling			Space Flight			gravitropism	European Modular Cultivation System (EMCS)			pgm-1	RNA-seq		/mnt/shared-workspace/raw_osdr/counts/OSD-480_unnormalized_counts.csv
029pr2	OSDR	OSD-480	Arabidopsis thaliana		seedling			Space Flight			gravitropism	European Modular Cultivation System (EMCS)			pgm-1	RNA-seq		/mnt/shared-workspace/raw_osdr/counts/OSD-480_unnormalized_counts.csv
029pr3	OSDR	OSD-480	Arabidopsis thaliana		seedling			Space Flight			gravitropism	European Modular Cultivation System (EMCS)			pgm-1	RNA-seq		/mnt/shared-workspace/raw_osdr/counts/OSD-480_unnormalized_counts.csv
029pr4	OSDR	OSD-480	Arabidopsis thaliana		seedling			Space Flight			gravitropism	European Modular Cultivation System (EMCS)			pgm-1	RNA-seq		/mnt/shared-workspace/raw_osdr/counts/OSD-480_unnormalized_counts.csv
038cc1	OSDR	OSD-480	Arabidopsis thaliana		seedling			Space Flight			gravitropism	European Modular Cultivation System (EMCS)			Wild Type	RNA-seq		/mnt/shared-workspace/raw_osdr/counts/OSD-480_unnormalized_counts.csv
038cc2	OSDR	OSD-480	Arabidopsis thaliana		seedling			Space Flight			gravitropism	European Modular Cultivation System (EMCS)			Wild Type	RNA-seq		/mnt/shared-workspace/raw_osdr/counts/OSD-480_unnormalized_counts.csv
038cc3	OSDR	OSD-480	Arabidopsis thaliana		seedling			Space Flight			gravitropism	European Modular Cultivation System (EMCS)			Wild Type	RNA-seq		/mnt/shared-workspace/raw_osdr/counts/OSD-480_unnormalized_counts.csv
038cc4	OSDR	OSD-480	Arabidopsis thaliana		seedling			Space Flight			gravitropism	European Modular Cultivation System (EMCS)			Wild Type	RNA-seq		/mnt/shared-workspace/raw_osdr/counts/OSD-480_unnormalized_counts.csv
038cc5	OSDR	OSD-480	Arabidopsis thaliana		seedling			Space Flight			gravitropism	European Modular Cultivation System (EMCS)			Wild Type	RNA-seq		/mnt/shared-workspace/raw_osdr/counts/OSD-480_unnormalized_counts.csv
038cc6	OSDR	OSD-480	Arabidopsis thaliana		seedling			Space Flight			gravitropism	European Modular Cultivation System (EMCS)			Wild Type	RNA-seq		/mnt/shared-workspace/raw_osdr/counts/OSD-480_unnormalized_counts.csv
038cc7	OSDR	OSD-480	Arabidopsis thaliana		seedling			Space Flight			gravitropism	European Modular Cultivation System (EMCS)			Wild Type	RNA-seq		/mnt/shared-workspace/raw_osdr/counts/OSD-480_unnormalized_counts.csv
038cc8	OSDR	OSD-480	Arabidopsis thaliana		seedling			Space Flight			gravitropism	European Modular Cultivation System (EMCS)			Wild Type	RNA-seq		/mnt/shared-workspace/raw_osdr/counts/OSD-480_unnormalized_counts.csv
038ch1	OSDR	OSD-480	Arabidopsis thaliana		seedling			Space Flight			gravitropism	European Modular Cultivation System (EMCS)			Wild Type	RNA-seq		/mnt/shared-workspace/raw_osdr/counts/OSD-480_unnormalized_counts.csv
038ch2	OSDR	OSD-480	Arabidopsis thaliana		seedling			Space Flight			gravitropism	European Modular Cultivation System (EMCS)			Wild Type	RNA-seq		/mnt/shared-workspace/raw_osdr/counts/OSD-480_unnormalized_counts.csv
038ch3	OSDR	OSD-480	Arabidopsis thaliana		seedling			Space Flight			gravitropism	European Modular Cultivation System (EMCS)			Wild Type	RNA-seq		/mnt/shared-workspace/raw_osdr/counts/OSD-480_unnormalized_counts.csv
038ch4	OSDR	OSD-480	Arabidopsis thaliana		seedling			Space Flight			gravitropism	European Modular Cultivation System (EMCS)			Wild Type	RNA-seq		/mnt/shared-workspace/raw_osdr/counts/OSD-480_unnormalized_counts.csv
038ch5	OSDR	OSD-480	Arabidopsis thaliana		seedling			Space Flight			gravitropism	European Modular Cultivation System (EMCS)			Wild Type	RNA-seq		/mnt/shared-workspace/raw_osdr/counts/OSD-480_unnormalized_counts.csv
038ch6	OSDR	OSD-480	Arabidopsis thaliana		seedling			Space Flight			gravitropism	European Modular Cultivation System (EMCS)			Wild Type	RNA-seq		/mnt/shared-workspace/raw_osdr/counts/OSD-480_unnormalized_counts.csv
038ch7	OSDR	OSD-480	Arabidopsis thaliana		seedling			Space Flight			gravitropism	European Modular Cultivation System (EMCS)			Wild Type	RNA-seq		/mnt/shared-workspace/raw_osdr/counts/OSD-480_unnormalized_counts.csv
038ch8	OSDR	OSD-480	Arabidopsis thaliana		seedling			Space Flight			gravitropism	European Modular Cultivation System (EMCS)			Wild Type	RNA-seq		/mnt/shared-workspace/raw_osdr/counts/OSD-480_unnormalized_counts.csv
038cm1	OSDR	OSD-480	Arabidopsis thaliana		seedling			Space Flight			gravitropism	European Modular Cultivation System (EMCS)			Wild Type	RNA-seq		/mnt/shared-workspace/raw_osdr/counts/OSD-480_unnormalized_counts.csv
038cm2	OSDR	OSD-480	Arabidopsis thaliana		seedling			Space Flight			gravitropism	European Modular Cultivation System (EMCS)			Wild Type	RNA-seq		/mnt/shared-workspace/raw_osdr/counts/OSD-480_unnormalized_counts.csv
038cm3	OSDR	OSD-480	Arabidopsis thaliana		seedling			Space Flight			gravitropism	European Modular Cultivation System (EMCS)			Wild Type	RNA-seq		/mnt/shared-workspace/raw_osdr/counts/OSD-480_unnormalized_counts.csv
038cm4	OSDR	OSD-480	Arabidopsis thaliana		seedling			Space Flight			gravitropism	European Modular Cultivation System (EMCS)			Wild Type	RNA-seq		/mnt/shared-workspace/raw_osdr/counts/OSD-480_unnormalized_counts.csv
038cm5	OSDR	OSD-480	Arabidopsis thaliana		seedling			Space Flight			gravitropism	European Modular Cultivation System (EMCS)			Wild Type	RNA-seq		/mnt/shared-workspace/raw_osdr/counts/OSD-480_unnormalized_counts.csv
038cm6	OSDR	OSD-480	Arabidopsis thaliana		seedling			Space Flight			gravitropism	European Modular Cultivation System (EMCS)			Wild Type	RNA-seq		/mnt/shared-workspace/raw_osdr/counts/OSD-480_unnormalized_counts.csv
038cm7	OSDR	OSD-480	Arabidopsis thaliana		seedling			Space Flight			gravitropism	European Modular Cultivation System (EMCS)			Wild Type	RNA-seq		/mnt/shared-workspace/raw_osdr/counts/OSD-480_unnormalized_counts.csv
038cm8	OSDR	OSD-480	Arabidopsis thaliana		seedling			Space Flight			gravitropism	European Modular Cultivation System (EMCS)			Wild Type	RNA-seq		/mnt/shared-workspace/raw_osdr/counts/OSD-480_unnormalized_counts.csv
038cr1	OSDR	OSD-480	Arabidopsis thaliana		seedling			Space Flight			gravitropism	European Modular Cultivation System (EMCS)			Wild Type	RNA-seq		/mnt/shared-workspace/raw_osdr/counts/OSD-480_unnormalized_counts.csv
038cr2	OSDR	OSD-480	Arabidopsis thaliana		seedling			Space Flight			gravitropism	European Modular Cultivation System (EMCS)			Wild Type	RNA-seq		/mnt/shared-workspace/raw_osdr/counts/OSD-480_unnormalized_counts.csv
038cr3	OSDR	OSD-480	Arabidopsis thaliana		seedling			Space Flight			gravitropism	European Modular Cultivation System (EMCS)			Wild Type	RNA-seq		/mnt/shared-workspace/raw_osdr/counts/OSD-480_unnormalized_counts.csv
038cr4	OSDR	OSD-480	Arabidopsis thaliana		seedling			Space Flight			gravitropism	European Modular Cultivation System (EMCS)			Wild Type	RNA-seq		/mnt/shared-workspace/raw_osdr/counts/OSD-480_unnormalized_counts.csv
038cr5	OSDR	OSD-480	Arabidopsis thaliana		seedling			Space Flight			gravitropism	European Modular Cultivation System (EMCS)			Wild Type	RNA-seq		/mnt/shared-workspace/raw_osdr/counts/OSD-480_unnormalized_counts.csv
038cr6	OSDR	OSD-480	Arabidopsis thaliana		seedling			Space Flight			gravitropism	European Modular Cultivation System (EMCS)			Wild Type	RNA-seq		/mnt/shared-workspace/raw_osdr/counts/OSD-480_unnormalized_counts.csv
038cr7	OSDR	OSD-480	Arabidopsis thaliana		seedling			Space Flight			gravitropism	European Modular Cultivation System (EMCS)			Wild Type	RNA-seq		/mnt/shared-workspace/raw_osdr/counts/OSD-480_unnormalized_counts.csv
038cr8	OSDR	OSD-480	Arabidopsis thaliana		seedling			Space Flight			gravitropism	European Modular Cultivation System (EMCS)			Wild Type	RNA-seq		/mnt/shared-workspace/raw_osdr/counts/OSD-480_unnormalized_counts.csv
038pc1	OSDR	OSD-480	Arabidopsis thaliana		seedling			Space Flight			gravitropism	European Modular Cultivation System (EMCS)			pgm-1	RNA-seq		/mnt/shared-workspace/raw_osdr/counts/OSD-480_unnormalized_counts.csv
038pc2	OSDR	OSD-480	Arabidopsis thaliana		seedling			Space Flight			gravitropism	European Modular Cultivation System (EMCS)			pgm-1	RNA-seq		/mnt/shared-workspace/raw_osdr/counts/OSD-480_unnormalized_counts.csv
038pc3	OSDR	OSD-480	Arabidopsis thaliana		seedling			Space Flight			gravitropism	European Modular Cultivation System (EMCS)			pgm-1	RNA-seq		/mnt/shared-workspace/raw_osdr/counts/OSD-480_unnormalized_counts.csv
038pc4	OSDR	OSD-480	Arabidopsis thaliana		seedling			Space Flight			gravitropism	European Modular Cultivation System (EMCS)			pgm-1	RNA-seq		/mnt/shared-workspace/raw_osdr/counts/OSD-480_unnormalized_counts.csv
038ph1	OSDR	OSD-480	Arabidopsis thaliana		seedling			Space Flight			gravitropism	European Modular Cultivation System (EMCS)			pgm-1	RNA-seq		/mnt/shared-workspace/raw_osdr/counts/OSD-480_unnormalized_counts.csv
038ph2	OSDR	OSD-480	Arabidopsis thaliana		seedling			Space Flight			gravitropism	European Modular Cultivation System (EMCS)			pgm-1	RNA-seq		/mnt/shared-workspace/raw_osdr/counts/OSD-480_unnormalized_counts.csv
038ph3	OSDR	OSD-480	Arabidopsis thaliana		seedling			Space Flight			gravitropism	European Modular Cultivation System (EMCS)			pgm-1	RNA-seq		/mnt/shared-workspace/raw_osdr/counts/OSD-480_unnormalized_counts.csv
038ph4	OSDR	OSD-480	Arabidopsis thaliana		seedling			Space Flight			gravitropism	European Modular Cultivation System (EMCS)			pgm-1	RNA-seq		/mnt/shared-workspace/raw_osdr/counts/OSD-480_unnormalized_counts.csv
038pm1	OSDR	OSD-480	Arabidopsis thaliana		seedling			Space Flight			gravitropism	European Modular Cultivation System (EMCS)			pgm-1	RNA-seq		/mnt/shared-workspace/raw_osdr/counts/OSD-480_unnormalized_counts.csv
038pm2	OSDR	OSD-480	Arabidopsis thaliana		seedling			Space Flight			gravitropism	European Modular Cultivation System (EMCS)			pgm-1	RNA-seq		/mnt/shared-workspace/raw_osdr/counts/OSD-480_unnormalized_counts.csv
038pm3	OSDR	OSD-480	Arabidopsis thaliana		seedling			Space Flight			gravitropism	European Modular Cultivation System (EMCS)			pgm-1	RNA-seq		/mnt/shared-workspace/raw_osdr/counts/OSD-480_unnormalized_counts.csv
038pm4	OSDR	OSD-480	Arabidopsis thaliana		seedling			Space Flight			gravitropism	European Modular Cultivation System (EMCS)			pgm-1	RNA-seq		/mnt/shared-workspace/raw_osdr/counts/OSD-480_unnormalized_counts.csv
038pr1	OSDR	OSD-480	Arabidopsis thaliana		seedling			Space Flight			gravitropism	European Modular Cultivation System (EMCS)			pgm-1	RNA-seq		/mnt/shared-workspace/raw_osdr/counts/OSD-480_unnormalized_counts.csv
038pr2	OSDR	OSD-480	Arabidopsis thaliana		seedling			Space Flight			gravitropism	European Modular Cultivation System (EMCS)			pgm-1	RNA-seq		/mnt/shared-workspace/raw_osdr/counts/OSD-480_unnormalized_counts.csv
038pr3	OSDR	OSD-480	Arabidopsis thaliana		seedling			Space Flight			gravitropism	European Modular Cultivation System (EMCS)			pgm-1	RNA-seq		/mnt/shared-workspace/raw_osdr/counts/OSD-480_unnormalized_counts.csv
038pr4	OSDR	OSD-480	Arabidopsis thaliana		seedling			Space Flight			gravitropism	European Modular Cultivation System (EMCS)			pgm-1	RNA-seq		/mnt/shared-workspace/raw_osdr/counts/OSD-480_unnormalized_counts.csv
107cc1	OSDR	OSD-480	Arabidopsis thaliana		seedling			Space Flight			gravitropism	European Modular Cultivation System (EMCS)			Wild Type	RNA-seq		/mnt/shared-workspace/raw_osdr/counts/OSD-480_unnormalized_counts.csv
107cc2	OSDR	OSD-480	Arabidopsis thaliana		seedling			Space Flight			gravitropism	European Modular Cultivation System (EMCS)			Wild Type	RNA-seq		/mnt/shared-workspace/raw_osdr/counts/OSD-480_unnormalized_counts.csv
107cc3	OSDR	OSD-480	Arabidopsis thaliana		seedling			Space Flight			gravitropism	European Modular Cultivation System (EMCS)			Wild Type	RNA-seq		/mnt/shared-workspace/raw_osdr/counts/OSD-480_unnormalized_counts.csv
107cc4	OSDR	OSD-480	Arabidopsis thaliana		seedling			Space Flight			gravitropism	European Modular Cultivation System (EMCS)			Wild Type	RNA-seq		/mnt/shared-workspace/raw_osdr/counts/OSD-480_unnormalized_counts.csv
107ch1	OSDR	OSD-480	Arabidopsis thaliana		seedling			Space Flight			gravitropism	European Modular Cultivation System (EMCS)			Wild Type	RNA-seq		/mnt/shared-workspace/raw_osdr/counts/OSD-480_unnormalized_counts.csv
107ch2	OSDR	OSD-480	Arabidopsis thaliana		seedling			Space Flight			gravitropism	European Modular Cultivation System (EMCS)			Wild Type	RNA-seq		/mnt/shared-workspace/raw_osdr/counts/OSD-480_unnormalized_counts.csv
107ch3	OSDR	OSD-480	Arabidopsis thaliana		seedling			Space Flight			gravitropism	European Modular Cultivation System (EMCS)			Wild Type	RNA-seq		/mnt/shared-workspace/raw_osdr/counts/OSD-480_unnormalized_counts.csv
107ch4	OSDR	OSD-480	Arabidopsis thaliana		seedling			Space Flight			gravitropism	European Modular Cultivation System (EMCS)			Wild Type	RNA-seq		/mnt/shared-workspace/raw_osdr/counts/OSD-480_unnormalized_counts.csv
107cm1	OSDR	OSD-480	Arabidopsis thaliana		seedling			Space Flight			gravitropism	European Modular Cultivation System (EMCS)			Wild Type	RNA-seq		/mnt/shared-workspace/raw_osdr/counts/OSD-480_unnormalized_counts.csv
107cm2	OSDR	OSD-480	Arabidopsis thaliana		seedling			Space Flight			gravitropism	European Modular Cultivation System (EMCS)			Wild Type	RNA-seq		/mnt/shared-workspace/raw_osdr/counts/OSD-480_unnormalized_counts.csv
107cm3	OSDR	OSD-480	Arabidopsis thaliana		seedling			Space Flight			gravitropism	European Modular Cultivation System (EMCS)			Wild Type	RNA-seq		/mnt/shared-workspace/raw_osdr/counts/OSD-480_unnormalized_counts.csv
107cm4	OSDR	OSD-480	Arabidopsis thaliana		seedling			Space Flight			gravitropism	European Modular Cultivation System (EMCS)			Wild Type	RNA-seq		/mnt/shared-workspace/raw_osdr/counts/OSD-480_unnormalized_counts.csv
107cr1	OSDR	OSD-480	Arabidopsis thaliana		seedling			Space Flight			gravitropism	European Modular Cultivation System (EMCS)			Wild Type	RNA-seq		/mnt/shared-workspace/raw_osdr/counts/OSD-480_unnormalized_counts.csv
107cr2	OSDR	OSD-480	Arabidopsis thaliana		seedling			Space Flight			gravitropism	European Modular Cultivation System (EMCS)			Wild Type	RNA-seq		/mnt/shared-workspace/raw_osdr/counts/OSD-480_unnormalized_counts.csv
107cr3	OSDR	OSD-480	Arabidopsis thaliana		seedling			Space Flight			gravitropism	European Modular Cultivation System (EMCS)			Wild Type	RNA-seq		/mnt/shared-workspace/raw_osdr/counts/OSD-480_unnormalized_counts.csv
107cr4	OSDR	OSD-480	Arabidopsis thaliana		seedling			Space Flight			gravitropism	European Modular Cultivation System (EMCS)			Wild Type	RNA-seq		/mnt/shared-workspace/raw_osdr/counts/OSD-480_unnormalized_counts.csv
107pc1	OSDR	OSD-480	Arabidopsis thaliana		seedling			Space Flight			gravitropism	European Modular Cultivation System (EMCS)			pgm-1	RNA-seq		/mnt/shared-workspace/raw_osdr/counts/OSD-480_unnormalized_counts.csv
107pc2	OSDR	OSD-480	Arabidopsis thaliana		seedling			Space Flight			gravitropism	European Modular Cultivation System (EMCS)			pgm-1	RNA-seq		/mnt/shared-workspace/raw_osdr/counts/OSD-480_unnormalized_counts.csv
107ph1	OSDR	OSD-480	Arabidopsis thaliana		seedling			Space Flight			gravitropism	European Modular Cultivation System (EMCS)			pgm-1	RNA-seq		/mnt/shared-workspace/raw_osdr/counts/OSD-480_unnormalized_counts.csv
107ph2	OSDR	OSD-480	Arabidopsis thaliana		seedling			Space Flight			gravitropism	European Modular Cultivation System (EMCS)			pgm-1	RNA-seq		/mnt/shared-workspace/raw_osdr/counts/OSD-480_unnormalized_counts.csv
107pm1	OSDR	OSD-480	Arabidopsis thaliana		seedling			Space Flight			gravitropism	European Modular Cultivation System (EMCS)			pgm-1	RNA-seq		/mnt/shared-workspace/raw_osdr/counts/OSD-480_unnormalized_counts.csv
107pm2	OSDR	OSD-480	Arabidopsis thaliana		seedling			Space Flight			gravitropism	European Modular Cultivation System (EMCS)			pgm-1	RNA-seq		/mnt/shared-workspace/raw_osdr/counts/OSD-480_unnormalized_counts.csv
107pr1	OSDR	OSD-480	Arabidopsis thaliana		seedling			Space Flight			gravitropism	European Modular Cultivation System (EMCS)			pgm-1	RNA-seq		/mnt/shared-workspace/raw_osdr/counts/OSD-480_unnormalized_counts.csv
107pr2	OSDR	OSD-480	Arabidopsis thaliana		seedling			Space Flight			gravitropism	European Modular Cultivation System (EMCS)			pgm-1	RNA-seq		/mnt/shared-workspace/raw_osdr/counts/OSD-480_unnormalized_counts.csv
127cc1	OSDR	OSD-480	Arabidopsis thaliana		seedling			Space Flight			gravitropism	European Modular Cultivation System (EMCS)			Wild Type	RNA-seq		/mnt/shared-workspace/raw_osdr/counts/OSD-480_unnormalized_counts.csv
127cc2	OSDR	OSD-480	Arabidopsis thaliana		seedling			Space Flight			gravitropism	European Modular Cultivation System (EMCS)			Wild Type	RNA-seq		/mnt/shared-workspace/raw_osdr/counts/OSD-480_unnormalized_counts.csv
127cc3	OSDR	OSD-480	Arabidopsis thaliana		seedling			Space Flight			gravitropism	European Modular Cultivation System (EMCS)			Wild Type	RNA-seq		/mnt/shared-workspace/raw_osdr/counts/OSD-480_unnormalized_counts.csv
127cc4	OSDR	OSD-480	Arabidopsis thaliana		seedling			Space Flight			gravitropism	European Modular Cultivation System (EMCS)			Wild Type	RNA-seq		/mnt/shared-workspace/raw_osdr/counts/OSD-480_unnormalized_counts.csv
127ch1	OSDR	OSD-480	Arabidopsis thaliana		seedling			Space Flight			gravitropism	European Modular Cultivation System (EMCS)			Wild Type	RNA-seq		/mnt/shared-workspace/raw_osdr/counts/OSD-480_unnormalized_counts.csv
127ch2	OSDR	OSD-480	Arabidopsis thaliana		seedling			Space Flight			gravitropism	European Modular Cultivation System (EMCS)			Wild Type	RNA-seq		/mnt/shared-workspace/raw_osdr/counts/OSD-480_unnormalized_counts.csv
127ch3	OSDR	OSD-480	Arabidopsis thaliana		seedling			Space Flight			gravitropism	European Modular Cultivation System (EMCS)			Wild Type	RNA-seq		/mnt/shared-workspace/raw_osdr/counts/OSD-480_unnormalized_counts.csv
127ch4	OSDR	OSD-480	Arabidopsis thaliana		seedling			Space Flight			gravitropism	European Modular Cultivation System (EMCS)			Wild Type	RNA-seq		/mnt/shared-workspace/raw_osdr/counts/OSD-480_unnormalized_counts.csv
127cm1	OSDR	OSD-480	Arabidopsis thaliana		seedling			Space Flight			gravitropism	European Modular Cultivation System (EMCS)			Wild Type	RNA-seq		/mnt/shared-workspace/raw_osdr/counts/OSD-480_unnormalized_counts.csv
127cm2	OSDR	OSD-480	Arabidopsis thaliana		seedling			Space Flight			gravitropism	European Modular Cultivation System (EMCS)			Wild Type	RNA-seq		/mnt/shared-workspace/raw_osdr/counts/OSD-480_unnormalized_counts.csv
127cm3	OSDR	OSD-480	Arabidopsis thaliana		seedling			Space Flight			gravitropism	European Modular Cultivation System (EMCS)			Wild Type	RNA-seq		/mnt/shared-workspace/raw_osdr/counts/OSD-480_unnormalized_counts.csv
127cm4	OSDR	OSD-480	Arabidopsis thaliana		seedling			Space Flight			gravitropism	European Modular Cultivation System (EMCS)			Wild Type	RNA-seq		/mnt/shared-workspace/raw_osdr/counts/OSD-480_unnormalized_counts.csv
127cr1	OSDR	OSD-480	Arabidopsis thaliana		seedling			Space Flight			gravitropism	European Modular Cultivation System (EMCS)			Wild Type	RNA-seq		/mnt/shared-workspace/raw_osdr/counts/OSD-480_unnormalized_counts.csv
127cr2	OSDR	OSD-480	Arabidopsis thaliana		seedling			Space Flight			gravitropism	European Modular Cultivation System (EMCS)			Wild Type	RNA-seq		/mnt/shared-workspace/raw_osdr/counts/OSD-480_unnormalized_counts.csv
127cr3	OSDR	OSD-480	Arabidopsis thaliana		seedling			Space Flight			gravitropism	European Modular Cultivation System (EMCS)			Wild Type	RNA-seq		/mnt/shared-workspace/raw_osdr/counts/OSD-480_unnormalized_counts.csv
127cr4	OSDR	OSD-480	Arabidopsis thaliana		seedling			Space Flight			gravitropism	European Modular Cultivation System (EMCS)			Wild Type	RNA-seq		/mnt/shared-workspace/raw_osdr/counts/OSD-480_unnormalized_counts.csv
127pc1	OSDR	OSD-480	Arabidopsis thaliana		seedling			Space Flight			gravitropism	European Modular Cultivation System (EMCS)			pgm-1	RNA-seq		/mnt/shared-workspace/raw_osdr/counts/OSD-480_unnormalized_counts.csv
127pc2	OSDR	OSD-480	Arabidopsis thaliana		seedling			Space Flight			gravitropism	European Modular Cultivation System (EMCS)			pgm-1	RNA-seq		/mnt/shared-workspace/raw_osdr/counts/OSD-480_unnormalized_counts.csv
127pc3	OSDR	OSD-480	Arabidopsis thaliana		seedling			Space Flight			gravitropism	European Modular Cultivation System (EMCS)			pgm-1	RNA-seq		/mnt/shared-workspace/raw_osdr/counts/OSD-480_unnormalized_counts.csv
127pc4	OSDR	OSD-480	Arabidopsis thaliana		seedling			Space Flight			gravitropism	European Modular Cultivation System (EMCS)			pgm-1	RNA-seq		/mnt/shared-workspace/raw_osdr/counts/OSD-480_unnormalized_counts.csv
127ph1	OSDR	OSD-480	Arabidopsis thaliana		seedling			Space Flight			gravitropism	European Modular Cultivation System (EMCS)			pgm-1	RNA-seq		/mnt/shared-workspace/raw_osdr/counts/OSD-480_unnormalized_counts.csv
127ph2	OSDR	OSD-480	Arabidopsis thaliana		seedling			Space Flight			gravitropism	European Modular Cultivation System (EMCS)			pgm-1	RNA-seq		/mnt/shared-workspace/raw_osdr/counts/OSD-480_unnormalized_counts.csv
127ph3	OSDR	OSD-480	Arabidopsis thaliana		seedling			Space Flight			gravitropism	European Modular Cultivation System (EMCS)			pgm-1	RNA-seq		/mnt/shared-workspace/raw_osdr/counts/OSD-480_unnormalized_counts.csv
127ph4	OSDR	OSD-480	Arabidopsis thaliana		seedling			Space Flight			gravitropism	European Modular Cultivation System (EMCS)			pgm-1	RNA-seq		/mnt/shared-workspace/raw_osdr/counts/OSD-480_unnormalized_counts.csv
127pm1	OSDR	OSD-480	Arabidopsis thaliana		seedling			Space Flight			gravitropism	European Modular Cultivation System (EMCS)			pgm-1	RNA-seq		/mnt/shared-workspace/raw_osdr/counts/OSD-480_unnormalized_counts.csv
127pm2	OSDR	OSD-480	Arabidopsis thaliana		seedling			Space Flight			gravitropism	European Modular Cultivation System (EMCS)			pgm-1	RNA-seq		/mnt/shared-workspace/raw_osdr/counts/OSD-480_unnormalized_counts.csv
127pm3	OSDR	OSD-480	Arabidopsis thaliana		seedling			Space Flight			gravitropism	European Modular Cultivation System (EMCS)			pgm-1	RNA-seq		/mnt/shared-workspace/raw_osdr/counts/OSD-480_unnormalized_counts.csv
127pm4	OSDR	OSD-480	Arabidopsis thaliana		seedling			Space Flight			gravitropism	European Modular Cultivation System (EMCS)			pgm-1	RNA-seq		/mnt/shared-workspace/raw_osdr/counts/OSD-480_unnormalized_counts.csv
127pr1	OSDR	OSD-480	Arabidopsis thaliana		seedling			Space Flight			gravitropism	European Modular Cultivation System (EMCS)			pgm-1	RNA-seq		/mnt/shared-workspace/raw_osdr/counts/OSD-480_unnormalized_counts.csv
127pr2	OSDR	OSD-480	Arabidopsis thaliana		seedling			Space Flight			gravitropism	European Modular Cultivation System (EMCS)			pgm-1	RNA-seq		/mnt/shared-workspace/raw_osdr/counts/OSD-480_unnormalized_counts.csv
127pr3	OSDR	OSD-480	Arabidopsis thaliana		seedling			Space Flight			gravitropism	European Modular Cultivation System (EMCS)			pgm-1	RNA-seq		/mnt/shared-workspace/raw_osdr/counts/OSD-480_unnormalized_counts.csv
127pr4	OSDR	OSD-480	Arabidopsis thaliana		seedling			Space Flight			gravitropism	European Modular Cultivation System (EMCS)			pgm-1	RNA-seq		/mnt/shared-workspace/raw_osdr/counts/OSD-480_unnormalized_counts.csv
166cc1	OSDR	OSD-480	Arabidopsis thaliana		seedling			Space Flight			gravitropism	European Modular Cultivation System (EMCS)			Wild Type	RNA-seq		/mnt/shared-workspace/raw_osdr/counts/OSD-480_unnormalized_counts.csv
166cc2	OSDR	OSD-480	Arabidopsis thaliana		seedling			Space Flight			gravitropism	European Modular Cultivation System (EMCS)			Wild Type	RNA-seq		/mnt/shared-workspace/raw_osdr/counts/OSD-480_unnormalized_counts.csv
166cc3	OSDR	OSD-480	Arabidopsis thaliana		seedling			Space Flight			gravitropism	European Modular Cultivation System (EMCS)			Wild Type	RNA-seq		/mnt/shared-workspace/raw_osdr/counts/OSD-480_unnormalized_counts.csv
166cc4	OSDR	OSD-480	Arabidopsis thaliana		seedling			Space Flight			gravitropism	European Modular Cultivation System (EMCS)			Wild Type	RNA-seq		/mnt/shared-workspace/raw_osdr/counts/OSD-480_unnormalized_counts.csv
166ch1	OSDR	OSD-480	Arabidopsis thaliana		seedling			Space Flight			gravitropism	European Modular Cultivation System (EMCS)			Wild Type	RNA-seq		/mnt/shared-workspace/raw_osdr/counts/OSD-480_unnormalized_counts.csv
166ch2	OSDR	OSD-480	Arabidopsis thaliana		seedling			Space Flight			gravitropism	European Modular Cultivation System (EMCS)			Wild Type	RNA-seq		/mnt/shared-workspace/raw_osdr/counts/OSD-480_unnormalized_counts.csv
166ch3	OSDR	OSD-480	Arabidopsis thaliana		seedling			Space Flight			gravitropism	European Modular Cultivation System (EMCS)			Wild Type	RNA-seq		/mnt/shared-workspace/raw_osdr/counts/OSD-480_unnormalized_counts.csv
166ch4	OSDR	OSD-480	Arabidopsis thaliana		seedling			Space Flight			gravitropism	European Modular Cultivation System (EMCS)			Wild Type	RNA-seq		/mnt/shared-workspace/raw_osdr/counts/OSD-480_unnormalized_counts.csv
166cm1	OSDR	OSD-480	Arabidopsis thaliana		seedling			Space Flight			gravitropism	European Modular Cultivation System (EMCS)			Wild Type	RNA-seq		/mnt/shared-workspace/raw_osdr/counts/OSD-480_unnormalized_counts.csv
166cm2	OSDR	OSD-480	Arabidopsis thaliana		seedling			Space Flight			gravitropism	European Modular Cultivation System (EMCS)			Wild Type	RNA-seq		/mnt/shared-workspace/raw_osdr/counts/OSD-480_unnormalized_counts.csv
166cm3	OSDR	OSD-480	Arabidopsis thaliana		seedling			Space Flight			gravitropism	European Modular Cultivation System (EMCS)			Wild Type	RNA-seq		/mnt/shared-workspace/raw_osdr/counts/OSD-480_unnormalized_counts.csv
166cm4	OSDR	OSD-480	Arabidopsis thaliana		seedling			Space Flight			gravitropism	European Modular Cultivation System (EMCS)			Wild Type	RNA-seq		/mnt/shared-workspace/raw_osdr/counts/OSD-480_unnormalized_counts.csv
166cr1	OSDR	OSD-480	Arabidopsis thaliana		seedling			Space Flight			gravitropism	European Modular Cultivation System (EMCS)			Wild Type	RNA-seq		/mnt/shared-workspace/raw_osdr/counts/OSD-480_unnormalized_counts.csv
166cr2	OSDR	OSD-480	Arabidopsis thaliana		seedling			Space Flight			gravitropism	European Modular Cultivation System (EMCS)			Wild Type	RNA-seq		/mnt/shared-workspace/raw_osdr/counts/OSD-480_unnormalized_counts.csv
166cr3	OSDR	OSD-480	Arabidopsis thaliana		seedling			Space Flight			gravitropism	European Modular Cultivation System (EMCS)			Wild Type	RNA-seq		/mnt/shared-workspace/raw_osdr/counts/OSD-480_unnormalized_counts.csv
166cr4	OSDR	OSD-480	Arabidopsis thaliana		seedling			Space Flight			gravitropism	European Modular Cultivation System (EMCS)			Wild Type	RNA-seq		/mnt/shared-workspace/raw_osdr/counts/OSD-480_unnormalized_counts.csv
166pc1	OSDR	OSD-480	Arabidopsis thaliana		seedling			Space Flight			gravitropism	European Modular Cultivation System (EMCS)			pgm-1	RNA-seq		/mnt/shared-workspace/raw_osdr/counts/OSD-480_unnormalized_counts.csv
166pc2	OSDR	OSD-480	Arabidopsis thaliana		seedling			Space Flight			gravitropism	European Modular Cultivation System (EMCS)			pgm-1	RNA-seq		/mnt/shared-workspace/raw_osdr/counts/OSD-480_unnormalized_counts.csv
166pc3	OSDR	OSD-480	Arabidopsis thaliana		seedling			Space Flight			gravitropism	European Modular Cultivation System (EMCS)			pgm-1	RNA-seq		/mnt/shared-workspace/raw_osdr/counts/OSD-480_unnormalized_counts.csv
166pc4	OSDR	OSD-480	Arabidopsis thaliana		seedling			Space Flight			gravitropism	European Modular Cultivation System (EMCS)			pgm-1	RNA-seq		/mnt/shared-workspace/raw_osdr/counts/OSD-480_unnormalized_counts.csv
166ph1	OSDR	OSD-480	Arabidopsis thaliana		seedling			Space Flight			gravitropism	European Modular Cultivation System (EMCS)			pgm-1	RNA-seq		/mnt/shared-workspace/raw_osdr/counts/OSD-480_unnormalized_counts.csv
166ph2	OSDR	OSD-480	Arabidopsis thaliana		seedling			Space Flight			gravitropism	European Modular Cultivation System (EMCS)			pgm-1	RNA-seq		/mnt/shared-workspace/raw_osdr/counts/OSD-480_unnormalized_counts.csv
166ph3	OSDR	OSD-480	Arabidopsis thaliana		seedling			Space Flight			gravitropism	European Modular Cultivation System (EMCS)			pgm-1	RNA-seq		/mnt/shared-workspace/raw_osdr/counts/OSD-480_unnormalized_counts.csv
166ph4	OSDR	OSD-480	Arabidopsis thaliana		seedling			Space Flight			gravitropism	European Modular Cultivation System (EMCS)			pgm-1	RNA-seq		/mnt/shared-workspace/raw_osdr/counts/OSD-480_unnormalized_counts.csv
166pm1	OSDR	OSD-480	Arabidopsis thaliana		seedling			Space Flight			gravitropism	European Modular Cultivation System (EMCS)			pgm-1	RNA-seq		/mnt/shared-workspace/raw_osdr/counts/OSD-480_unnormalized_counts.csv
166pm2	OSDR	OSD-480	Arabidopsis thaliana		seedling			Space Flight			gravitropism	European Modular Cultivation System (EMCS)			pgm-1	RNA-seq		/mnt/shared-workspace/raw_osdr/counts/OSD-480_unnormalized_counts.csv
166pm3	OSDR	OSD-480	Arabidopsis thaliana		seedling			Space Flight			gravitropism	European Modular Cultivation System (EMCS)			pgm-1	RNA-seq		/mnt/shared-workspace/raw_osdr/counts/OSD-480_unnormalized_counts.csv
166pm4	OSDR	OSD-480	Arabidopsis thaliana		seedling			Space Flight			gravitropism	European Modular Cultivation System (EMCS)			pgm-1	RNA-seq		/mnt/shared-workspace/raw_osdr/counts/OSD-480_unnormalized_counts.csv
166pr1	OSDR	OSD-480	Arabidopsis thaliana		seedling			Space Flight			gravitropism	European Modular Cultivation System (EMCS)			pgm-1	RNA-seq		/mnt/shared-workspace/raw_osdr/counts/OSD-480_unnormalized_counts.csv
166pr2	OSDR	OSD-480	Arabidopsis thaliana		seedling			Space Flight			gravitropism	European Modular Cultivation System (EMCS)			pgm-1	RNA-seq		/mnt/shared-workspace/raw_osdr/counts/OSD-480_unnormalized_counts.csv
166pr3	OSDR	OSD-480	Arabidopsis thaliana		seedling			Space Flight			gravitropism	European Modular Cultivation System (EMCS)			pgm-1	RNA-seq		/mnt/shared-workspace/raw_osdr/counts/OSD-480_unnormalized_counts.csv
166pr4	OSDR	OSD-480	Arabidopsis thaliana		seedling			Space Flight			gravitropism	European Modular Cultivation System (EMCS)			pgm-1	RNA-seq		/mnt/shared-workspace/raw_osdr/counts/OSD-480_unnormalized_counts.csv
1cc1	OSDR	OSD-480	Arabidopsis thaliana		seedling			Space Flight			gravitropism	European Modular Cultivation System (EMCS)			Wild Type	RNA-seq		/mnt/shared-workspace/raw_osdr/counts/OSD-480_unnormalized_counts.csv
1cc2	OSDR	OSD-480	Arabidopsis thaliana		seedling			Space Flight			gravitropism	European Modular Cultivation System (EMCS)			Wild Type	RNA-seq		/mnt/shared-workspace/raw_osdr/counts/OSD-480_unnormalized_counts.csv
1cc3	OSDR	OSD-480	Arabidopsis thaliana		seedling			Space Flight			gravitropism	European Modular Cultivation System (EMCS)			Wild Type	RNA-seq		/mnt/shared-workspace/raw_osdr/counts/OSD-480_unnormalized_counts.csv
1cc4	OSDR	OSD-480	Arabidopsis thaliana		seedling			Space Flight			gravitropism	European Modular Cultivation System (EMCS)			Wild Type	RNA-seq		/mnt/shared-workspace/raw_osdr/counts/OSD-480_unnormalized_counts.csv
1ch1	OSDR	OSD-480	Arabidopsis thaliana		seedling			Space Flight			gravitropism	European Modular Cultivation System (EMCS)			Wild Type	RNA-seq		/mnt/shared-workspace/raw_osdr/counts/OSD-480_unnormalized_counts.csv
1ch2	OSDR	OSD-480	Arabidopsis thaliana		seedling			Space Flight			gravitropism	European Modular Cultivation System (EMCS)			Wild Type	RNA-seq		/mnt/shared-workspace/raw_osdr/counts/OSD-480_unnormalized_counts.csv
1ch3	OSDR	OSD-480	Arabidopsis thaliana		seedling			Space Flight			gravitropism	European Modular Cultivation System (EMCS)			Wild Type	RNA-seq		/mnt/shared-workspace/raw_osdr/counts/OSD-480_unnormalized_counts.csv
1ch4	OSDR	OSD-480	Arabidopsis thaliana		seedling			Space Flight			gravitropism	European Modular Cultivation System (EMCS)			Wild Type	RNA-seq		/mnt/shared-workspace/raw_osdr/counts/OSD-480_unnormalized_counts.csv
1cm1	OSDR	OSD-480	Arabidopsis thaliana		seedling			Space Flight			gravitropism	European Modular Cultivation System (EMCS)			Wild Type	RNA-seq		/mnt/shared-workspace/raw_osdr/counts/OSD-480_unnormalized_counts.csv
1cm2	OSDR	OSD-480	Arabidopsis thaliana		seedling			Space Flight			gravitropism	European Modular Cultivation System (EMCS)			Wild Type	RNA-seq		/mnt/shared-workspace/raw_osdr/counts/OSD-480_unnormalized_counts.csv
1cm3	OSDR	OSD-480	Arabidopsis thaliana		seedling			Space Flight			gravitropism	European Modular Cultivation System (EMCS)			Wild Type	RNA-seq		/mnt/shared-workspace/raw_osdr/counts/OSD-480_unnormalized_counts.csv
1cm4	OSDR	OSD-480	Arabidopsis thaliana		seedling			Space Flight			gravitropism	European Modular Cultivation System (EMCS)			Wild Type	RNA-seq		/mnt/shared-workspace/raw_osdr/counts/OSD-480_unnormalized_counts.csv
1cr1	OSDR	OSD-480	Arabidopsis thaliana		seedling			Space Flight			gravitropism	European Modular Cultivation System (EMCS)			Wild Type	RNA-seq		/mnt/shared-workspace/raw_osdr/counts/OSD-480_unnormalized_counts.csv
1cr2	OSDR	OSD-480	Arabidopsis thaliana		seedling			Space Flight			gravitropism	European Modular Cultivation System (EMCS)			Wild Type	RNA-seq		/mnt/shared-workspace/raw_osdr/counts/OSD-480_unnormalized_counts.csv
1cr3	OSDR	OSD-480	Arabidopsis thaliana		seedling			Space Flight			gravitropism	European Modular Cultivation System (EMCS)			Wild Type	RNA-seq		/mnt/shared-workspace/raw_osdr/counts/OSD-480_unnormalized_counts.csv
1cr4	OSDR	OSD-480	Arabidopsis thaliana		seedling			Space Flight			gravitropism	European Modular Cultivation System (EMCS)			Wild Type	RNA-seq		/mnt/shared-workspace/raw_osdr/counts/OSD-480_unnormalized_counts.csv
1pc1	OSDR	OSD-480	Arabidopsis thaliana		seedling			Space Flight			gravitropism	European Modular Cultivation System (EMCS)			pgm-1	RNA-seq		/mnt/shared-workspace/raw_osdr/counts/OSD-480_unnormalized_counts.csv
1pc2	OSDR	OSD-480	Arabidopsis thaliana		seedling			Space Flight			gravitropism	European Modular Cultivation System (EMCS)			pgm-1	RNA-seq		/mnt/shared-workspace/raw_osdr/counts/OSD-480_unnormalized_counts.csv
1pc3	OSDR	OSD-480	Arabidopsis thaliana		seedling			Space Flight			gravitropism	European Modular Cultivation System (EMCS)			pgm-1	RNA-seq		/mnt/shared-workspace/raw_osdr/counts/OSD-480_unnormalized_counts.csv
1pc4	OSDR	OSD-480	Arabidopsis thaliana		seedling			Space Flight			gravitropism	European Modular Cultivation System (EMCS)			pgm-1	RNA-seq		/mnt/shared-workspace/raw_osdr/counts/OSD-480_unnormalized_counts.csv
1ph1	OSDR	OSD-480	Arabidopsis thaliana		seedling			Space Flight			gravitropism	European Modular Cultivation System (EMCS)			pgm-1	RNA-seq		/mnt/shared-workspace/raw_osdr/counts/OSD-480_unnormalized_counts.csv
1ph2	OSDR	OSD-480	Arabidopsis thaliana		seedling			Space Flight			gravitropism	European Modular Cultivation System (EMCS)			pgm-1	RNA-seq		/mnt/shared-workspace/raw_osdr/counts/OSD-480_unnormalized_counts.csv
1ph3	OSDR	OSD-480	Arabidopsis thaliana		seedling			Space Flight			gravitropism	European Modular Cultivation System (EMCS)			pgm-1	RNA-seq		/mnt/shared-workspace/raw_osdr/counts/OSD-480_unnormalized_counts.csv
1ph4	OSDR	OSD-480	Arabidopsis thaliana		seedling			Space Flight			gravitropism	European Modular Cultivation System (EMCS)			pgm-1	RNA-seq		/mnt/shared-workspace/raw_osdr/counts/OSD-480_unnormalized_counts.csv
1pm1	OSDR	OSD-480	Arabidopsis thaliana		seedling			Space Flight			gravitropism	European Modular Cultivation System (EMCS)			pgm-1	RNA-seq		/mnt/shared-workspace/raw_osdr/counts/OSD-480_unnormalized_counts.csv
1pm2	OSDR	OSD-480	Arabidopsis thaliana		seedling			Space Flight			gravitropism	European Modular Cultivation System (EMCS)			pgm-1	RNA-seq		/mnt/shared-workspace/raw_osdr/counts/OSD-480_unnormalized_counts.csv
1pm3	OSDR	OSD-480	Arabidopsis thaliana		seedling			Space Flight			gravitropism	European Modular Cultivation System (EMCS)			pgm-1	RNA-seq		/mnt/shared-workspace/raw_osdr/counts/OSD-480_unnormalized_counts.csv
1pm4	OSDR	OSD-480	Arabidopsis thaliana		seedling			Space Flight			gravitropism	European Modular Cultivation System (EMCS)			pgm-1	RNA-seq		/mnt/shared-workspace/raw_osdr/counts/OSD-480_unnormalized_counts.csv
1pr1	OSDR	OSD-480	Arabidopsis thaliana		seedling			Space Flight			gravitropism	European Modular Cultivation System (EMCS)			pgm-1	RNA-seq		/mnt/shared-workspace/raw_osdr/counts/OSD-480_unnormalized_counts.csv
1pr2	OSDR	OSD-480	Arabidopsis thaliana		seedling			Space Flight			gravitropism	European Modular Cultivation System (EMCS)			pgm-1	RNA-seq		/mnt/shared-workspace/raw_osdr/counts/OSD-480_unnormalized_counts.csv
1pr3	OSDR	OSD-480	Arabidopsis thaliana		seedling			Space Flight			gravitropism	European Modular Cultivation System (EMCS)			pgm-1	RNA-seq		/mnt/shared-workspace/raw_osdr/counts/OSD-480_unnormalized_counts.csv
1pr4	OSDR	OSD-480	Arabidopsis thaliana		seedling			Space Flight			gravitropism	European Modular Cultivation System (EMCS)			pgm-1	RNA-seq		/mnt/shared-workspace/raw_osdr/counts/OSD-480_unnormalized_counts.csv
526cc1	OSDR	OSD-480	Arabidopsis thaliana		seedling			Space Flight			gravitropism	European Modular Cultivation System (EMCS)			Wild Type	RNA-seq		/mnt/shared-workspace/raw_osdr/counts/OSD-480_unnormalized_counts.csv
526cc2	OSDR	OSD-480	Arabidopsis thaliana		seedling			Space Flight			gravitropism	European Modular Cultivation System (EMCS)			Wild Type	RNA-seq		/mnt/shared-workspace/raw_osdr/counts/OSD-480_unnormalized_counts.csv
526cc3	OSDR	OSD-480	Arabidopsis thaliana		seedling			Space Flight			gravitropism	European Modular Cultivation System (EMCS)			Wild Type	RNA-seq		/mnt/shared-workspace/raw_osdr/counts/OSD-480_unnormalized_counts.csv
526cc4	OSDR	OSD-480	Arabidopsis thaliana		seedling			Space Flight			gravitropism	European Modular Cultivation System (EMCS)			Wild Type	RNA-seq		/mnt/shared-workspace/raw_osdr/counts/OSD-480_unnormalized_counts.csv
526ch1	OSDR	OSD-480	Arabidopsis thaliana		seedling			Space Flight			gravitropism	European Modular Cultivation System (EMCS)			Wild Type	RNA-seq		/mnt/shared-workspace/raw_osdr/counts/OSD-480_unnormalized_counts.csv
526ch2	OSDR	OSD-480	Arabidopsis thaliana		seedling			Space Flight			gravitropism	European Modular Cultivation System (EMCS)			Wild Type	RNA-seq		/mnt/shared-workspace/raw_osdr/counts/OSD-480_unnormalized_counts.csv
526ch3	OSDR	OSD-480	Arabidopsis thaliana		seedling			Space Flight			gravitropism	European Modular Cultivation System (EMCS)			Wild Type	RNA-seq		/mnt/shared-workspace/raw_osdr/counts/OSD-480_unnormalized_counts.csv
526ch4	OSDR	OSD-480	Arabidopsis thaliana		seedling			Space Flight			gravitropism	European Modular Cultivation System (EMCS)			Wild Type	RNA-seq		/mnt/shared-workspace/raw_osdr/counts/OSD-480_unnormalized_counts.csv
526cm1	OSDR	OSD-480	Arabidopsis thaliana		seedling			Space Flight			gravitropism	European Modular Cultivation System (EMCS)			Wild Type	RNA-seq		/mnt/shared-workspace/raw_osdr/counts/OSD-480_unnormalized_counts.csv
526cm2	OSDR	OSD-480	Arabidopsis thaliana		seedling			Space Flight			gravitropism	European Modular Cultivation System (EMCS)			Wild Type	RNA-seq		/mnt/shared-workspace/raw_osdr/counts/OSD-480_unnormalized_counts.csv
526cm3	OSDR	OSD-480	Arabidopsis thaliana		seedling			Space Flight			gravitropism	European Modular Cultivation System (EMCS)			Wild Type	RNA-seq		/mnt/shared-workspace/raw_osdr/counts/OSD-480_unnormalized_counts.csv
526cm4	OSDR	OSD-480	Arabidopsis thaliana		seedling			Space Flight			gravitropism	European Modular Cultivation System (EMCS)			Wild Type	RNA-seq		/mnt/shared-workspace/raw_osdr/counts/OSD-480_unnormalized_counts.csv
526cr1	OSDR	OSD-480	Arabidopsis thaliana		seedling			Space Flight			gravitropism	European Modular Cultivation System (EMCS)			Wild Type	RNA-seq		/mnt/shared-workspace/raw_osdr/counts/OSD-480_unnormalized_counts.csv
526cr2	OSDR	OSD-480	Arabidopsis thaliana		seedling			Space Flight			gravitropism	European Modular Cultivation System (EMCS)			Wild Type	RNA-seq		/mnt/shared-workspace/raw_osdr/counts/OSD-480_unnormalized_counts.csv
526cr3	OSDR	OSD-480	Arabidopsis thaliana		seedling			Space Flight			gravitropism	European Modular Cultivation System (EMCS)			Wild Type	RNA-seq		/mnt/shared-workspace/raw_osdr/counts/OSD-480_unnormalized_counts.csv
526cr4	OSDR	OSD-480	Arabidopsis thaliana		seedling			Space Flight			gravitropism	European Modular Cultivation System (EMCS)			Wild Type	RNA-seq		/mnt/shared-workspace/raw_osdr/counts/OSD-480_unnormalized_counts.csv
526pc1	OSDR	OSD-480	Arabidopsis thaliana		seedling			Space Flight			gravitropism	European Modular Cultivation System (EMCS)			pgm-1	RNA-seq		/mnt/shared-workspace/raw_osdr/counts/OSD-480_unnormalized_counts.csv
526pc2	OSDR	OSD-480	Arabidopsis thaliana		seedling			Space Flight			gravitropism	European Modular Cultivation System (EMCS)			pgm-1	RNA-seq		/mnt/shared-workspace/raw_osdr/counts/OSD-480_unnormalized_counts.csv
526pc3	OSDR	OSD-480	Arabidopsis thaliana		seedling			Space Flight			gravitropism	European Modular Cultivation System (EMCS)			pgm-1	RNA-seq		/mnt/shared-workspace/raw_osdr/counts/OSD-480_unnormalized_counts.csv
526pc4	OSDR	OSD-480	Arabidopsis thaliana		seedling			Space Flight			gravitropism	European Modular Cultivation System (EMCS)			pgm-1	RNA-seq		/mnt/shared-workspace/raw_osdr/counts/OSD-480_unnormalized_counts.csv
526ph1	OSDR	OSD-480	Arabidopsis thaliana		seedling			Space Flight			gravitropism	European Modular Cultivation System (EMCS)			pgm-1	RNA-seq		/mnt/shared-workspace/raw_osdr/counts/OSD-480_unnormalized_counts.csv
526ph2	OSDR	OSD-480	Arabidopsis thaliana		seedling			Space Flight			gravitropism	European Modular Cultivation System (EMCS)			pgm-1	RNA-seq		/mnt/shared-workspace/raw_osdr/counts/OSD-480_unnormalized_counts.csv
526ph3	OSDR	OSD-480	Arabidopsis thaliana		seedling			Space Flight			gravitropism	European Modular Cultivation System (EMCS)			pgm-1	RNA-seq		/mnt/shared-workspace/raw_osdr/counts/OSD-480_unnormalized_counts.csv
526ph4	OSDR	OSD-480	Arabidopsis thaliana		seedling			Space Flight			gravitropism	European Modular Cultivation System (EMCS)			pgm-1	RNA-seq		/mnt/shared-workspace/raw_osdr/counts/OSD-480_unnormalized_counts.csv
526pm1	OSDR	OSD-480	Arabidopsis thaliana		seedling			Space Flight			gravitropism	European Modular Cultivation System (EMCS)			pgm-1	RNA-seq		/mnt/shared-workspace/raw_osdr/counts/OSD-480_unnormalized_counts.csv
526pm2	OSDR	OSD-480	Arabidopsis thaliana		seedling			Space Flight			gravitropism	European Modular Cultivation System (EMCS)			pgm-1	RNA-seq		/mnt/shared-workspace/raw_osdr/counts/OSD-480_unnormalized_counts.csv
526pm3	OSDR	OSD-480	Arabidopsis thaliana		seedling			Space Flight			gravitropism	European Modular Cultivation System (EMCS)			pgm-1	RNA-seq		/mnt/shared-workspace/raw_osdr/counts/OSD-480_unnormalized_counts.csv
526pm4	OSDR	OSD-480	Arabidopsis thaliana		seedling			Space Flight			gravitropism	European Modular Cultivation System (EMCS)			pgm-1	RNA-seq		/mnt/shared-workspace/raw_osdr/counts/OSD-480_unnormalized_counts.csv
526pr1	OSDR	OSD-480	Arabidopsis thaliana		seedling			Space Flight			gravitropism	European Modular Cultivation System (EMCS)			pgm-1	RNA-seq		/mnt/shared-workspace/raw_osdr/counts/OSD-480_unnormalized_counts.csv
526pr2	OSDR	OSD-480	Arabidopsis thaliana		seedling			Space Flight			gravitropism	European Modular Cultivation System (EMCS)			pgm-1	RNA-seq		/mnt/shared-workspace/raw_osdr/counts/OSD-480_unnormalized_counts.csv
526pr3	OSDR	OSD-480	Arabidopsis thaliana		seedling			Space Flight			gravitropism	European Modular Cultivation System (EMCS)			pgm-1	RNA-seq		/mnt/shared-workspace/raw_osdr/counts/OSD-480_unnormalized_counts.csv
526pr4	OSDR	OSD-480	Arabidopsis thaliana		seedling			Space Flight			gravitropism	European Modular Cultivation System (EMCS)			pgm-1	RNA-seq		/mnt/shared-workspace/raw_osdr/counts/OSD-480_unnormalized_counts.csv
645cc1	OSDR	OSD-480	Arabidopsis thaliana		seedling			Space Flight			gravitropism	European Modular Cultivation System (EMCS)			Wild Type	RNA-seq		/mnt/shared-workspace/raw_osdr/counts/OSD-480_unnormalized_counts.csv
645cc2	OSDR	OSD-480	Arabidopsis thaliana		seedling			Space Flight			gravitropism	European Modular Cultivation System (EMCS)			Wild Type	RNA-seq		/mnt/shared-workspace/raw_osdr/counts/OSD-480_unnormalized_counts.csv
645cc3	OSDR	OSD-480	Arabidopsis thaliana		seedling			Space Flight			gravitropism	European Modular Cultivation System (EMCS)			Wild Type	RNA-seq		/mnt/shared-workspace/raw_osdr/counts/OSD-480_unnormalized_counts.csv
645cc4	OSDR	OSD-480	Arabidopsis thaliana		seedling			Space Flight			gravitropism	European Modular Cultivation System (EMCS)			Wild Type	RNA-seq		/mnt/shared-workspace/raw_osdr/counts/OSD-480_unnormalized_counts.csv
645ch1	OSDR	OSD-480	Arabidopsis thaliana		seedling			Space Flight			gravitropism	European Modular Cultivation System (EMCS)			Wild Type	RNA-seq		/mnt/shared-workspace/raw_osdr/counts/OSD-480_unnormalized_counts.csv
645ch2	OSDR	OSD-480	Arabidopsis thaliana		seedling			Space Flight			gravitropism	European Modular Cultivation System (EMCS)			Wild Type	RNA-seq		/mnt/shared-workspace/raw_osdr/counts/OSD-480_unnormalized_counts.csv
645ch3	OSDR	OSD-480	Arabidopsis thaliana		seedling			Space Flight			gravitropism	European Modular Cultivation System (EMCS)			Wild Type	RNA-seq		/mnt/shared-workspace/raw_osdr/counts/OSD-480_unnormalized_counts.csv
645ch4	OSDR	OSD-480	Arabidopsis thaliana		seedling			Space Flight			gravitropism	European Modular Cultivation System (EMCS)			Wild Type	RNA-seq		/mnt/shared-workspace/raw_osdr/counts/OSD-480_unnormalized_counts.csv
645cm1	OSDR	OSD-480	Arabidopsis thaliana		seedling			Space Flight			gravitropism	European Modular Cultivation System (EMCS)			Wild Type	RNA-seq		/mnt/shared-workspace/raw_osdr/counts/OSD-480_unnormalized_counts.csv
645cm2	OSDR	OSD-480	Arabidopsis thaliana		seedling			Space Flight			gravitropism	European Modular Cultivation System (EMCS)			Wild Type	RNA-seq		/mnt/shared-workspace/raw_osdr/counts/OSD-480_unnormalized_counts.csv
645cm3	OSDR	OSD-480	Arabidopsis thaliana		seedling			Space Flight			gravitropism	European Modular Cultivation System (EMCS)			Wild Type	RNA-seq		/mnt/shared-workspace/raw_osdr/counts/OSD-480_unnormalized_counts.csv
645cm4	OSDR	OSD-480	Arabidopsis thaliana		seedling			Space Flight			gravitropism	European Modular Cultivation System (EMCS)			Wild Type	RNA-seq		/mnt/shared-workspace/raw_osdr/counts/OSD-480_unnormalized_counts.csv
645cr1	OSDR	OSD-480	Arabidopsis thaliana		seedling			Space Flight			gravitropism	European Modular Cultivation System (EMCS)			Wild Type	RNA-seq		/mnt/shared-workspace/raw_osdr/counts/OSD-480_unnormalized_counts.csv
645cr2	OSDR	OSD-480	Arabidopsis thaliana		seedling			Space Flight			gravitropism	European Modular Cultivation System (EMCS)			Wild Type	RNA-seq		/mnt/shared-workspace/raw_osdr/counts/OSD-480_unnormalized_counts.csv
645cr3	OSDR	OSD-480	Arabidopsis thaliana		seedling			Space Flight			gravitropism	European Modular Cultivation System (EMCS)			Wild Type	RNA-seq		/mnt/shared-workspace/raw_osdr/counts/OSD-480_unnormalized_counts.csv
645cr4	OSDR	OSD-480	Arabidopsis thaliana		seedling			Space Flight			gravitropism	European Modular Cultivation System (EMCS)			Wild Type	RNA-seq		/mnt/shared-workspace/raw_osdr/counts/OSD-480_unnormalized_counts.csv
645pc1	OSDR	OSD-480	Arabidopsis thaliana		seedling			Space Flight			gravitropism	European Modular Cultivation System (EMCS)			pgm-1	RNA-seq		/mnt/shared-workspace/raw_osdr/counts/OSD-480_unnormalized_counts.csv
645pc2	OSDR	OSD-480	Arabidopsis thaliana		seedling			Space Flight			gravitropism	European Modular Cultivation System (EMCS)			pgm-1	RNA-seq		/mnt/shared-workspace/raw_osdr/counts/OSD-480_unnormalized_counts.csv
645pc3	OSDR	OSD-480	Arabidopsis thaliana		seedling			Space Flight			gravitropism	European Modular Cultivation System (EMCS)			pgm-1	RNA-seq		/mnt/shared-workspace/raw_osdr/counts/OSD-480_unnormalized_counts.csv
645pc4	OSDR	OSD-480	Arabidopsis thaliana		seedling			Space Flight			gravitropism	European Modular Cultivation System (EMCS)			pgm-1	RNA-seq		/mnt/shared-workspace/raw_osdr/counts/OSD-480_unnormalized_counts.csv
645ph1	OSDR	OSD-480	Arabidopsis thaliana		seedling			Space Flight			gravitropism	European Modular Cultivation System (EMCS)			pgm-1	RNA-seq		/mnt/shared-workspace/raw_osdr/counts/OSD-480_unnormalized_counts.csv
645ph2	OSDR	OSD-480	Arabidopsis thaliana		seedling			Space Flight			gravitropism	European Modular Cultivation System (EMCS)			pgm-1	RNA-seq		/mnt/shared-workspace/raw_osdr/counts/OSD-480_unnormalized_counts.csv
645ph3	OSDR	OSD-480	Arabidopsis thaliana		seedling			Space Flight			gravitropism	European Modular Cultivation System (EMCS)			pgm-1	RNA-seq		/mnt/shared-workspace/raw_osdr/counts/OSD-480_unnormalized_counts.csv
645ph4	OSDR	OSD-480	Arabidopsis thaliana		seedling			Space Flight			gravitropism	European Modular Cultivation System (EMCS)			pgm-1	RNA-seq		/mnt/shared-workspace/raw_osdr/counts/OSD-480_unnormalized_counts.csv
645pm1	OSDR	OSD-480	Arabidopsis thaliana		seedling			Space Flight			gravitropism	European Modular Cultivation System (EMCS)			pgm-1	RNA-seq		/mnt/shared-workspace/raw_osdr/counts/OSD-480_unnormalized_counts.csv
645pm2	OSDR	OSD-480	Arabidopsis thaliana		seedling			Space Flight			gravitropism	European Modular Cultivation System (EMCS)			pgm-1	RNA-seq		/mnt/shared-workspace/raw_osdr/counts/OSD-480_unnormalized_counts.csv
645pm3	OSDR	OSD-480	Arabidopsis thaliana		seedling			Space Flight			gravitropism	European Modular Cultivation System (EMCS)			pgm-1	RNA-seq		/mnt/shared-workspace/raw_osdr/counts/OSD-480_unnormalized_counts.csv
645pm4	OSDR	OSD-480	Arabidopsis thaliana		seedling			Space Flight			gravitropism	European Modular Cultivation System (EMCS)			pgm-1	RNA-seq		/mnt/shared-workspace/raw_osdr/counts/OSD-480_unnormalized_counts.csv
645pr1	OSDR	OSD-480	Arabidopsis thaliana		seedling			Space Flight			gravitropism	European Modular Cultivation System (EMCS)			pgm-1	RNA-seq		/mnt/shared-workspace/raw_osdr/counts/OSD-480_unnormalized_counts.csv
645pr2	OSDR	OSD-480	Arabidopsis thaliana		seedling			Space Flight			gravitropism	European Modular Cultivation System (EMCS)			pgm-1	RNA-seq		/mnt/shared-workspace/raw_osdr/counts/OSD-480_unnormalized_counts.csv
645pr3	OSDR	OSD-480	Arabidopsis thaliana		seedling			Space Flight			gravitropism	European Modular Cultivation System (EMCS)			pgm-1	RNA-seq		/mnt/shared-workspace/raw_osdr/counts/OSD-480_unnormalized_counts.csv
645pr4	OSDR	OSD-480	Arabidopsis thaliana		seedling			Space Flight			gravitropism	European Modular Cultivation System (EMCS)			pgm-1	RNA-seq		/mnt/shared-workspace/raw_osdr/counts/OSD-480_unnormalized_counts.csv
763cc1	OSDR	OSD-480	Arabidopsis thaliana		seedling			Space Flight			gravitropism	European Modular Cultivation System (EMCS)			Wild Type	RNA-seq		/mnt/shared-workspace/raw_osdr/counts/OSD-480_unnormalized_counts.csv
763cc2	OSDR	OSD-480	Arabidopsis thaliana		seedling			Space Flight			gravitropism	European Modular Cultivation System (EMCS)			Wild Type	RNA-seq		/mnt/shared-workspace/raw_osdr/counts/OSD-480_unnormalized_counts.csv
763cc3	OSDR	OSD-480	Arabidopsis thaliana		seedling			Space Flight			gravitropism	European Modular Cultivation System (EMCS)			Wild Type	RNA-seq		/mnt/shared-workspace/raw_osdr/counts/OSD-480_unnormalized_counts.csv
763cc4	OSDR	OSD-480	Arabidopsis thaliana		seedling			Space Flight			gravitropism	European Modular Cultivation System (EMCS)			Wild Type	RNA-seq		/mnt/shared-workspace/raw_osdr/counts/OSD-480_unnormalized_counts.csv
763ch1	OSDR	OSD-480	Arabidopsis thaliana		seedling			Space Flight			gravitropism	European Modular Cultivation System (EMCS)			Wild Type	RNA-seq		/mnt/shared-workspace/raw_osdr/counts/OSD-480_unnormalized_counts.csv
763ch2	OSDR	OSD-480	Arabidopsis thaliana		seedling			Space Flight			gravitropism	European Modular Cultivation System (EMCS)			Wild Type	RNA-seq		/mnt/shared-workspace/raw_osdr/counts/OSD-480_unnormalized_counts.csv
763ch3	OSDR	OSD-480	Arabidopsis thaliana		seedling			Space Flight			gravitropism	European Modular Cultivation System (EMCS)			Wild Type	RNA-seq		/mnt/shared-workspace/raw_osdr/counts/OSD-480_unnormalized_counts.csv
763ch4	OSDR	OSD-480	Arabidopsis thaliana		seedling			Space Flight			gravitropism	European Modular Cultivation System (EMCS)			Wild Type	RNA-seq		/mnt/shared-workspace/raw_osdr/counts/OSD-480_unnormalized_counts.csv
763cm1	OSDR	OSD-480	Arabidopsis thaliana		seedling			Space Flight			gravitropism	European Modular Cultivation System (EMCS)			Wild Type	RNA-seq		/mnt/shared-workspace/raw_osdr/counts/OSD-480_unnormalized_counts.csv
763cm2	OSDR	OSD-480	Arabidopsis thaliana		seedling			Space Flight			gravitropism	European Modular Cultivation System (EMCS)			Wild Type	RNA-seq		/mnt/shared-workspace/raw_osdr/counts/OSD-480_unnormalized_counts.csv
763cm3	OSDR	OSD-480	Arabidopsis thaliana		seedling			Space Flight			gravitropism	European Modular Cultivation System (EMCS)			Wild Type	RNA-seq		/mnt/shared-workspace/raw_osdr/counts/OSD-480_unnormalized_counts.csv
763cm4	OSDR	OSD-480	Arabidopsis thaliana		seedling			Space Flight			gravitropism	European Modular Cultivation System (EMCS)			Wild Type	RNA-seq		/mnt/shared-workspace/raw_osdr/counts/OSD-480_unnormalized_counts.csv
763cr1	OSDR	OSD-480	Arabidopsis thaliana		seedling			Space Flight			gravitropism	European Modular Cultivation System (EMCS)			Wild Type	RNA-seq		/mnt/shared-workspace/raw_osdr/counts/OSD-480_unnormalized_counts.csv
763cr2	OSDR	OSD-480	Arabidopsis thaliana		seedling			Space Flight			gravitropism	European Modular Cultivation System (EMCS)			Wild Type	RNA-seq		/mnt/shared-workspace/raw_osdr/counts/OSD-480_unnormalized_counts.csv
763cr3	OSDR	OSD-480	Arabidopsis thaliana		seedling			Space Flight			gravitropism	European Modular Cultivation System (EMCS)			Wild Type	RNA-seq		/mnt/shared-workspace/raw_osdr/counts/OSD-480_unnormalized_counts.csv
763cr4	OSDR	OSD-480	Arabidopsis thaliana		seedling			Space Flight			gravitropism	European Modular Cultivation System (EMCS)			Wild Type	RNA-seq		/mnt/shared-workspace/raw_osdr/counts/OSD-480_unnormalized_counts.csv
763pc1	OSDR	OSD-480	Arabidopsis thaliana		seedling			Space Flight			gravitropism	European Modular Cultivation System (EMCS)			pgm-1	RNA-seq		/mnt/shared-workspace/raw_osdr/counts/OSD-480_unnormalized_counts.csv
763pc2	OSDR	OSD-480	Arabidopsis thaliana		seedling			Space Flight			gravitropism	European Modular Cultivation System (EMCS)			pgm-1	RNA-seq		/mnt/shared-workspace/raw_osdr/counts/OSD-480_unnormalized_counts.csv
763pc3	OSDR	OSD-480	Arabidopsis thaliana		seedling			Space Flight			gravitropism	European Modular Cultivation System (EMCS)			pgm-1	RNA-seq		/mnt/shared-workspace/raw_osdr/counts/OSD-480_unnormalized_counts.csv
763pc4	OSDR	OSD-480	Arabidopsis thaliana		seedling			Space Flight			gravitropism	European Modular Cultivation System (EMCS)			pgm-1	RNA-seq		/mnt/shared-workspace/raw_osdr/counts/OSD-480_unnormalized_counts.csv
763ph1	OSDR	OSD-480	Arabidopsis thaliana		seedling			Space Flight			gravitropism	European Modular Cultivation System (EMCS)			pgm-1	RNA-seq		/mnt/shared-workspace/raw_osdr/counts/OSD-480_unnormalized_counts.csv
763ph2	OSDR	OSD-480	Arabidopsis thaliana		seedling			Space Flight			gravitropism	European Modular Cultivation System (EMCS)			pgm-1	RNA-seq		/mnt/shared-workspace/raw_osdr/counts/OSD-480_unnormalized_counts.csv
763ph3	OSDR	OSD-480	Arabidopsis thaliana		seedling			Space Flight			gravitropism	European Modular Cultivation System (EMCS)			pgm-1	RNA-seq		/mnt/shared-workspace/raw_osdr/counts/OSD-480_unnormalized_counts.csv
763ph4	OSDR	OSD-480	Arabidopsis thaliana		seedling			Space Flight			gravitropism	European Modular Cultivation System (EMCS)			pgm-1	RNA-seq		/mnt/shared-workspace/raw_osdr/counts/OSD-480_unnormalized_counts.csv
763pm1	OSDR	OSD-480	Arabidopsis thaliana		seedling			Space Flight			gravitropism	European Modular Cultivation System (EMCS)			pgm-1	RNA-seq		/mnt/shared-workspace/raw_osdr/counts/OSD-480_unnormalized_counts.csv
763pm2	OSDR	OSD-480	Arabidopsis thaliana		seedling			Space Flight			gravitropism	European Modular Cultivation System (EMCS)			pgm-1	RNA-seq		/mnt/shared-workspace/raw_osdr/counts/OSD-480_unnormalized_counts.csv
763pm3	OSDR	OSD-480	Arabidopsis thaliana		seedling			Space Flight			gravitropism	European Modular Cultivation System (EMCS)			pgm-1	RNA-seq		/mnt/shared-workspace/raw_osdr/counts/OSD-480_unnormalized_counts.csv
763pm4	OSDR	OSD-480	Arabidopsis thaliana		seedling			Space Flight			gravitropism	European Modular Cultivation System (EMCS)			pgm-1	RNA-seq		/mnt/shared-workspace/raw_osdr/counts/OSD-480_unnormalized_counts.csv
763pr1	OSDR	OSD-480	Arabidopsis thaliana		seedling			Space Flight			gravitropism	European Modular Cultivation System (EMCS)			pgm-1	RNA-seq		/mnt/shared-workspace/raw_osdr/counts/OSD-480_unnormalized_counts.csv
763pr2	OSDR	OSD-480	Arabidopsis thaliana		seedling			Space Flight			gravitropism	European Modular Cultivation System (EMCS)			pgm-1	RNA-seq		/mnt/shared-workspace/raw_osdr/counts/OSD-480_unnormalized_counts.csv
763pr3	OSDR	OSD-480	Arabidopsis thaliana		seedling			Space Flight			gravitropism	European Modular Cultivation System (EMCS)			pgm-1	RNA-seq		/mnt/shared-workspace/raw_osdr/counts/OSD-480_unnormalized_counts.csv
763pr4	OSDR	OSD-480	Arabidopsis thaliana		seedling			Space Flight			gravitropism	European Modular Cultivation System (EMCS)			pgm-1	RNA-seq		/mnt/shared-workspace/raw_osdr/counts/OSD-480_unnormalized_counts.csv
20220218_MEM-MIX3_Frac1	OSDR	OSD-522	Arabidopsis thaliana		seedling	Col-0		Space Flight			gravitropism					RNA-seq		/mnt/shared-workspace/raw_osdr/counts/OSD-522_unnormalized_counts.csv
20220218_MEM-MIX3_Frac2	OSDR	OSD-522	Arabidopsis thaliana		seedling	Col-0		Space Flight			gravitropism					RNA-seq		/mnt/shared-workspace/raw_osdr/counts/OSD-522_unnormalized_counts.csv
20220218_MEM-MIX3_Frac3	OSDR	OSD-522	Arabidopsis thaliana		seedling	Col-0		Space Flight			gravitropism					RNA-seq		/mnt/shared-workspace/raw_osdr/counts/OSD-522_unnormalized_counts.csv
20220218_MEM-MIX3_Frac4	OSDR	OSD-522	Arabidopsis thaliana		seedling	Col-0		Ground Control			gravitropism					RNA-seq		/mnt/shared-workspace/raw_osdr/counts/OSD-522_unnormalized_counts.csv
20220218_MEM-MIX3_Frac5.raw	OSDR	OSD-522	Arabidopsis thaliana		seedling	Col-0		Ground Control			gravitropism					RNA-seq		/mnt/shared-workspace/raw_osdr/counts/OSD-522_unnormalized_counts.csv
20220218_MEM-MIX3_Frac6	OSDR	OSD-522	Arabidopsis thaliana		seedling	Col-0		Ground Control			gravitropism					RNA-seq		/mnt/shared-workspace/raw_osdr/counts/OSD-522_unnormalized_counts.csv
20220218_MEM-MIX4_Frac1	OSDR	OSD-522	Arabidopsis thaliana		seedling	Col-0		Space Flight			gravitropism					RNA-seq		/mnt/shared-workspace/raw_osdr/counts/OSD-522_unnormalized_counts.csv
20220218_MEM-MIX4_Frac2	OSDR	OSD-522	Arabidopsis thaliana		seedling	Col-0		Space Flight			gravitropism					RNA-seq		/mnt/shared-workspace/raw_osdr/counts/OSD-522_unnormalized_counts.csv
20220218_MEM-MIX4_Frac3	OSDR	OSD-522	Arabidopsis thaliana		seedling	Col-0		Space Flight			gravitropism					RNA-seq		/mnt/shared-workspace/raw_osdr/counts/OSD-522_unnormalized_counts.csv
20220218_MEM-MIX4_Frac4	OSDR	OSD-522	Arabidopsis thaliana		seedling	Col-0		Ground Control			gravitropism					RNA-seq		/mnt/shared-workspace/raw_osdr/counts/OSD-522_unnormalized_counts.csv
20220218_MEM-MIX4_Frac5	OSDR	OSD-522	Arabidopsis thaliana		seedling	Col-0		Ground Control			gravitropism					RNA-seq		/mnt/shared-workspace/raw_osdr/counts/OSD-522_unnormalized_counts.csv
20220218_MEM-MIX4_Frac6	OSDR	OSD-522	Arabidopsis thaliana		seedling	Col-0		Ground Control			gravitropism					RNA-seq		/mnt/shared-workspace/raw_osdr/counts/OSD-522_unnormalized_counts.csv
20220218_SOL-MIX1_Frac1	OSDR	OSD-522	Arabidopsis thaliana		seedling	Col-0		Space Flight			gravitropism					RNA-seq		/mnt/shared-workspace/raw_osdr/counts/OSD-522_unnormalized_counts.csv
20220218_SOL-MIX1_Frac2	OSDR	OSD-522	Arabidopsis thaliana		seedling	Col-0		Space Flight			gravitropism					RNA-seq		/mnt/shared-workspace/raw_osdr/counts/OSD-522_unnormalized_counts.csv
20220218_SOL-MIX1_Frac3	OSDR	OSD-522	Arabidopsis thaliana		seedling	Col-0		Space Flight			gravitropism					RNA-seq		/mnt/shared-workspace/raw_osdr/counts/OSD-522_unnormalized_counts.csv
20220218_SOL-MIX1_Frac4	OSDR	OSD-522	Arabidopsis thaliana		seedling	Col-0		Ground Control			gravitropism					RNA-seq		/mnt/shared-workspace/raw_osdr/counts/OSD-522_unnormalized_counts.csv
20220218_SOL-MIX1_Frac5	OSDR	OSD-522	Arabidopsis thaliana		seedling	Col-0		Ground Control			gravitropism					RNA-seq		/mnt/shared-workspace/raw_osdr/counts/OSD-522_unnormalized_counts.csv
20220218_SOL-MIX1_Frac6	OSDR	OSD-522	Arabidopsis thaliana		seedling	Col-0		Ground Control			gravitropism					RNA-seq		/mnt/shared-workspace/raw_osdr/counts/OSD-522_unnormalized_counts.csv
20220218_SOL-MIX2_Frac1	OSDR	OSD-522	Arabidopsis thaliana		seedling	Col-0		Space Flight			gravitropism					RNA-seq		/mnt/shared-workspace/raw_osdr/counts/OSD-522_unnormalized_counts.csv
20220218_SOL-MIX2_Frac2	OSDR	OSD-522	Arabidopsis thaliana		seedling	Col-0		Space Flight			gravitropism					RNA-seq		/mnt/shared-workspace/raw_osdr/counts/OSD-522_unnormalized_counts.csv
20220218_SOL-MIX2_Frac3	OSDR	OSD-522	Arabidopsis thaliana		seedling	Col-0		Space Flight			gravitropism					RNA-seq		/mnt/shared-workspace/raw_osdr/counts/OSD-522_unnormalized_counts.csv
20220218_SOL-MIX2_Frac4	OSDR	OSD-522	Arabidopsis thaliana		seedling	Col-0		Ground Control			gravitropism					RNA-seq		/mnt/shared-workspace/raw_osdr/counts/OSD-522_unnormalized_counts.csv
20220218_SOL-MIX2_Frac5	OSDR	OSD-522	Arabidopsis thaliana		seedling	Col-0		Ground Control			gravitropism					RNA-seq		/mnt/shared-workspace/raw_osdr/counts/OSD-522_unnormalized_counts.csv
20220218_SOL-MIX2_Frac6	OSDR	OSD-522	Arabidopsis thaliana		seedling	Col-0		Ground Control			gravitropism					RNA-seq		/mnt/shared-workspace/raw_osdr/counts/OSD-522_unnormalized_counts.csv
FT-A2_S7_L001	OSDR	OSD-522	Arabidopsis thaliana		seedling	Col-0		Space Flight			gravitropism					RNA-seq		/mnt/shared-workspace/raw_osdr/counts/OSD-522_unnormalized_counts.csv
FT-B2_S8_L001	OSDR	OSD-522	Arabidopsis thaliana		seedling	Col-0		Space Flight			gravitropism					RNA-seq		/mnt/shared-workspace/raw_osdr/counts/OSD-522_unnormalized_counts.csv
FT-C2_S9_L001	OSDR	OSD-522	Arabidopsis thaliana		seedling	Col-0		Space Flight			gravitropism					RNA-seq		/mnt/shared-workspace/raw_osdr/counts/OSD-522_unnormalized_counts.csv
FT-D2_S10_L001	OSDR	OSD-522	Arabidopsis thaliana		seedling	Col-0		Space Flight			gravitropism					RNA-seq		/mnt/shared-workspace/raw_osdr/counts/OSD-522_unnormalized_counts.csv
FT-E2_S11_L001	OSDR	OSD-522	Arabidopsis thaliana		seedling	Col-0		Space Flight			gravitropism					RNA-seq		/mnt/shared-workspace/raw_osdr/counts/OSD-522_unnormalized_counts.csv
FT-F2_S12_L001	OSDR	OSD-522	Arabidopsis thaliana		seedling	Col-0		Space Flight			gravitropism					RNA-seq		/mnt/shared-workspace/raw_osdr/counts/OSD-522_unnormalized_counts.csv
GC-A2_S1_L001	OSDR	OSD-522	Arabidopsis thaliana		seedling	Col-0		Ground Control			gravitropism					RNA-seq		/mnt/shared-workspace/raw_osdr/counts/OSD-522_unnormalized_counts.csv
GC-B2_S2_L001	OSDR	OSD-522	Arabidopsis thaliana		seedling	Col-0		Ground Control			gravitropism					RNA-seq		/mnt/shared-workspace/raw_osdr/counts/OSD-522_unnormalized_counts.csv
GC-C2_S3_L001	OSDR	OSD-522	Arabidopsis thaliana		seedling	Col-0		Ground Control			gravitropism					RNA-seq		/mnt/shared-workspace/raw_osdr/counts/OSD-522_unnormalized_counts.csv
GC-D2_S4_L001	OSDR	OSD-522	Arabidopsis thaliana		seedling	Col-0		Ground Control			gravitropism					RNA-seq		/mnt/shared-workspace/raw_osdr/counts/OSD-522_unnormalized_counts.csv
GC-E2_S5_L001	OSDR	OSD-522	Arabidopsis thaliana		seedling	Col-0		Ground Control			gravitropism					RNA-seq		/mnt/shared-workspace/raw_osdr/counts/OSD-522_unnormalized_counts.csv
GC-F2_S6_L001	OSDR	OSD-522	Arabidopsis thaliana		seedling	Col-0		Ground Control			gravitropism					RNA-seq		/mnt/shared-workspace/raw_osdr/counts/OSD-522_unnormalized_counts.csv
Flight_Col-0_Dark_bio_rep1	OSDR	OSD-678	Arabidopsis thaliana		seedling			Space Flight			gravitropism	Petri Dish		ambient temperature	Wild Type	RNA-seq		/mnt/shared-workspace/raw_osdr/counts/OSD-678_unnormalized_counts.csv
Flight_Col-0_Dark_bio_rep2	OSDR	OSD-678	Arabidopsis thaliana		seedling			Space Flight			gravitropism	Petri Dish		ambient temperature	Wild Type	RNA-seq		/mnt/shared-workspace/raw_osdr/counts/OSD-678_unnormalized_counts.csv
Flight_Col-0_Dark_bio_rep3	OSDR	OSD-678	Arabidopsis thaliana		seedling			Space Flight			gravitropism	Petri Dish		ambient temperature	Wild Type	RNA-seq		/mnt/shared-workspace/raw_osdr/counts/OSD-678_unnormalized_counts.csv
Flight_Col-0_Light_bio_rep1	OSDR	OSD-678	Arabidopsis thaliana		seedling			Space Flight			gravitropism	Petri Dish		ambient temperature	Wild Type	RNA-seq		/mnt/shared-workspace/raw_osdr/counts/OSD-678_unnormalized_counts.csv
Flight_Col-0_Light_bio_rep2	OSDR	OSD-678	Arabidopsis thaliana		seedling			Space Flight			gravitropism	Petri Dish		ambient temperature	Wild Type	RNA-seq		/mnt/shared-workspace/raw_osdr/counts/OSD-678_unnormalized_counts.csv
Flight_Col-0_Light_bio_rep3	OSDR	OSD-678	Arabidopsis thaliana		seedling			Space Flight			gravitropism	Petri Dish		ambient temperature	Wild Type	RNA-seq		/mnt/shared-workspace/raw_osdr/counts/OSD-678_unnormalized_counts.csv
Flight_Ws_Dark_bio_rep1	OSDR	OSD-678	Arabidopsis thaliana		seedling			Space Flight			gravitropism	Petri Dish		ambient temperature	Wild Type	RNA-seq		/mnt/shared-workspace/raw_osdr/counts/OSD-678_unnormalized_counts.csv
Flight_Ws_Dark_bio_rep2	OSDR	OSD-678	Arabidopsis thaliana		seedling			Space Flight			gravitropism	Petri Dish		ambient temperature	Wild Type	RNA-seq		/mnt/shared-workspace/raw_osdr/counts/OSD-678_unnormalized_counts.csv
Flight_Ws_Dark_bio_rep3	OSDR	OSD-678	Arabidopsis thaliana		seedling			Space Flight			gravitropism	Petri Dish		ambient temperature	Wild Type	RNA-seq		/mnt/shared-workspace/raw_osdr/counts/OSD-678_unnormalized_counts.csv
Flight_Ws_Light_bio_rep1	OSDR	OSD-678	Arabidopsis thaliana		seedling			Space Flight			gravitropism	Petri Dish		ambient temperature	Wild Type	RNA-seq		/mnt/shared-workspace/raw_osdr/counts/OSD-678_unnormalized_counts.csv
Flight_Ws_Light_bio_rep2	OSDR	OSD-678	Arabidopsis thaliana		seedling			Space Flight			gravitropism	Petri Dish		ambient temperature	Wild Type	RNA-seq		/mnt/shared-workspace/raw_osdr/counts/OSD-678_unnormalized_counts.csv
Flight_Ws_Light_bio_rep3	OSDR	OSD-678	Arabidopsis thaliana		seedling			Space Flight			gravitropism	Petri Dish		ambient temperature	Wild Type	RNA-seq		/mnt/shared-workspace/raw_osdr/counts/OSD-678_unnormalized_counts.csv
Flight_phyD_Dark_bio_rep1	OSDR	OSD-678	Arabidopsis thaliana		seedling			Space Flight			gravitropism	Petri Dish		ambient temperature	phyD mutant	RNA-seq		/mnt/shared-workspace/raw_osdr/counts/OSD-678_unnormalized_counts.csv
Flight_phyD_Dark_bio_rep2	OSDR	OSD-678	Arabidopsis thaliana		seedling			Space Flight			gravitropism	Petri Dish		ambient temperature	phyD mutant	RNA-seq		/mnt/shared-workspace/raw_osdr/counts/OSD-678_unnormalized_counts.csv
Flight_phyD_Dark_bio_rep3	OSDR	OSD-678	Arabidopsis thaliana		seedling			Space Flight			gravitropism	Petri Dish		ambient temperature	phyD mutant	RNA-seq		/mnt/shared-workspace/raw_osdr/counts/OSD-678_unnormalized_counts.csv
Flight_phyD_Light_bio_rep1	OSDR	OSD-678	Arabidopsis thaliana		seedling			Space Flight			gravitropism	Petri Dish		ambient temperature	phyD mutant	RNA-seq		/mnt/shared-workspace/raw_osdr/counts/OSD-678_unnormalized_counts.csv
Flight_phyD_Light_bio_rep2	OSDR	OSD-678	Arabidopsis thaliana		seedling			Space Flight			gravitropism	Petri Dish		ambient temperature	phyD mutant	RNA-seq		/mnt/shared-workspace/raw_osdr/counts/OSD-678_unnormalized_counts.csv
Flight_phyD_Light_bio_rep3	OSDR	OSD-678	Arabidopsis thaliana		seedling			Space Flight			gravitropism	Petri Dish		ambient temperature	phyD mutant	RNA-seq		/mnt/shared-workspace/raw_osdr/counts/OSD-678_unnormalized_counts.csv
Ground_control_Col-0_Dark_bio_rep1	OSDR	OSD-678	Arabidopsis thaliana		seedling			Ground Control			gravitropism	Petri Dish		ambient temperature	Wild Type	RNA-seq		/mnt/shared-workspace/raw_osdr/counts/OSD-678_unnormalized_counts.csv
Ground_control_Col-0_Dark_bio_rep2	OSDR	OSD-678	Arabidopsis thaliana		seedling			Ground Control			gravitropism	Petri Dish		ambient temperature	Wild Type	RNA-seq		/mnt/shared-workspace/raw_osdr/counts/OSD-678_unnormalized_counts.csv
Ground_control_Col-0_Dark_bio_rep3	OSDR	OSD-678	Arabidopsis thaliana		seedling			Ground Control			gravitropism	Petri Dish		ambient temperature	Wild Type	RNA-seq		/mnt/shared-workspace/raw_osdr/counts/OSD-678_unnormalized_counts.csv
Ground_control_Col-0_Light_bio_rep1	OSDR	OSD-678	Arabidopsis thaliana		seedling			Ground Control			gravitropism	Petri Dish		ambient temperature	Wild Type	RNA-seq		/mnt/shared-workspace/raw_osdr/counts/OSD-678_unnormalized_counts.csv
Ground_control_Col-0_Light_bio_rep2	OSDR	OSD-678	Arabidopsis thaliana		seedling			Ground Control			gravitropism	Petri Dish		ambient temperature	Wild Type	RNA-seq		/mnt/shared-workspace/raw_osdr/counts/OSD-678_unnormalized_counts.csv
Ground_control_Col-0_Light_bio_rep3	OSDR	OSD-678	Arabidopsis thaliana		seedling			Ground Control			gravitropism	Petri Dish		ambient temperature	Wild Type	RNA-seq		/mnt/shared-workspace/raw_osdr/counts/OSD-678_unnormalized_counts.csv
Ground_control_Ws_Dark_bio_rep1	OSDR	OSD-678	Arabidopsis thaliana		seedling			Ground Control			gravitropism	Petri Dish		ambient temperature	Wild Type	RNA-seq		/mnt/shared-workspace/raw_osdr/counts/OSD-678_unnormalized_counts.csv
Ground_control_Ws_Dark_bio_rep2	OSDR	OSD-678	Arabidopsis thaliana		seedling			Ground Control			gravitropism	Petri Dish		ambient temperature	Wild Type	RNA-seq		/mnt/shared-workspace/raw_osdr/counts/OSD-678_unnormalized_counts.csv
Ground_control_Ws_Dark_bio_rep3	OSDR	OSD-678	Arabidopsis thaliana		seedling			Ground Control			gravitropism	Petri Dish		ambient temperature	Wild Type	RNA-seq		/mnt/shared-workspace/raw_osdr/counts/OSD-678_unnormalized_counts.csv
Ground_control_Ws_Light_bio_rep1	OSDR	OSD-678	Arabidopsis thaliana		seedling			Ground Control			gravitropism	Petri Dish		ambient temperature	Wild Type	RNA-seq		/mnt/shared-workspace/raw_osdr/counts/OSD-678_unnormalized_counts.csv
Ground_control_Ws_Light_bio_rep2	OSDR	OSD-678	Arabidopsis thaliana		seedling			Ground Control			gravitropism	Petri Dish		ambient temperature	Wild Type	RNA-seq		/mnt/shared-workspace/raw_osdr/counts/OSD-678_unnormalized_counts.csv
Ground_control_Ws_Light_bio_rep3	OSDR	OSD-678	Arabidopsis thaliana		seedling			Ground Control			gravitropism	Petri Dish		ambient temperature	Wild Type	RNA-seq		/mnt/shared-workspace/raw_osdr/counts/OSD-678_unnormalized_counts.csv
Ground_control_phyD_Dark_bio_rep1	OSDR	OSD-678	Arabidopsis thaliana		seedling			Ground Control			gravitropism	Petri Dish		ambient temperature	phyD mutant	RNA-seq		/mnt/shared-workspace/raw_osdr/counts/OSD-678_unnormalized_counts.csv
Ground_control_phyD_Dark_bio_rep2	OSDR	OSD-678	Arabidopsis thaliana		seedling			Ground Control			gravitropism	Petri Dish		ambient temperature	phyD mutant	RNA-seq		/mnt/shared-workspace/raw_osdr/counts/OSD-678_unnormalized_counts.csv
Ground_control_phyD_Dark_bio_rep3	OSDR	OSD-678	Arabidopsis thaliana		seedling			Ground Control			gravitropism	Petri Dish		ambient temperature	phyD mutant	RNA-seq		/mnt/shared-workspace/raw_osdr/counts/OSD-678_unnormalized_counts.csv
Ground_control_phyD_Light_bio_rep1	OSDR	OSD-678	Arabidopsis thaliana		seedling			Ground Control			gravitropism	Petri Dish		ambient temperature	phyD mutant	RNA-seq		/mnt/shared-workspace/raw_osdr/counts/OSD-678_unnormalized_counts.csv
Ground_control_phyD_Light_bio_rep2	OSDR	OSD-678	Arabidopsis thaliana		seedling			Ground Control			gravitropism	Petri Dish		ambient temperature	phyD mutant	RNA-seq		/mnt/shared-workspace/raw_osdr/counts/OSD-678_unnormalized_counts.csv
Ground_control_phyD_Light_bio_rep3	OSDR	OSD-678	Arabidopsis thaliana		seedling			Ground Control			gravitropism	Petri Dish		ambient temperature	phyD mutant	RNA-seq		/mnt/shared-workspace/raw_osdr/counts/OSD-678_unnormalized_counts.csv
Atha_WS-0_Col-0_Hypocotyl_FLT_Rep1	OSDR	OSD-7	Arabidopsis thaliana		hypocotyl	Wasselewskija and Col-0		Space Flight			gravitropism;phototropism	Advanced Biological Research System (ABRS)				microarray		
Atha_WS-0_Col-0_Hypocotyl_FLT_Rep2	OSDR	OSD-7	Arabidopsis thaliana		hypocotyl	Wasselewskija and Col-0		Space Flight			gravitropism;phototropism	Advanced Biological Research System (ABRS)				microarray		
Atha_WS-0_Col-0_Hypocotyl_FLT_Rep3	OSDR	OSD-7	Arabidopsis thaliana		hypocotyl	Wasselewskija and Col-0		Space Flight			gravitropism;phototropism	Advanced Biological Research System (ABRS)				microarray		
Atha_WS-0_Col-0_Hypocotyl_FLT_Rep4	OSDR	OSD-7	Arabidopsis thaliana		hypocotyl	Wasselewskija and Col-0		Space Flight			gravitropism;phototropism	Advanced Biological Research System (ABRS)				microarray		
Atha_WS-0_Col-0_Hypocotyl_FLT_Rep5	OSDR	OSD-7	Arabidopsis thaliana		hypocotyl	Wasselewskija and Col-0		Space Flight			gravitropism;phototropism	Advanced Biological Research System (ABRS)				microarray		
Atha_WS-0_Col-0_Hypocotyl_GC_Rep1	OSDR	OSD-7	Arabidopsis thaliana		hypocotyl	Wasselewskija and Col-0		Ground Control			gravitropism;phototropism	Advanced Biological Research System (ABRS)				microarray		
Atha_WS-0_Col-0_Hypocotyl_GC_Rep2	OSDR	OSD-7	Arabidopsis thaliana		hypocotyl	Wasselewskija and Col-0		Ground Control			gravitropism;phototropism	Advanced Biological Research System (ABRS)				microarray		
Atha_WS-0_Col-0_Hypocotyl_GC_Rep3	OSDR	OSD-7	Arabidopsis thaliana		hypocotyl	Wasselewskija and Col-0		Ground Control			gravitropism;phototropism	Advanced Biological Research System (ABRS)				microarray		
Atha_WS-0_Col-0_Hypocotyl_GC_Rep4	OSDR	OSD-7	Arabidopsis thaliana		hypocotyl	Wasselewskija and Col-0		Ground Control			gravitropism;phototropism	Advanced Biological Research System (ABRS)				microarray		
Atha_WS-0_Col-0_Hypocotyl_GC_Rep5	OSDR	OSD-7	Arabidopsis thaliana		hypocotyl	Wasselewskija and Col-0		Ground Control			gravitropism;phototropism	Advanced Biological Research System (ABRS)				microarray		
Atha_WS-0_Col-0_Root_FLT_Rep1	OSDR	OSD-7	Arabidopsis thaliana		root	Wasselewskija and Col-0		Space Flight			gravitropism;phototropism	Advanced Biological Research System (ABRS)				microarray		
Atha_WS-0_Col-0_Root_FLT_Rep2	OSDR	OSD-7	Arabidopsis thaliana		root	Wasselewskija and Col-0		Space Flight			gravitropism;phototropism	Advanced Biological Research System (ABRS)				microarray		
Atha_WS-0_Col-0_Root_FLT_Rep3	OSDR	OSD-7	Arabidopsis thaliana		root	Wasselewskija and Col-0		Space Flight			gravitropism;phototropism	Advanced Biological Research System (ABRS)				microarray		
Atha_WS-0_Col-0_Root_FLT_Rep4	OSDR	OSD-7	Arabidopsis thaliana		root	Wasselewskija and Col-0		Space Flight			gravitropism;phototropism	Advanced Biological Research System (ABRS)				microarray		
Atha_WS-0_Col-0_Root_FLT_Rep5	OSDR	OSD-7	Arabidopsis thaliana		root	Wasselewskija and Col-0		Space Flight			gravitropism;phototropism	Advanced Biological Research System (ABRS)				microarray		
Atha_WS-0_Col-0_Root_GC_Rep1	OSDR	OSD-7	Arabidopsis thaliana		root	Wasselewskija and Col-0		Ground Control			gravitropism;phototropism	Advanced Biological Research System (ABRS)				microarray		
Atha_WS-0_Col-0_Root_GC_Rep2	OSDR	OSD-7	Arabidopsis thaliana		root	Wasselewskija and Col-0		Ground Control			gravitropism;phototropism	Advanced Biological Research System (ABRS)				microarray		
Atha_WS-0_Col-0_Root_GC_Rep3	OSDR	OSD-7	Arabidopsis thaliana		root	Wasselewskija and Col-0		Ground Control			gravitropism;phototropism	Advanced Biological Research System (ABRS)				microarray		
Atha_WS-0_Col-0_Root_GC_Rep4	OSDR	OSD-7	Arabidopsis thaliana		root	Wasselewskija and Col-0		Ground Control			gravitropism;phototropism	Advanced Biological Research System (ABRS)				microarray		
Atha_WS-0_Col-0_Root_GC_Rep5	OSDR	OSD-7	Arabidopsis thaliana		root	Wasselewskija and Col-0		Ground Control			gravitropism;phototropism	Advanced Biological Research System (ABRS)				microarray		
Atha_WS-0_Col-0_Shoot_FLT_Rep1	OSDR	OSD-7	Arabidopsis thaliana		shoot	Wasselewskija and Col-0		Space Flight			gravitropism;phototropism	Advanced Biological Research System (ABRS)				microarray		
Atha_WS-0_Col-0_Shoot_FLT_Rep2	OSDR	OSD-7	Arabidopsis thaliana		shoot	Wasselewskija and Col-0		Space Flight			gravitropism;phototropism	Advanced Biological Research System (ABRS)				microarray		
Atha_WS-0_Col-0_Shoot_FLT_Rep3	OSDR	OSD-7	Arabidopsis thaliana		shoot	Wasselewskija and Col-0		Space Flight			gravitropism;phototropism	Advanced Biological Research System (ABRS)				microarray		
Atha_WS-0_Col-0_Shoot_FLT_Rep4	OSDR	OSD-7	Arabidopsis thaliana		shoot	Wasselewskija and Col-0		Space Flight			gravitropism;phototropism	Advanced Biological Research System (ABRS)				microarray		
Atha_WS-0_Col-0_Shoot_FLT_Rep5	OSDR	OSD-7	Arabidopsis thaliana		shoot	Wasselewskija and Col-0		Space Flight			gravitropism;phototropism	Advanced Biological Research System (ABRS)				microarray		
Atha_WS-0_Col-0_Shoot_GC_Rep1	OSDR	OSD-7	Arabidopsis thaliana		shoot	Wasselewskija and Col-0		Ground Control			gravitropism;phototropism	Advanced Biological Research System (ABRS)				microarray		
Atha_WS-0_Col-0_Shoot_GC_Rep2	OSDR	OSD-7	Arabidopsis thaliana		shoot	Wasselewskija and Col-0		Ground Control			gravitropism;phototropism	Advanced Biological Research System (ABRS)				microarray		
Atha_WS-0_Col-0_Shoot_GC_Rep3	OSDR	OSD-7	Arabidopsis thaliana		shoot	Wasselewskija and Col-0		Ground Control			gravitropism;phototropism	Advanced Biological Research System (ABRS)				microarray		
Atha_WS-0_Col-0_Shoot_GC_Rep4	OSDR	OSD-7	Arabidopsis thaliana		shoot	Wasselewskija and Col-0		Ground Control			gravitropism;phototropism	Advanced Biological Research System (ABRS)				microarray		
Atha_WS-0_Col-0_Shoot_GC_Rep5	OSDR	OSD-7	Arabidopsis thaliana		shoot	Wasselewskija and Col-0		Ground Control			gravitropism;phototropism	Advanced Biological Research System (ABRS)				microarray		
Atha_WS-0_Whole-Plant_FLT_Rep1	OSDR	OSD-7	Arabidopsis thaliana		seedling	Wasselewskija		Space Flight			gravitropism;phototropism	Advanced Biological Research System (ABRS)				microarray		
Atha_WS-0_Whole-Plant_FLT_Rep2	OSDR	OSD-7	Arabidopsis thaliana		seedling	Wasselewskija		Space Flight			gravitropism;phototropism	Advanced Biological Research System (ABRS)				microarray		
Atha_WS-0_Whole-Plant_FLT_Rep3	OSDR	OSD-7	Arabidopsis thaliana		seedling	Wasselewskija		Space Flight			gravitropism;phototropism	Advanced Biological Research System (ABRS)				microarray		
Atha_WS-0_Whole-Plant_GC_Rep1	OSDR	OSD-7	Arabidopsis thaliana		seedling	Wasselewskija		Ground Control			gravitropism;phototropism	Advanced Biological Research System (ABRS)				microarray		
Atha_WS-0_Whole-Plant_GC_Rep2	OSDR	OSD-7	Arabidopsis thaliana		seedling	Wasselewskija		Ground Control			gravitropism;phototropism	Advanced Biological Research System (ABRS)				microarray		
Atha_WS-0_Whole-Plant_GC_Rep3	OSDR	OSD-7	Arabidopsis thaliana		seedling	Wasselewskija		Ground Control			gravitropism;phototropism	Advanced Biological Research System (ABRS)				microarray		
GSM87736	GEO	GSE3847	Arabidopsis thaliana	hypocotyl	hypocotyl			Ground Control	1g		gravitropism					microarray		
GSM87737	GEO	GSE3847	Arabidopsis thaliana	hypocotyl	hypocotyl			Ground Control	1g		gravitropism					microarray		
GSM87738	GEO	GSE3847	Arabidopsis thaliana	hypocotyl	hypocotyl			Ground Control	1g		gravitropism					microarray		
GSM87739	GEO	GSE3847	Arabidopsis thaliana	hypocotyl	hypocotyl			Ground Control	1g		gravitropism					microarray		
GSM87740	GEO	GSE3847	Arabidopsis thaliana	hypocotyl	hypocotyl			Ground Control	1g		gravitropism					microarray		
GSM87741	GEO	GSE3847	Arabidopsis thaliana	hypocotyl	hypocotyl			Ground Control	1g		gravitropism					microarray		
GSM87742	GEO	GSE3847	Arabidopsis thaliana	hypocotyl	hypocotyl			Ground Control	1g		gravitropism					microarray		
GSM87743	GEO	GSE3847	Arabidopsis thaliana	hypocotyl	hypocotyl			Ground Control	1g		gravitropism					microarray		
GSM87744	GEO	GSE3847	Arabidopsis thaliana	hypocotyl	hypocotyl			Ground Control	1g		gravitropism					microarray		
GSM87745	GEO	GSE3847	Arabidopsis thaliana	hypocotyl	hypocotyl			Ground Control	1g		gravitropism					microarray		
GSM87746	GEO	GSE3847	Arabidopsis thaliana	hypocotyl	hypocotyl			Ground Control	1g		gravitropism					microarray		
GSM87747	GEO	GSE3847	Arabidopsis thaliana	hypocotyl	hypocotyl			Ground Control	1g		gravitropism					microarray		
GSM87748	GEO	GSE3847	Arabidopsis thaliana	hypocotyl	hypocotyl			Ground Control	1g		gravitropism					microarray		
GSM87749	GEO	GSE3847	Arabidopsis thaliana	hypocotyl	hypocotyl			Ground Control	1g		gravitropism					microarray		
GSM87750	GEO	GSE3847	Arabidopsis thaliana	hypocotyl	hypocotyl			Ground Control	1g		gravitropism					microarray		
GSM201546	GEO	GSE8300	Arabidopsis thaliana	KW20	seedling			Ground Control	1g		gravitropism					microarray		
GSM201575	GEO	GSE8300	Arabidopsis thaliana	KW20	seedling			Ground Control	1g		gravitropism					microarray		
GSM201576	GEO	GSE8300	Arabidopsis thaliana	KW20	seedling			Ground Control	1g		gravitropism					microarray		
GSM201577	GEO	GSE8300	Arabidopsis thaliana	KW20	seedling			Ground Control	1g		gravitropism					microarray		
GSM201578	GEO	GSE8300	Arabidopsis thaliana	KW20	seedling			Ground Control	1g		gravitropism					microarray		
GSM201579	GEO	GSE8300	Arabidopsis thaliana	KW20	seedling			Ground Control	1g		gravitropism					microarray		
GSM201580	GEO	GSE8300	Arabidopsis thaliana	KW20	seedling			Ground Control	1g		gravitropism					microarray		
GSM201581	GEO	GSE8300	Arabidopsis thaliana	KW20	seedling			Ground Control	1g		gravitropism					microarray		
GSM201582	GEO	GSE8300	Arabidopsis thaliana	KW20	seedling			Ground Control	1g		gravitropism					microarray		
GSM201583	GEO	GSE8300	Arabidopsis thaliana	KW20	seedling			Ground Control	1g		gravitropism					microarray		
GSM201584	GEO	GSE8300	Arabidopsis thaliana	KW20	seedling			Ground Control	1g		gravitropism					microarray		
GSM201585	GEO	GSE8300	Arabidopsis thaliana	KW20	seedling			Ground Control	1g		gravitropism					microarray		
GSM201587	GEO	GSE8300	Arabidopsis thaliana	KW20	seedling			Ground Control	1g		gravitropism					microarray		
GSM201653	GEO	GSE8300	Arabidopsis thaliana	KW20	seedling			Ground Control	1g		gravitropism					microarray		
GSM201654	GEO	GSE8300	Arabidopsis thaliana	KW20	seedling			Ground Control	1g		gravitropism					microarray		
GSM201655	GEO	GSE8300	Arabidopsis thaliana	KW20	seedling			Ground Control	1g		gravitropism					microarray		
GSM201656	GEO	GSE8300	Arabidopsis thaliana	KW20	seedling			Ground Control	1g		gravitropism					microarray		
GSM201657	GEO	GSE8300	Arabidopsis thaliana	KW20	seedling			Ground Control	1g		gravitropism					microarray		
GSM201658	GEO	GSE8300	Arabidopsis thaliana	KW20	seedling			Ground Control	1g		gravitropism					microarray		
GSM201659	GEO	GSE8300	Arabidopsis thaliana	KW20	seedling			Ground Control	1g		gravitropism					microarray		
GSM201688	GEO	GSE8300	Arabidopsis thaliana	KW20	seedling			Ground Control	1g		gravitropism					microarray		
GSM201689	GEO	GSE8300	Arabidopsis thaliana	KW20	seedling			Ground Control	1g		gravitropism					microarray		
GSM201690	GEO	GSE8300	Arabidopsis thaliana	KW20	seedling			Ground Control	1g		gravitropism					microarray		
GSM201732	GEO	GSE8300	Arabidopsis thaliana	KW20	seedling			Ground Control	1g		gravitropism					microarray		
GSM201735	GEO	GSE8300	Arabidopsis thaliana	KW20	seedling			Ground Control	1g		gravitropism					microarray		
GSM201738	GEO	GSE8300	Arabidopsis thaliana	KW20	seedling			Ground Control	1g		gravitropism					microarray		
GSM201740	GEO	GSE8300	Arabidopsis thaliana	KW20	seedling			Ground Control	1g		gravitropism					microarray		
GSM201754	GEO	GSE8300	Arabidopsis thaliana	KW20	seedling			Ground Control	1g		gravitropism					microarray		
GSM201769	GEO	GSE8300	Arabidopsis thaliana	KW20	seedling			Ground Control	1g		gravitropism					microarray		
GSM201771	GEO	GSE8300	Arabidopsis thaliana	KW20	seedling			Ground Control	1g		gravitropism					microarray		
GSM201774	GEO	GSE8300	Arabidopsis thaliana	KW20	seedling			Ground Control	1g		gravitropism					microarray		
GSM201776	GEO	GSE8300	Arabidopsis thaliana	KW20	seedling			Ground Control	1g		gravitropism					microarray		
GSM201779	GEO	GSE8300	Arabidopsis thaliana	KW20	seedling			Ground Control	1g		gravitropism					microarray		
GSM201781	GEO	GSE8300	Arabidopsis thaliana	KW20	seedling			Ground Control	1g		gravitropism					microarray		
GSM201783	GEO	GSE8300	Arabidopsis thaliana	KW20	seedling			Ground Control	1g		gravitropism					microarray		
GSM201785	GEO	GSE8300	Arabidopsis thaliana	KW20	seedling			Ground Control	1g		gravitropism					microarray		
GSM201787	GEO	GSE8300	Arabidopsis thaliana	KW20	seedling			Ground Control	1g		gravitropism					microarray		
GSM201789	GEO	GSE8300	Arabidopsis thaliana	KW20	seedling			Ground Control	1g		gravitropism					microarray		
GSM201790	GEO	GSE8300	Arabidopsis thaliana	KW20	seedling			Ground Control	1g		gravitropism					microarray		
GSM201798	GEO	GSE8300	Arabidopsis thaliana	KW20	seedling			Ground Control	1g		gravitropism					microarray		
GSM201800	GEO	GSE8300	Arabidopsis thaliana	KW20	seedling			Ground Control	1g		gravitropism					microarray		
GSM201803	GEO	GSE8300	Arabidopsis thaliana	KW20	seedling			Ground Control	1g		gravitropism					microarray		
GSM201807	GEO	GSE8300	Arabidopsis thaliana	KW20	seedling			Ground Control	1g		gravitropism					microarray		
GSM201810	GEO	GSE8300	Arabidopsis thaliana	KW20	seedling			Ground Control	1g		gravitropism					microarray		
GSM201885	GEO	GSE8300	Arabidopsis thaliana	HK295	seedling			Ground Control	1g		gravitropism					microarray		
GSM201886	GEO	GSE8300	Arabidopsis thaliana	HK2111	seedling			Ground Control	1g		gravitropism					microarray		
GSM201963	GEO	GSE8300	Arabidopsis thaliana	HK389	seedling			Ground Control	1g		gravitropism					microarray		
GSM201964	GEO	GSE8300	Arabidopsis thaliana	HK635	seedling			Ground Control	1g		gravitropism					microarray		
GSM201965	GEO	GSE8300	Arabidopsis thaliana	HK367	seedling			Ground Control	1g		gravitropism					microarray		
GSM201968	GEO	GSE8300	Arabidopsis thaliana	HK2067	seedling			Ground Control	1g		gravitropism					microarray		
GSM201970	GEO	GSE8300	Arabidopsis thaliana	HK1219	seedling			Ground Control	1g		gravitropism					microarray		
GSM201974	GEO	GSE8300	Arabidopsis thaliana	HK368	seedling			Ground Control	1g		gravitropism					microarray		
GSM201976	GEO	GSE8300	Arabidopsis thaliana	HK715	seedling			Ground Control	1g		gravitropism					microarray		
GSM201977	GEO	GSE8300	Arabidopsis thaliana	HK61	seedling			Ground Control	1g		gravitropism					microarray		
GSM201978	GEO	GSE8300	Arabidopsis thaliana	HK1136	seedling			Ground Control	1g		gravitropism					microarray		
GSM201979	GEO	GSE8300	Arabidopsis thaliana	HK1220	seedling			Ground Control	1g		gravitropism					microarray		
GSM201980	GEO	GSE8300	Arabidopsis thaliana	HK1246	seedling			Ground Control	1g		gravitropism					microarray		
GSM201981	GEO	GSE8300	Arabidopsis thaliana	HK2111	seedling			Ground Control	1g		gravitropism					microarray		
GSM201982	GEO	GSE8300	Arabidopsis thaliana	HK1214	seedling			Ground Control	1g		gravitropism					microarray		
GSM201983	GEO	GSE8300	Arabidopsis thaliana	HK1212	seedling			Ground Control	1g		gravitropism					microarray		
GSM201984	GEO	GSE8300	Arabidopsis thaliana	HK1210	seedling			Ground Control	1g		gravitropism					microarray		
GSM201985	GEO	GSE8300	Arabidopsis thaliana	HK295	seedling			Ground Control	1g		gravitropism					microarray		
GSM201986	GEO	GSE8300	Arabidopsis thaliana	HK1240	seedling			Ground Control	1g		gravitropism					microarray		
GSM201987	GEO	GSE8300	Arabidopsis thaliana	HK1220	seedling			Ground Control	1g		gravitropism					microarray		
GSM201988	GEO	GSE8300	Arabidopsis thaliana	HK367	seedling			Ground Control	1g		gravitropism					microarray		
GSM201996	GEO	GSE8300	Arabidopsis thaliana	HK1214	seedling			Ground Control	1g		gravitropism					microarray		
GSM201997	GEO	GSE8300	Arabidopsis thaliana	HK2067	seedling			Ground Control	1g		gravitropism					microarray		
GSM201998	GEO	GSE8300	Arabidopsis thaliana	HK870	seedling			Ground Control	1g		gravitropism					microarray		
GSM201999	GEO	GSE8300	Arabidopsis thaliana	HK870	seedling			Ground Control	1g		gravitropism					microarray		
GSM202000	GEO	GSE8300	Arabidopsis thaliana	HK1141	seedling			Ground Control	1g		gravitropism					microarray		
GSM202001	GEO	GSE8300	Arabidopsis thaliana	HK2122	seedling			Ground Control	1g		gravitropism					microarray		
GSM202113	GEO	GSE8300	Arabidopsis thaliana	HK635	seedling			Ground Control	1g		gravitropism					microarray		
GSM202115	GEO	GSE8300	Arabidopsis thaliana	HK389	seedling			Ground Control	1g		gravitropism					microarray		
GSM202134	GEO	GSE8300	Arabidopsis thaliana	HK1219	seedling			Ground Control	1g		gravitropism					microarray		
GSM202136	GEO	GSE8300	Arabidopsis thaliana	HK61	seedling			Ground Control	1g		gravitropism					microarray		
GSM202138	GEO	GSE8300	Arabidopsis thaliana	HK1136	seedling			Ground Control	1g		gravitropism					microarray		
GSM202139	GEO	GSE8300	Arabidopsis thaliana	HK1210	seedling			Ground Control	1g		gravitropism					microarray		
GSM202140	GEO	GSE8300	Arabidopsis thaliana	HK1212	seedling			Ground Control	1g		gravitropism					microarray		
GSM202142	GEO	GSE8300	Arabidopsis thaliana	HK715	seedling			Ground Control	1g		gravitropism					microarray		
GSM202143	GEO	GSE8300	Arabidopsis thaliana	HK2122	seedling			Ground Control	1g		gravitropism					microarray		
GSM202145	GEO	GSE8300	Arabidopsis thaliana	HK1246	seedling			Ground Control	1g		gravitropism					microarray		
GSM202177	GEO	GSE8300	Arabidopsis thaliana	HK1141	seedling			Ground Control	1g		gravitropism					microarray		
GSM202179	GEO	GSE8300	Arabidopsis thaliana	HK1240	seedling			Ground Control	1g		gravitropism					microarray		
GSM202180	GEO	GSE8300	Arabidopsis thaliana	HK368	seedling			Ground Control	1g		gravitropism					microarray		
GSM4274298	GEO	GSE143760	Arabidopsis thaliana	Plant rosette	leaf			Ground Control	1g		phototropism					microarray		
GSM4274299	GEO	GSE143760	Arabidopsis thaliana	Plant rosette	leaf			Ground Control	1g		phototropism					microarray		
GSM4274300	GEO	GSE143760	Arabidopsis thaliana	Plant rosette	leaf			Ground Control	1g		phototropism					microarray		
GSM4274301	GEO	GSE143760	Arabidopsis thaliana	Plant rosette	leaf			Ground Control	1g		phototropism					microarray		
GSM4274302	GEO	GSE143760	Arabidopsis thaliana	Plant rosette	leaf			Ground Control	1g		phototropism					microarray		
GSM4274303	GEO	GSE143760	Arabidopsis thaliana	Plant rosette	leaf			Ground Control	1g		phototropism					microarray		
GSM4274304	GEO	GSE143760	Arabidopsis thaliana	Plant rosette	leaf			Ground Control	1g		phototropism					microarray		
GSM4274305	GEO	GSE143760	Arabidopsis thaliana	Plant rosette	leaf			Ground Control	1g		phototropism					microarray		
GSM4274306	GEO	GSE143760	Arabidopsis thaliana	Plant rosette	leaf			Ground Control	1g		phototropism					microarray		
GSM4274307	GEO	GSE143760	Arabidopsis thaliana	Plant rosette	leaf			Ground Control	1g		phototropism					microarray		
GSM4274308	GEO	GSE143760	Arabidopsis thaliana	Plant rosette	leaf			Ground Control	1g		phototropism					microarray		
GSM4274309	GEO	GSE143760	Arabidopsis thaliana	Plant rosette	leaf			Ground Control	1g		phototropism					microarray		
GSM4274310	GEO	GSE143760	Arabidopsis thaliana	Plant rosette	leaf			Ground Control	1g		phototropism					microarray		
GSM4274311	GEO	GSE143760	Arabidopsis thaliana	Plant rosette	leaf			Ground Control	1g		phototropism					microarray		
GSM4274312	GEO	GSE143760	Arabidopsis thaliana	Plant rosette	leaf			Ground Control	1g		phototropism					microarray		
GSM4274313	GEO	GSE143760	Arabidopsis thaliana	Plant rosette	leaf			Ground Control	1g		phototropism					microarray		
GSM4274314	GEO	GSE143760	Arabidopsis thaliana	Plant rosette	leaf			Ground Control	1g		phototropism					microarray		
GSM4274315	GEO	GSE143760	Arabidopsis thaliana	Plant rosette	leaf			Ground Control	1g		phototropism					microarray		
GSM4274316	GEO	GSE143760	Arabidopsis thaliana	Plant rosette	leaf			Ground Control	1g		phototropism					microarray		
GSM4274317	GEO	GSE143760	Arabidopsis thaliana	Plant rosette	leaf			Ground Control	1g		phototropism					microarray		
GSM4274318	GEO	GSE143760	Arabidopsis thaliana	Plant rosette	leaf			Ground Control	1g		phototropism					microarray		
GSM4274319	GEO	GSE143760	Arabidopsis thaliana	Plant rosette	leaf			Ground Control	1g		phototropism					microarray		
GSM4274320	GEO	GSE143760	Arabidopsis thaliana	Plant rosette	leaf			Ground Control	1g		phototropism					microarray		
GSM4274321	GEO	GSE143760	Arabidopsis thaliana	Plant rosette	leaf			Ground Control	1g		phototropism					microarray		
GSM2560250	GEO	GSE97258	Arabidopsis thaliana	Control_root	root			Ground Control	1g		hydrotropism					microarray		
GSM2560251	GEO	GSE97258	Arabidopsis thaliana	Control_root	root			Ground Control	1g		hydrotropism					microarray		
GSM2560252	GEO	GSE97258	Arabidopsis thaliana	Control_root	root			Ground Control	1g		hydrotropism					microarray		
GSM2560253	GEO	GSE97258	Arabidopsis thaliana	IAA_root	root			Ground Control	1g		hydrotropism					microarray		
GSM2560254	GEO	GSE97258	Arabidopsis thaliana	IAA_root	root			Ground Control	1g		hydrotropism					microarray		
GSM2560255	GEO	GSE97258	Arabidopsis thaliana	IAA_root	root			Ground Control	1g		hydrotropism					microarray		
GSM7043738	GEO	GSE225299	Arabidopsis thaliana	Arabidopsis thaliana root	root			Ground Control	1g		mechanotropism					microarray		
GSM7043740	GEO	GSE225299	Arabidopsis thaliana	Arabidopsis thaliana root	root			Ground Control	1g		mechanotropism					microarray		
GSM7043741	GEO	GSE225299	Arabidopsis thaliana	Arabidopsis thaliana root	root			Ground Control	1g		mechanotropism					microarray		
GSM7043743	GEO	GSE225299	Arabidopsis thaliana	Arabidopsis thaliana root	root			Ground Control	1g		mechanotropism					microarray		
GSM7043744	GEO	GSE225299	Arabidopsis thaliana	Arabidopsis thaliana root	root			Ground Control	1g		mechanotropism					microarray		
GSM7043745	GEO	GSE225299	Arabidopsis thaliana	Arabidopsis thaliana root	root			Ground Control	1g		mechanotropism					microarray		
GSM7043746	GEO	GSE225299	Arabidopsis thaliana	Arabidopsis thaliana root	root			Ground Control	1g		mechanotropism					microarray		
GSM7043747	GEO	GSE225299	Arabidopsis thaliana	Arabidopsis thaliana root	root			Ground Control	1g		mechanotropism					microarray		
GSM7043748	GEO	GSE225299	Arabidopsis thaliana	Arabidopsis thaliana root	root			Ground Control	1g		mechanotropism					microarray		
GSM7043749	GEO	GSE225299	Arabidopsis thaliana	Arabidopsis thaliana root	root			Ground Control	1g		mechanotropism					microarray		
GSM7043750	GEO	GSE225299	Arabidopsis thaliana	Arabidopsis thaliana root	root			Ground Control	1g		mechanotropism					microarray		
GSM7043751	GEO	GSE225299	Arabidopsis thaliana	Arabidopsis thaliana root	root			Ground Control	1g		mechanotropism					microarray		
GSM3181995	GEO	GSE115554	Arabidopsis thaliana	solid media plates; 24 hr light grown	root			Ground Control	1g		gravitropism					RNA-seq		
GSM3181996	GEO	GSE115554	Arabidopsis thaliana	solid media plates; 24 hr light grown	root			Ground Control	1g		gravitropism					RNA-seq		
GSM3181997	GEO	GSE115554	Arabidopsis thaliana	solid media plates; 24 hr light grown	root			Ground Control	1g		gravitropism					RNA-seq		
GSM3181998	GEO	GSE115554	Arabidopsis thaliana	solid media plates; 24 hr light grown	root			Ground Control	1g		gravitropism					RNA-seq		
GSM3181999	GEO	GSE115554	Arabidopsis thaliana	solid media plates; 24 hr light grown	root			Ground Control	1g		gravitropism					RNA-seq		
GSM3182000	GEO	GSE115554	Arabidopsis thaliana	solid media plates; 24 hr light grown	root			Ground Control	1g		gravitropism					RNA-seq		
