flower_0,flower_1,flower_10,flower_11,flower_12,flower_2,flower_3,flower_4,flower_5,flower_6,flower_7,flower_8,flower_9,rosette_21d_0,rosette_21d_1,rosette_21d_10,rosette_21d_11,rosette_21d_12,rosette_21d_13,rosette_21d_14,rosette_21d_15,rosette_21d_16,rosette_21d_17,rosette_21d_2,rosette_21d_3,rosette_21d_4,rosette_21d_5,rosette_21d_6,rosette_21d_7,rosette_21d_8,rosette_21d_9,rosette_30d_0,rosette_30d_1,rosette_30d_10,rosette_30d_11,rosette_30d_12,rosette_30d_13,rosette_30d_14,rosette_30d_15,rosette_30d_16,rosette_30d_2,rosette_30d_3,rosette_30d_4,rosette_30d_5,rosette_30d_6,rosette_30d_7,rosette_30d_8,rosette_30d_9,seed_3d_0,seed_3d_1,seed_3d_10,seed_3d_11,seed_3d_12,seed_3d_13,seed_3d_14,seed_3d_15,seed_3d_16,seed_3d_17,seed_3d_2,seed_3d_3,seed_3d_4,seed_3d_5,seed_3d_6,seed_3d_7,seed_3d_8,seed_3d_9,seed_425d_0,seed_425d_1,seed_425d_10,seed_425d_11,seed_425d_12,seed_425d_13,seed_425d_14,seed_425d_15,seed_425d_16,seed_425d_2,seed_425d_3,seed_425d_4,seed_425d_5,seed_425d_6,seed_425d_7,seed_425d_8,seed_425d_9,seedling_15d_0,seedling_15d_1,seedling_15d_10,seedling_15d_11,seedling_15d_12,seedling_15d_13,seedling_15d_14,seedling_15d_15,seedling_15d_16,seedling_15d_17,seedling_15d_18,seedling_15d_2,seedling_15d_3,seedling_15d_4,seedling_15d_5,seedling_15d_6,seedling_15d_7,seedling_15d_8,seedling_15d_9,seedling_6d_0,seedling_6d_1,seedling_6d_10,seedling_6d_11,seedling_6d_12,seedling_6d_13,seedling_6d_14,seedling_6d_15,seedling_6d_16,seedling_6d_17,seedling_6d_2,seedling_6d_3,seedling_6d_4,seedling_6d_5,seedling_6d_6,seedling_6d_7,seedling_6d_8,seedling_6d_9,seedling_9d_0,seedling_9d_1,seedling_9d_10,seedling_9d_11,seedling_9d_12,seedling_9d_13,seedling_9d_14,seedling_9d_15,seedling_9d_16,seedling_9d_17,seedling_9d_18,seedling_9d_19,seedling_9d_2,seedling_9d_3,seedling_9d_4,seedling_9d_5,seedling_9d_6,seedling_9d_7,seedling_9d_8,seedling_9d_9,silique_0,silique_1,silique_10,silique_11,silique_12,silique_13,silique_14,silique_15,silique_16,silique_17,silique_18,silique_19,silique_2,silique_20,silique_21,silique_22,silique_23,silique_24,silique_25,silique_26,silique_3,silique_4,silique_5,silique_6,silique_7,silique_8,silique_9,stem_0,stem_1,stem_10,stem_11,stem_12,stem_13,stem_14,stem_15,stem_2,stem_3,stem_4,stem_5,stem_6,stem_7,stem_8,stem_9,dataset,sample
0.0,0.0,0.0,0.029975571382266815,0.0,0.0,0.0,0.0,0.0,0.0,0.0,0.0,0.03579325532497291,0.0,0.0,0.0,0.0,0.0,0.0,0.0,0.0,0.0,0.0,0.0,0.0,0.0,0.0,0.0,0.0,0.0,0.0,0.0,0.0,0.0,0.0,0.0,0.0,0.0,0.0,0.01940566497332854,0.0,0.0,0.0,0.0,0.0,0.0,0.0,0.0,0.0,0.0,0.0,0.0,0.0,0.0002829924344842602,0.0,0.0,0.0,0.0,0.0,0.0,0.0,0.0,0.0,0.0,0.0,0.0,0.0,0.0,0.0,0.0,0.0,0.0,0.0,0.0,0.0,0.0,0.0,0.0,0.21643741469771377,0.0,0.0,0.0,0.0,0.0,0.0,0.0,0.0,0.0,0.0,0.056086869826399426,0.09597312573883131,0.0,0.00037437008140193815,0.14372071101544232,0.0,0.0,0.0,0.0,0.0,0.0,0.0,0.0,0.0,0.0,0.0,0.0,0.0,0.0,0.0,0.0,0.0,0.0,0.0,0.0,0.0,0.0,0.0,0.0,0.0,0.0,0.0,0.0,0.0,0.0,0.0,0.0,0.0,0.0,0.0,0.0,0.005514927498767741,0.0,0.0,0.0,0.0,0.0,0.0,0.0,0.0,0.0,0.0,0.0,0.0,0.0,0.059584099905978634,0.0,0.02514296495550506,0.035420825694219,0.0,0.0,0.0,0.019603729414180333,0.0,0.0,0.0,0.0,0.0,0.0,0.03780659700646329,0.0,0.0,0.08374275167238203,0.0,0.09143325594923864,0.0,0.0,0.0,0.0,0.0,0.0,0.0,0.0,0.0,0.0,0.0,0.0,0.0,0.003112321881077519,0.0,0.0,0.0,0.0,0.04058855054734638,OSD-120,Atha_Col-0_root_GC_Alight_Rep1_GSM2493759_Day13
0.0,0.0,0.0,0.027671405011942613,0.0,0.0,0.0,0.0,0.0,0.0,0.0,0.0,0.045932799578883285,0.0,0.0,0.0,0.0,0.0,0.0,0.0,0.0,0.0,0.0,0.0,0.0,0.0,0.0,0.0,0.0,0.0,0.0,0.0,0.0,0.0,0.0,0.0,0.0,0.0,0.0,0.0,0.0,0.0,0.0,0.0,0.0,0.0,0.0,0.0,0.0,0.0,0.0,0.0,0.0,0.0063359916080746904,0.0,0.0,0.0,0.0,0.0,0.0,0.0,0.0,0.0,0.0,0.0,0.0,0.0,0.0,0.0,0.0,0.0,0.0,0.0,0.0,0.0,0.0,0.0,0.0,0.20706603106337826,0.0,0.0,0.0,0.0,0.0,0.0,0.0,0.0,0.0,0.0,0.05935467359154311,0.1375734324880217,0.002336630199834871,0.0,0.11100631192231554,0.0,0.0,0.0,0.0,0.0,0.0,0.0,0.0,0.0,0.0,0.0,0.0,0.0,0.0,0.0,0.0,0.0,0.0,0.0,0.0,0.0,0.0,0.0,0.0,0.0,0.0,0.0,0.0,0.0,0.0,0.0,0.0,0.0,0.0,0.0,0.0,0.0,0.0,0.0,0.0,0.0,0.0,0.0,0.0,0.0,0.0,0.0,0.0,0.0,0.0,0.04077236805325059,0.021088974846285677,0.03151342926491013,0.020447504695536592,0.0,0.0,0.0030643265178665027,0.021847486661719397,0.0,0.004299669559689841,0.0,0.0,0.0,0.0,0.03187904738455005,0.0,0.0,0.10344049395669574,0.0,0.08877250780707509,0.0,0.0,0.0,0.0,0.0,0.0,0.0,0.0,0.0,0.0,0.0,0.0,0.0,0.0,0.0,0.0,0.0,0.004684039214711779,0.030912876573714325,OSD-120,Atha_Col-0_root_GC_Alight_Rep2_GSM2493760_Day13
0.0,0.0,0.0,0.029976010945405588,0.0,0.0,0.0,0.0,0.0,0.0,0.0,0.0,0.05919110994152766,0.0,0.0,0.0,0.0,0.0,0.0,0.0,0.0,0.0,0.0,0.0,0.0,0.0,0.0,0.0,0.0,0.0,0.0,0.0,0.0,0.0,0.0,0.0,0.0,0.0,0.0,0.003451276761474255,0.0,0.0,0.0,0.0,0.0,0.0,0.0,0.0,0.0,0.0,0.0,0.0,0.0,0.004849969964630757,0.0,0.0,0.0,0.0,0.0,0.0,0.0,0.0,0.0,0.0,0.0,0.0,0.0,0.0,0.0,0.0,0.0,0.0,0.0,0.0,0.0,0.0,0.0,0.0,0.2396567981728476,0.0,0.0,0.0,0.0,0.0,0.0,0.0,0.0,0.0,0.0,0.025456580263505692,0.06961971692524449,0.0,0.008815562572033803,0.13961191074101137,0.0,0.0,0.0,0.0,0.0,0.0,0.0,0.0,0.0,0.0,0.0,0.0,0.0,0.0,0.0,0.0,0.0,0.0,0.0,0.0,0.0,0.0,0.0,0.0,0.0,0.0,0.0,0.0,0.0,0.0,0.0,0.0,0.0,0.0,0.0,0.0,0.0,0.0,0.0,0.0,0.0,0.0,0.0,0.0,0.0,0.0,0.0,0.0,0.0,0.0,0.06601827629776069,0.0,0.02729277709362286,0.02653470268361115,0.0,0.0,0.0,0.018610601829852698,0.0,0.0027824901871623935,0.0,0.0,0.0,0.0,0.043797935230762766,0.0,0.0,0.04707658010946952,0.0,0.12239744963524449,0.0,0.0,0.0,0.0,0.0,0.0,0.0,0.0,0.0,0.0,0.0,0.0,0.0,0.0,0.0,0.0,0.0,0.0,0.06486025064483227,OSD-120,Atha_Ws_root_GC_Alight_Rep1_GSM2493762_Day13
0.0,0.0,0.0,0.026338476852270934,0.0,0.0,0.0,0.0,0.0,0.0,0.0,0.0,0.043677269280048635,0.0,0.0,0.0,0.0,0.0,0.0,0.0,0.0,0.0,0.0,0.0,0.0,0.0,0.0,0.0,0.0,0.0,0.0,0.0,0.0,0.0,0.0,0.0,0.0,0.0,0.0,0.003572675387286632,0.0,0.0,0.0,0.0,0.0,0.0,0.0,0.0,0.0,0.0,0.0,0.0,0.0,0.0,0.0,0.0,0.0,0.0,0.0,0.0,0.0,0.0,0.0,0.0,0.0,0.0,0.0,0.0,0.0,0.0,0.0,0.0,0.0,0.0,0.0,0.0,0.0,0.0,0.20191131558123454,0.0,0.0,0.0,0.0,0.0,0.0,0.0,0.0,0.0,0.0,0.08413991927571181,0.10459463263725297,0.0006273371908664717,0.0,0.14800801313811957,0.0,0.0,0.0,0.0,0.0,0.0,0.0,0.0,0.0,0.0,0.0,0.0,0.0,0.0,0.0,0.0,0.0,0.0,0.0,0.0,0.0,0.0,0.0,0.0,0.0,0.0,0.0,0.0,0.0,0.0,0.0,0.0,0.0,0.0,0.0,0.0,0.0,0.0,0.0,0.0,0.0,0.0,0.0,0.0,0.0,0.0,0.0,0.0,0.0,0.0,0.05052318150422272,0.0028143307859868497,0.024662496861265575,0.025754406336775386,0.0,0.0,0.0077822831758384324,0.021492892285934928,0.0,0.001408753055453547,0.0,0.0,0.0,0.0,0.03699403116346655,0.0,0.0,0.10009238520424162,0.0,0.08583194386113455,0.0,0.0,0.0,0.0,0.0,0.0,0.0,0.0,0.0,0.0,0.0,0.0,0.0,0.0,0.0,0.0,0.0,0.008577488111706106,0.02119616831118227,OSD-120,Atha_Ws_root_GC_Alight_Rep2_GSM2493763_Day13
0.0,0.0,0.0,0.027902542030241187,0.0,0.0,0.0,0.0,0.0,0.0,0.0,0.0,0.04250429649008491,0.0,0.0,0.0,0.0,0.0,0.0,0.0,0.0,0.0,0.0,0.0,0.0,0.0,0.0,0.0,0.0,0.0,0.0,0.0,0.0,0.0,0.0,0.0,0.0,0.0,0.0,0.0,0.0,0.0,0.0,0.0,0.0,0.0,0.0,0.0,0.0,0.0,0.0,0.0,0.0,0.0,0.0,0.0,0.0,0.0,0.0,0.0,0.0,0.0,0.0,0.0,0.0,0.0,0.0,0.0,0.0,0.0,0.0,0.0,0.0,0.0,0.0,0.0,0.0,0.0,0.2145711398689634,0.0,0.0,0.0,0.0,0.0,0.0,0.0,0.0,0.0,0.0,0.0628192895807119,0.08832538795029721,0.0057367142951529225,0.0,0.13445498408815637,0.0,0.0,0.0,0.0,0.0,0.0,0.0,0.0,0.0,0.0,0.0,0.0,0.0,0.0,0.0,0.0,0.0,0.0,0.0,0.0,0.0,0.0,0.0,0.0,0.0,0.0,0.0,0.0,0.0,0.0,0.0,0.0,0.0,0.0,0.0,0.0,0.0,0.0,0.0,0.0,0.0,0.0,0.0,0.0,0.0,0.0,0.0,0.0,0.0,0.0,0.05788924543768658,0.009444450345288763,0.021927760190312354,0.024186102809507545,0.0,0.0,0.016983459358289182,0.014509783244502791,0.0,0.00867782992495845,0.0,0.0,0.0,0.0,0.03809345144107719,0.0,0.0,0.09966530311170876,0.0,0.08710830594002884,0.0,0.0,0.0,0.0,0.0,0.0,0.0,0.0,0.0,0.0,0.0,0.0,0.0,0.0,0.0,0.0,0.0,0.012808810642488564,0.03239114325054312,OSD-120,Atha_Ws_root_GC_Alight_Rep3_GSM2493764_Day13
0.0,0.0,0.0,0.02524915237212901,0.0,0.0,0.0,0.0,0.0,0.0,0.0,0.0,0.05050141287050389,0.0,0.0,0.0,0.0,0.0,0.0,0.0,0.0,0.0,0.0,0.0,0.0,0.0,0.0,0.0,0.0,0.0,0.0,0.0,0.0,0.0,0.0,0.0,0.0,0.0,0.0,0.0,0.0,0.0,0.0,0.0,0.0,0.0,0.0,0.0,0.0,0.0,0.0,0.0,0.0,0.0,0.0,0.0,0.0,0.0,0.0,0.0,0.0,0.0,0.0,0.0,0.0,0.0,0.0,0.0,0.0,0.0,0.0,0.0,0.0,0.0,0.0,0.0,0.0,0.0,0.222538715439689,0.0,0.0,0.0,0.0,0.0,0.0,0.0,0.0,0.0,0.0,0.05413940912205064,0.1010472376958129,0.05853545392829309,0.0,0.10213380224006334,0.0,0.0,0.0,0.0,0.0,0.0,0.0,0.0,0.0,0.0,0.0,0.0,0.0,0.0,0.0,0.0,0.0,0.0,0.0,0.0,0.0,0.0,0.0,0.0,0.0,0.0,0.0,0.0,0.0,0.0,0.0,0.0,0.0,0.0,0.0,0.0,0.0,0.0,0.0,0.0,0.0,0.0,0.0,0.0,0.0,0.0,0.0,0.0,0.0,0.0,0.03463760165084926,0.07307622121038251,0.024534334700826995,0.02175186837070482,0.0,0.0,0.0020357218671604397,0.020300665729690855,0.0,0.0,0.0,0.0,0.0,0.0,0.019706639541876955,0.0,0.0,0.09271421491867979,0.0,0.0721858574185036,0.0,0.0,0.0,0.0,0.0,0.0,0.0,0.0,0.0,0.0,0.0,0.0,0.0,0.0,0.0,0.0,0.0,0.01717858792673415,0.007733102996048717,OSD-120,Atha_Col-0-PhyD_root_GC_Alight_Rep1_GSM2493765_Day13
0.0,0.0,0.0,0.02248754916605954,0.0,0.0,0.0,0.0,0.0,0.0,0.0,0.0,0.023746025223804874,0.0,0.0,0.0,0.0,0.0,0.0,0.0,0.0,0.0,0.0,0.0,0.0,0.0,0.0,0.0,0.0,0.0,0.0,0.0,0.0,0.0,0.0,0.0,0.0,0.0,0.0,0.016176790745247648,0.0,0.0,0.0,0.0,0.0,0.0,0.0,0.0,0.0,0.0,0.0,0.0,0.0,0.0,0.0,0.0,0.0,0.0,0.0,0.0,0.0,0.0,0.0,0.0,0.0,0.0,0.0,0.0,0.0,0.0,0.0,0.0,0.0,0.0,0.0,0.0,0.0,0.0,0.18659910692970497,0.0,0.0,0.0,0.0,0.0,0.0,0.0,0.0,0.0,0.0,0.09437487644845163,0.12761526672580484,0.00779986952306549,0.0,0.11413332174407197,0.0,0.0,0.0,0.0,0.0,0.0,0.0,0.0,0.0,0.0,0.0,0.0,0.0,0.0,0.0,0.0,0.0,0.0,0.0,0.0,0.0,0.0,0.0,0.0,0.0,0.0,0.0,0.0,0.0,0.0,0.0,0.0,0.0,0.0,0.0,0.0,0.018609413329282374,0.0,0.0,0.0,0.0,0.0,0.0,0.0,0.0,0.0,0.0,0.0,0.0,0.0,0.030991301751450012,0.0602363300364357,0.02399889349378962,0.01900853012202538,0.0,0.0,0.015332566352214987,0.018838659915484484,0.0,0.0,0.0,0.0,0.0,0.0,0.032800418388760404,0.0,0.0,0.08210947973652824,0.0,0.057973961051807424,0.0,0.0,0.0,0.0,0.0,0.0,0.0,0.0,0.0,0.0,0.0,0.0,0.0,0.007371687688415867,0.0,0.0,0.0,0.022863824681638275,0.016932126945956364,OSD-120,Atha_Col-0-PhyD_root_GC_Alight_Rep2_GSM2493766_Day13
0.0,0.0,0.0,0.02611579042164487,0.0,0.0,0.0,0.0,0.0,0.0,0.0,0.0,0.04039423802454148,0.0,0.0,0.0,0.0,0.0,0.0,0.0,0.0,0.0,0.0,0.0,0.0,0.0,0.0,0.0,0.0,0.0,0.0,0.0,0.0,0.0,0.0,0.0,0.0,0.0,0.0,0.0,0.0,0.0,0.0,0.0,0.0,0.0,0.0,0.0,0.0,0.0,0.0,0.0,0.0,0.0,0.0,0.0,0.0,0.0,0.0,0.0,0.0,0.0,0.0,0.0,0.0,0.0,0.0,0.0,0.0,0.0,0.0,0.0,0.0,0.0,0.0,0.0,0.0,0.0,0.20718248894024346,0.0,0.0,0.0,0.0,0.0,0.0,0.0,0.0,0.0,0.0,0.09843997309624598,0.1081020197528593,0.0,0.0,0.12319468476951821,0.0,0.0,0.0,0.0,0.0,0.0,0.0,0.0,0.0,0.0,0.0,0.0,0.0,0.0,0.0,0.0,0.0,0.0,0.0,0.0,0.0,0.0,0.0,0.0,0.0,0.0,0.0,0.0,0.0,0.0,0.0,0.0,0.0,0.0,0.0,0.0,0.0,0.0,0.0,0.0,0.0,0.0,0.0,0.0,0.0,0.0,0.0,0.0,0.0,0.0,0.04799174208760326,0.0,0.031083027027641232,0.025126983803240206,0.0,0.0,0.012177512054701696,0.01895335257430008,0.0,0.010620395885249967,0.0,0.0,0.0,0.0,0.0378854185564585,0.0,0.0,0.10451277683077496,0.0,0.06965150571818642,0.0,0.0,0.0,0.0,0.0,0.0,0.0,0.0,0.0,0.0,0.0,0.0,0.0,0.0,0.0,0.0,0.0,0.014089686763213809,0.024478403693576532,OSD-120,Atha_Col-0-PhyD_root_GC_Alight_Rep3_GSM2493767_Day13
0.0,0.0,0.0,0.028850840390443878,0.0,0.0,0.0,0.0,0.0,0.0,0.0,0.0,0.056407133576696696,0.0,0.0,0.0,0.0,0.0,0.0,0.0,0.0,0.0,0.0,0.0,0.0,0.0,0.0,0.0,0.0,0.0,0.0,0.0,0.0,0.0,0.0,0.0,0.0,0.0,0.0,0.0,0.0,0.0,0.0,0.0,0.0,0.0,0.0,0.0,0.0,0.0,0.0,0.0,0.0,0.0,0.0,0.0,0.0,0.0,0.0,0.0,0.0,0.0,0.0,0.0,0.0,0.0,0.0,0.0,0.0,0.0,0.0,0.0,0.0,0.0,0.0,0.0,0.0,0.0,0.22829124937244152,0.0,0.0,0.0,0.0,0.0,0.0,0.0,0.0,0.0,0.0,0.051977912767617485,0.07780680829420338,0.0,0.0,0.16265647371899924,0.0,0.0,0.0,0.0,0.0,0.0,0.0,0.0,0.0,0.0,0.0,0.0,0.0,0.0,0.0,0.0,0.0,0.0,0.0,0.0,0.0,0.0,0.0,0.0,0.0,0.0,0.0,0.0,0.0,0.0,0.0,0.0,0.0,0.0,0.0,0.0,0.0,0.0,0.0,0.0,0.0,0.0,0.0,0.0,0.0,0.0,0.0,0.0,0.0,0.0,0.039293499453478736,0.0382823794425793,0.023296927186510285,0.022427650850198613,0.0,0.0,0.010927198518650805,0.013810607795531867,0.0,0.0,0.0,0.0,0.0,0.0,0.009854458508405552,0.0,0.0,0.10022187963461465,0.0,0.10503631779293078,0.0,0.0,0.0,0.0,0.0,0.0,0.0,0.0,0.0,0.0,0.0,0.0,0.0,0.0,0.0,0.0,0.0,0.0227411137160358,0.00811754898066139,OSD-120,Atha_Col-0_root_GC_dark_Rep1_GSM2493768_Day13
0.0,0.0,0.0,0.027664069358838594,0.0,0.0,0.0,0.0,0.0,0.0,0.0,0.0,0.0528672345325595,0.0,0.0,0.0,0.0,0.0,0.0,0.0,0.0,0.0,0.0,0.0,0.0,0.0,0.0,0.0,0.0,0.0,0.0,0.0,0.0,0.0,0.0,0.0,0.0,0.0,0.0,0.0,0.0,0.0,0.0,0.0,0.0,0.0,0.0,0.0,0.0,0.0,0.0,0.0,0.0,0.0,0.0,0.0,0.0,0.0,0.0,0.0,0.0,0.0,0.0,0.0,0.0,0.0,0.0,0.0,0.0,0.0,0.0,0.0,0.0,0.0,0.0,0.0,0.0,0.0,0.24217631595642283,0.0,0.0,0.0,0.0,0.0,0.0,0.0,0.0,0.0,0.0,0.041986037893666624,0.09479633287733297,0.027649043637019952,0.0,0.12493877137890455,0.0,0.0,0.0,0.0,0.0,0.0,0.0,0.0,0.0,0.0,0.0,0.0,0.0,0.0,0.0,0.0,0.0,0.0,0.0,0.0,0.0,0.0,0.0,0.0,0.0,0.0,0.0,0.0,0.0,0.0,0.0,0.0,0.0,0.0,0.0,0.0,0.0,0.0,0.0,0.0,0.0,0.0,0.0,0.0,0.0,0.0,0.0,0.0,0.0,0.0,0.05663050422375913,0.025878597285024525,0.02597367908644962,0.018347723803272462,0.0,0.0,0.0,0.013123501704867237,0.0,0.0,0.0,0.0,0.0,0.0,0.016622232368307767,0.0,0.0,0.08452782496120859,0.0,0.12200036540569466,0.0,0.0,0.0,0.0,0.0,0.0,0.0,0.0,0.0,0.0,0.0,0.0,0.0,0.0,0.0,0.0,0.0,0.0,0.02481776552667113,OSD-120,Atha_Col-0_root_GC_dark_Rep2_GSM2493769_Day13
0.0,0.0,0.0,0.020469241271324868,0.0,0.0,0.0,0.0,0.0,0.0,0.0,0.0,0.05060367867772973,0.0,0.0,0.0,0.0,0.0,0.0,0.0,0.0,0.0,0.0,0.0,0.0,0.0,0.0,0.0,0.0,0.0,0.0,0.0,0.0,0.0,0.0,0.0,0.0,0.0,0.0,0.0,0.0,0.0,0.0,0.0,0.0,0.0,0.0,0.0,0.0,0.0,0.0,0.0,0.0,0.0,0.0,0.0,0.0,0.0,0.0,0.0,0.0,0.0,0.0,0.0,0.0,0.0,0.0,0.0,0.0,0.0,0.0,0.0,0.0,0.0,0.0,0.0,0.0,0.0,0.20964570884653635,0.0,0.0,0.0,0.0,0.0,0.0,0.0,0.0,0.0,0.006783896695037319,0.08637472404447495,0.10867402045903221,0.0,0.0,0.12397092192505196,0.0,0.0,0.0,0.0,0.0,0.0,0.0,0.0,0.0,0.0,0.0,0.0,0.0,0.0,0.0,0.0,0.0,0.0,0.0,0.0,0.0,0.0,0.0,0.0,0.0,0.0,0.0,0.0,0.0,0.0,0.0,0.0,0.0,0.0,0.0,0.0,0.0,0.0,0.0,0.0,0.0,0.0,0.0,0.0,0.0,0.0,0.0,0.0,0.0,0.0,0.030442708001740388,0.07590778058474544,0.021478120278915214,0.015641388479843872,0.0,0.0,0.004737310852448723,0.01320548606728335,0.0,0.0,0.0,0.0,0.0,0.0,0.009441841654910039,0.0,0.0,0.11560982189643146,0.0,0.08471079642335654,0.0,0.0,0.0,0.0,0.0,0.0,0.0,0.0,0.0,0.0,0.0,0.0,0.0,0.0,0.0,0.0,0.0,0.022302553841137558,0.0,OSD-120,Atha_Col-0_root_GC_dark_Rep3_GSM2493770_Day13
0.0,0.0,0.0,0.03231542414980741,0.0,0.0,0.0,0.0,0.0,0.0,0.0,0.0,0.06364448060098793,0.0,0.0,0.0,0.0,0.0,0.0,0.0,0.0,0.0,0.0,0.0,0.0,0.0,0.0,0.0,0.0,0.0,0.0,0.0,0.0,0.0,0.0,0.0,0.0,0.0,0.0,0.0,0.0,0.0,0.0,0.0,0.0,0.0,0.0,0.0,0.0,0.0,0.0,0.0,0.0,0.0,0.0,0.0,0.0,0.0,0.0,0.0,0.0,0.0,0.0,0.0,0.0,0.0,0.0,0.0,0.0,0.0,0.0,0.0,0.0,0.0,0.0,0.0,0.0,0.0,0.2691919776403499,0.0,0.0,0.0,0.0,0.0,0.0,0.0,0.0,0.0,0.0,0.0,0.08916422769457949,0.0,0.0,0.16833464292067113,0.0,0.0,0.0,0.0,0.0,0.0,0.0,0.0,0.0,0.0,0.0,0.0,0.0,0.0,0.0,0.0,0.0,0.0,0.0,0.0,0.0,0.0,0.0,0.0,0.0,0.0,0.0,0.0,0.0,0.0,0.0,0.0,0.0,0.0,0.0,0.0,0.0,0.0,0.0,0.0,0.0,0.0,0.0,0.0,0.0,0.0,0.0,0.0,0.0,0.0,0.06815524779948914,0.0,0.0325781808199383,0.024753833837745515,0.0,0.0,0.0,0.018955836288574657,0.0,0.0,0.0,0.0,0.0,0.0,0.004316075039418191,0.0,0.0,0.08357880292588978,0.0,0.12240944624440009,0.0,0.0,0.0,0.0,0.0,0.0,0.01202205365130851,0.0,0.0,0.0,0.0,0.0,0.0,0.0,0.0,0.0,0.0,0.0,0.010579770386840026,OSD-120,Atha_Ws_root_GC_dark_Rep1_GSM2493771_Day13
0.0,0.0,0.0,0.02809966456742757,0.0,0.0,0.0,0.0,0.0,0.0,0.0,0.0,0.06539779762131143,0.0,0.0,0.0,0.0,0.0,0.0,0.0,0.0,0.0,0.0,0.0,0.0,0.0,0.0,0.0,0.0,0.0,0.0,0.0,0.0,0.0,0.0,0.0,0.0,0.0,0.0,0.0,0.0,0.0,0.0,0.0,0.0,0.0,0.0,0.0,0.0,0.0,0.0,0.0,0.0,0.0,0.0,0.0,0.0,0.0,0.0,0.0,0.0,0.0,0.0,0.0,0.0,0.0,0.0,0.0,0.0,0.0,0.0,0.0,0.0,0.0,0.0,0.0,0.0,0.0,0.24866485875942823,0.0,0.0,0.0,0.0,0.0,0.0,0.0,0.0,0.0,0.0,0.037141425860711084,0.10330450966692858,0.0,0.0,0.13622489004452742,0.0,0.0,0.0,0.0,0.0,0.0,0.0,0.0,0.0,0.0,0.0,0.0,0.0,0.0,0.0,0.0,0.0,0.0,0.0,0.0,0.0,0.0,0.0,0.0,0.0,0.0,0.0,0.0,0.0,0.0,0.0,0.0,0.0,0.0,0.0,0.0,0.0,0.0,0.0,0.0,0.0,0.0,0.0,0.0,0.0,0.0,0.0,0.0,0.0,0.0,0.06926973403451175,0.0,0.024916370499840773,0.023126096409413967,0.0,0.0,0.005628308429357829,0.01577164449743432,0.0,0.0,0.0,0.0,0.0,0.0,0.007631780868053484,0.0,0.0,0.09342412923370579,0.0,0.11456017887439283,0.0,0.0,0.0,0.0,0.0,0.0,0.0,0.0,0.0,0.0,0.0,0.0,0.0,0.0,0.0,0.0,0.0,0.006996974999657259,0.019841635633297702,OSD-120,Atha_Ws_root_GC_dark_Rep2_GSM2493772_Day13
0.0,0.0,0.0,0.027078389327163273,0.0,0.0,0.0,0.0,0.0,0.0,0.0,0.0,0.05980836466140998,0.0,0.0,0.0,0.0,0.0,0.0,0.0,0.0,0.0,0.0,0.0,0.0,0.0,0.0,0.0,0.0,0.0,0.0,0.0,0.0,0.0,0.0,0.0,0.0,0.0,0.0,0.0,0.0,0.0,0.0,0.0,0.0,0.0,0.0,0.0,0.0,0.0,0.0,0.0,0.0,0.0,0.0,0.0,0.0,0.0,0.0,0.0,0.0,0.0,0.0,0.0,0.0,0.0,0.0,0.0,0.0,0.0,0.0,0.0,0.0,0.0,0.0,0.0,0.0,0.0,0.2306695906757546,0.0,0.0,0.0,0.0,0.0,0.0,0.0,0.0,0.0,0.0,0.06663721423278024,0.10113659109404792,0.005296944611596079,0.0,0.11828842597298717,0.0,0.0,0.0,0.0,0.0,0.0,0.0,0.0,0.0,0.0,0.0,0.0,0.0,0.0,0.0,0.0,0.0,0.0,0.0,0.0,0.0,0.0,0.0,0.0,0.0,0.0,0.0,0.0,0.0,0.0,0.0,0.0,0.0,0.0,0.0,0.0,0.0,0.0,0.0,0.0,0.0,0.0,0.0,0.0,0.0,0.0,0.0,0.0,0.0,0.0,0.03562159711878624,0.0,0.031974973794977816,0.02306694664663402,0.0,0.0,0.019358928328329132,0.009381345207082802,0.0,0.012094531029629225,0.0,0.0,0.0,0.0,0.014731248170044713,0.0,0.0,0.1102597719071471,0.0,0.10094210164151599,0.0,0.0,0.0,0.0,0.0,0.0,0.0,0.0,0.0,0.0,0.0,0.0,0.0,0.0,0.0,0.0,0.0,0.005218254918246392,0.028434780661867356,OSD-120,Atha_Ws_root_GC_dark_Rep3_GSM2493773_Day13
0.0,0.0,0.0,0.025511243306810427,0.0,0.0,0.0,0.0,0.0,0.0,0.0,0.0,0.043774914716286445,0.0,0.0,0.0,0.0,0.0,0.0,0.0,0.0,0.0,0.0,0.0,0.0,0.0,0.0,0.0,0.0,0.0,0.0,0.0,0.0,0.0,0.0,0.0,0.0,0.0,0.0,0.0,0.0,0.0,0.0,0.0,0.0,0.0,0.0,0.0,0.0,0.0,0.0,0.0,0.0,0.0,0.0,0.0,0.0,0.0,0.0,0.0,0.0,0.0,0.0,0.0,0.0,0.0,0.0,0.0,0.0,0.0,0.0,0.0,0.0,0.0,0.0,0.0,0.0,0.0,0.21467511103170742,0.0,0.0,0.0,0.0,0.0,0.0,0.0,0.0,0.0,0.0,0.0699291519438514,0.13479545653334138,0.0,0.0,0.14371532285167726,0.0,0.0,0.0,0.0,0.0,0.0,0.0,0.0,0.0,0.0,0.0,0.0,0.0,0.0,0.0,0.0,0.0,0.0,0.0,0.0,0.0,0.0,0.0,0.0,0.0,0.0,0.0,0.0,0.0,0.0,0.0,0.0,0.0,0.0,0.0,0.0,0.0,0.0,0.0,0.0,0.0,0.0,0.0,0.0,0.0,0.0,0.0,0.0,0.0,0.0,0.05994940310914235,0.0016978611273486374,0.033806632335023554,0.02348016447342775,0.0,0.0,0.014705761474461836,0.018541669102183755,0.0,0.0,0.0,0.0,0.0,0.0,0.024672292221479614,0.0,0.0,0.10687703281730929,0.0,0.07463190530057288,0.0,0.0,0.0,0.0,0.0,0.0,0.0,0.0,0.0,0.0,0.0,0.0,0.0,0.0,0.0,0.0,0.0,0.006687232880438044,0.002548844774937918,OSD-120,Atha_Col-0-PhyD_root_GC_dark_Rep1_GSM2493774_Day13
0.0,0.0,0.0,0.02497458951404457,0.0,0.0,0.0,0.0,0.0,0.0,0.0,0.0,0.05193477064057539,0.0,0.0,0.0,0.0,0.0,0.0,0.0,0.0,0.0,0.0,0.0,0.0,0.0,0.0,0.0,0.0,0.0,0.0,0.0,0.0,0.0,0.0,0.0,0.0,0.0,0.0,0.0,0.0,0.0,0.0,0.0,0.0,0.0,0.0,0.0,0.0,0.0,0.0,0.0,0.0,0.0,0.0,0.0,0.0,0.0,0.0,0.0,0.0,0.0,0.0,0.0,0.0,0.0,0.0,0.0,0.0,0.0,0.0,0.0,0.0,0.0,0.0,0.0,0.0,0.0,0.22516489683604718,0.0,0.0,0.0,0.0,0.0,0.0,0.0,0.0,0.0,0.01128501932610195,0.06033249122872531,0.1085391267118157,0.0,0.0,0.14899775195841472,0.0,0.0,0.0,0.0,0.0,0.0,0.0,0.0,0.0,0.0,0.0,0.0,0.0,0.0,0.0,0.0,0.0,0.0,0.0,0.0,0.0,0.0,0.0,0.0,0.0,0.0,0.0,0.0,0.0,0.0,0.0,0.0,0.0,0.0,0.0,0.0,0.004563033771292295,0.0,0.0,0.0,0.0,0.0,0.0,0.0,0.0,0.0,0.0,0.0,0.0,0.0,0.038837312879538,0.0872568961794112,0.02742340002174894,0.021705087828762026,0.0,0.0,0.0,0.013393903065591609,0.0,0.0,0.0,0.0,0.0,0.0,0.0003765240736170397,0.0,0.0,0.08702201250525528,0.0,0.08491137488691697,0.0,0.0,0.0,0.0,0.0,0.0,0.0,0.0,0.0,0.0,0.0,0.0,0.0,0.0,0.0,0.0,0.0,0.003281808572141802,0.0,OSD-120,Atha_Col-0-PhyD_root_GC_dark_Rep2_GSM2493775_Day13
0.0,0.0,0.0,0.022382501828537568,0.0,0.0,0.0,0.0,0.0,0.0,0.0,0.0,0.061623978225518926,0.0,0.0,0.0,0.0,0.0,0.0,0.0,0.0,0.0,0.0,0.0,0.0,0.0,0.0,0.0,0.0,0.0,0.0,0.0,0.0,0.0,0.0,0.0,0.0,0.0,0.0,0.0,0.0,0.0,0.0,0.0,0.0,0.0,0.0,0.0,0.0,0.0,0.0,0.0,0.0,0.0,0.0,0.0,0.0,0.0,0.0,0.0,0.0,0.0,0.0,0.0,0.0,0.0,0.0,0.0,0.0,0.0,0.0,0.0,0.0,0.0,0.0,0.0,0.0,0.0,0.22036327865545174,0.0,0.0,0.0,0.0,0.0,0.0,0.0,0.0,0.0,0.0,0.06518441419259972,0.09338872286159093,0.006496382378680632,0.0,0.13485680824003354,0.0,0.0,0.0,0.0,0.0,0.0,0.0,0.0,0.0,0.0,0.0,0.0,0.0,0.0,0.0,0.0,0.0,0.0,0.0,0.0,0.0,0.0,0.0,0.0,0.0,0.0,0.0,0.0,0.0,0.0,0.0,0.0,0.0,0.0,0.0,0.0,0.011473021636747504,0.0,0.0,0.0,0.0,0.0,0.0,0.0,0.0,0.0,0.0,0.0,0.0,0.0,0.03524800103270574,0.08721434557214587,0.018009074245641143,0.020369583650309723,0.0,0.0,0.0,0.010270928479630157,0.0,0.0,0.0,0.0,0.0,0.0,0.0,0.0,0.0,0.10988798851790156,0.0,0.08394556331762545,0.0,0.0,0.0,0.0,0.0,0.0,0.0,0.0,0.0,0.0,0.0,0.0,0.0,0.0,0.0,0.0,0.0,0.019285407164879795,0.0,OSD-120,Atha_Col-0-PhyD_root_GC_dark_Rep3_GSM2493776_Day13
0.0,0.0,0.0,0.028801912664366727,0.0,0.0,0.0,0.0,0.0,0.0,0.0,0.0,0.04958759290558771,0.0,0.0,0.0,0.0,0.0,0.0,0.0,0.0,0.0,0.0,0.0,0.0,0.0,0.0,0.0,0.0,0.0,0.0,0.0,0.0,0.0,0.0,0.0,0.0,0.0,0.0,0.0,0.0,0.0,0.0,0.0,0.0,0.0,0.0,0.0,0.0,0.0,0.0,0.0,0.0,0.0,0.0,0.0,0.0,0.0,0.0,0.0,0.0,0.0,0.0,0.0,0.0,0.0,0.0,0.0,0.0,0.0,0.0,0.0,0.0,0.0,0.0,0.0,0.0,0.0,0.2156098638428476,0.0,0.0,0.0,0.0,0.0,0.0,0.0,0.0,0.0,0.0,0.051474912096883776,0.10432572023868394,0.02092673872334525,0.0,0.1488516389802747,0.0,0.0,0.0,0.0,0.0,0.0,0.0,0.0,0.0,0.0,0.0,0.0,0.0,0.0,0.0,0.0,0.0,0.0,0.0,0.0,0.0,0.0,0.0,0.0,0.0,0.0,0.0,0.0,0.0,0.0,0.0,0.0,0.0,0.0,0.0,0.0,0.0,0.0,0.0,0.0,0.0,0.0,0.0,0.0,0.0,0.0,0.0,0.0,0.0,0.0,0.051796945442368285,0.0,0.03002172966677117,0.030360444755799614,0.0,0.0,0.012480305728039843,0.023185979522347182,0.0,0.0,0.0,0.0,0.0,0.0,0.045675168262862505,0.0,0.0,0.08677389823958352,0.0,0.08285353277423009,0.0,0.0,0.0,0.0,0.0,0.0,0.0,0.0,0.0,0.0,0.0,0.0,0.0,0.0,0.0,0.0,0.0,0.011077343625791075,0.006196272530217123,OSD-120,Atha_Col-0_root_FLT_Alight_Rep1_GSM2493777_Day13
0.0,0.0,0.0,0.025968580621164885,0.0,0.0,0.0,0.0,0.0,0.0,0.0,0.0,0.04235261083147798,0.0,0.0,0.0,0.0,0.0,0.0,0.0,0.0,0.0,0.0,0.0,0.0,0.0,0.0,0.0,0.0,0.0,0.0,0.0,0.0,0.0,0.0,0.0,0.0,0.0,0.0,0.0,0.0,0.0,0.0,0.0,0.0,0.0,0.0,0.0,0.0,0.0,0.0,0.0,0.0,0.0,0.0,0.0,0.0,0.0,0.0,0.0,0.0,0.0,0.0,0.0,0.0,0.0,0.0,0.0,0.0,0.0,0.0,0.0,0.0,0.0,0.0,0.0,0.0,0.0,0.21612160430010768,0.0,0.0,0.0,0.0,0.0,0.0,0.0,0.0,0.0,0.0,0.05603055394946491,0.13923834446760322,0.0,0.0,0.13019744736843622,0.0,0.0,0.0,0.0,0.0,0.0,0.0,0.0,0.0,0.0,0.0,0.0,0.0,0.0,0.0,0.0,0.0,0.0,0.0,0.0,0.0,0.0,0.0,0.0,0.0,0.0,0.0,0.0,0.0,0.0,0.0,0.0,0.0,0.0,0.0,0.0,0.0,0.0,0.0,0.0,0.0,0.0,0.0,0.0,0.0,0.0,0.0,0.0,0.0,0.0,0.047247722300029715,0.0,0.02788677739326896,0.025413938792778073,0.0,0.0,0.013803483783310335,0.02091121553225234,0.0,0.0,0.0,0.0,0.0,0.0,0.03510333772543939,0.0,0.0,0.09970503180349202,0.0,0.0848087891017059,0.0,0.0,0.0,0.0,0.0,0.0,0.0,0.0,0.0,0.0,0.0,0.0,0.0,0.0,0.0,0.0,0.0,0.01669200937092637,0.01851855265854192,OSD-120,Atha_Col-0_root_FLT_Alight_Rep2_GSM2493778_Day13
0.0,0.0,0.0,0.019972709415375618,0.0,0.0,0.0,0.0,0.0,0.0,0.0,0.0,0.05136592004127897,0.0,0.0,0.0,0.0,0.0,0.0,0.0,0.0,0.0,0.0,0.0,0.0,0.0,0.0,0.0,0.0,0.0,0.0,0.0,0.0,0.0,0.0,0.0,0.0,0.0,0.0,0.0,0.0,0.0,0.0,0.0,0.0,0.0,0.0,0.0,0.0,0.0,0.0,0.0,0.0,0.0,0.0,0.0,0.0,0.0,0.0,0.0,0.0,0.0,0.0,0.0,0.0,0.0,0.0,0.0,0.0,0.0,0.0,0.0,0.0,0.0,0.0,0.0,0.0,0.0,0.19625819998541294,0.0,0.0,0.0,0.0,0.0,0.0,0.0,0.0,0.0,0.0,0.10658008028216254,0.12421338429097574,0.004487608659235339,0.0,0.11575293488435089,0.0,0.0,0.0,0.0,0.0,0.0,0.0,0.0,0.0,0.0,0.0,0.0,0.0,0.0,0.0,0.0,0.0,0.0,0.0,0.0,0.0,0.0,0.0,0.0,0.0,0.0,0.0,0.0,0.0,0.0,0.0,0.0,0.0,0.0,0.0,0.0,0.0006164637118714643,0.0,0.0,0.0,0.0,0.0,0.0,0.0,0.0,0.0,0.0,0.0,0.0,0.0,0.04096826599661265,0.014670270338317306,0.025835484591156515,0.025255280817644235,0.0,0.0,0.0,0.020491095255065803,0.0,0.0,0.0,0.0,0.0,0.0,0.05623248652678342,0.0,0.0,0.07756913470044874,0.0,0.08923064978639732,0.0,0.0,0.0,0.0,0.0,0.0,0.0,0.0,0.0,0.0,0.0,0.0,0.0,0.02795582198270252,0.0,0.0,0.0,0.0,0.002544208734207883,OSD-120,Atha_Col-0_root_FLT_Alight_Rep3_GSM2493779_Day13
0.0,0.0,0.0,0.02892994569080927,0.0,0.0,0.0,0.0,0.0,0.0,0.0,0.0,0.04651772039882856,0.0,0.0,0.0,0.0,0.0,0.0,0.0,0.0,0.0,0.0,0.0,0.0,0.0,0.0,0.0,0.0,0.0,0.0,0.0,0.0,0.0,0.0,0.0,0.0,0.0,0.0,0.0,0.0,0.0,0.0,0.0,0.0,0.0,0.0,0.0,0.0,0.0,0.0,0.0,0.0,0.0,0.0,0.0,0.0,0.0,0.0,0.0,0.0,0.0,0.0,0.0,0.0,0.0,0.0,0.0,0.0,0.0,0.0,0.0,0.0,0.0,0.0,0.0,0.0,0.0,0.21641759525224122,0.0,0.0,0.0,0.0,0.0,0.0,0.0,0.0,0.0,0.0,0.049794190007215265,0.12338602159264604,0.005699165475904466,0.0,0.14652675209310703,0.0,0.0,0.0,0.0,0.0,0.0,0.0,0.0,0.0,0.0,0.0,0.0,0.0,0.0,0.0,0.0,0.0,0.0,0.0,0.0,0.0,0.0,0.0,0.0,0.0,0.0,0.0,0.0,0.0,0.0,0.0,0.0,0.0,0.0,0.0,0.0,0.0,0.0,0.0,0.0,0.0,0.0,0.0,0.0,0.0,0.0,0.0,0.0,0.0,0.0,0.048301081368097826,0.0,0.027463154918190517,0.026789043965047252,0.0,0.0,0.016634363475282344,0.02486874655497983,0.0,0.0,0.0,0.0,0.0,0.0,0.04297074186207435,0.0,0.0,0.08660920381847426,0.0,0.08388211231198038,0.0,0.0,0.0,0.0,0.0,0.0,0.0,0.0,0.0,0.0,0.0,0.0,0.0,0.0,0.0,0.0,0.0,0.013626880639975464,0.011583280575146087,OSD-120,Atha_Ws_root_FLT_Alight_Rep1_GSM2493780_Day13
0.0,0.0,0.0,0.025050201741549167,0.0,0.0,0.0,0.0,0.0,0.0,0.0,0.0,0.047965857458069916,0.0,0.0,0.0,0.0,0.0,0.0,0.0,0.0,0.0,0.0,0.0,0.0,0.0,0.0,0.0,0.0,0.0,0.0,0.0,0.0,0.0,0.0,0.0,0.0,0.0,0.0,0.0,0.0,0.0,0.0,0.0,0.0,0.0,0.0,0.0,0.0,0.0,0.0,0.0,0.0,0.0,0.0,0.0,0.0,0.0,0.0,0.0,0.0,0.0,0.0,0.0,0.0,0.0,0.0,0.0,0.0,0.005954627126759229,0.0,0.0,0.0,0.0,0.0,0.0,0.0,0.0,0.20246531325080797,0.0,0.0,0.0,0.0,0.0,0.0,0.0,0.0,0.0,0.0,0.08773162400044371,0.13173100405636787,0.0,0.0,0.10731468222291955,0.0,0.0,0.0,0.0,0.0,0.0,0.0,0.0,0.0,0.0,0.0,0.0,0.0,0.0,0.0,0.0,0.0,0.0,0.0,0.0,0.0,0.0,0.0,0.0,0.0,0.0,0.0,0.0,0.0,0.0,0.0,0.0,0.0,0.0,0.0,0.0,0.0,0.0,0.0,0.0,0.0,0.0,0.0,0.0,0.0,0.0,0.0,0.0,0.0,0.0,0.04698762718697412,0.0013061609093582545,0.0316975300658415,0.028177427793664243,0.0,0.0,0.007595895743404954,0.02460300257990875,0.0,0.0,0.0,0.0,0.0,0.0,0.03218784696889499,0.0,0.0,0.0997198975350419,0.0,0.087024056096758,0.0,0.0,0.0,0.0,0.0,0.0,0.0,0.0,0.0,0.0,0.0,0.0,0.0,0.0,0.0,0.0,0.0,0.004909823898567441,0.027577421364668328,OSD-120,Atha_Ws_root_FLT_Alight_Rep2_GSM2493781_Day13
0.0,0.0,0.0,0.02754798019926692,0.0,0.0,0.0,0.0,0.0,0.0,0.0,0.0,0.050761094406064404,0.0,0.0,0.0,0.0,0.0,0.0,0.0,0.0,0.0,0.0,0.0,0.0,0.0,0.0,0.0,0.0,0.0,0.0,0.0,0.0,0.0,0.0,0.0,0.0,0.0,0.0,0.0,0.0,0.0,0.0,0.0,0.0,0.0,0.0,0.0,0.0,0.0,0.0,0.0,0.0,0.0,0.0,0.0,0.0,0.0,0.0,0.0,0.0,0.0,0.0,0.0,0.0,0.0,0.0,0.0,0.0,0.0,0.0,0.0,0.0,0.0,0.0,0.0,0.0,0.0,0.20962497526124427,0.0,0.0,0.0,0.0,0.0,0.0,0.0,0.0,0.0,0.0,0.07115036108724881,0.12511069633894292,0.0,0.0,0.13012759258209008,0.0,0.0,0.0,0.0,0.0,0.0,0.0,0.0,0.0,0.0,0.0,0.0,0.0,0.0,0.0,0.0,0.0,0.0,0.0,0.0,0.0,0.0,0.0,0.0,0.0,0.0,0.0,0.0,0.0,0.0,0.0,0.0,0.0,0.0,0.0,0.0,0.0,0.0,0.0,0.0,0.0,0.0,0.0,0.0,0.0,0.0,0.0,0.0,0.0,0.0,0.05031338297964767,0.0013052696939287551,0.026763011506157494,0.0272309138973849,0.0,0.0,0.014528514851493087,0.02400154516969336,0.0,0.0,0.0,0.0,0.0,0.0,0.04355451034194032,0.0,0.0,0.0925446782434186,0.0,0.08337247492990285,0.0,0.0,0.0,0.0,0.0,0.0,0.0,0.0,0.0,0.0,0.0,0.0,0.0,0.0,0.0,0.0,0.0,0.003013430787826218,0.019049567723749404,OSD-120,Atha_Ws_root_FLT_Alight_Rep3_GSM2493782_Day13
0.0,0.0,0.0,0.023015931179631296,0.0,0.0,0.0,0.0,0.0,0.0,0.0,0.0,0.04649024047599329,0.0,0.0,0.0,0.0,0.0,0.0,0.0,0.0,0.0,0.0,0.0,0.0,0.0,0.0,0.0,0.0,0.0,0.0,0.0,0.0,0.0,0.0,0.0,0.0,0.0,0.0,0.0,0.0,0.0,0.0,0.0,0.0,0.0,0.0,0.0,0.0,0.0,0.0,0.0,0.0,0.0,0.0,0.0,0.0,0.0,0.0,0.0,0.0,0.0,0.0,0.0,0.0,0.0,0.0,0.0,0.0,0.0,0.0,0.0,0.0,0.0,0.0,0.0,0.0,0.0,0.2103332177086975,0.0,0.0,0.0,0.0,0.0,0.0,0.0,0.0,0.0,0.0,0.06922348783295192,0.11727457108354815,0.02903267853699004,0.0,0.12071559734538442,0.0,0.0,0.0,0.0,0.0,0.0,0.0,0.0,0.0,0.0,0.0,0.0,0.0,0.0,0.0,0.0,0.0,0.0,0.0,0.0,0.0,0.0,0.0,0.0,0.0,0.0,0.0,0.0,0.0,0.0,0.0,0.0,0.0,0.0,0.0,0.0,0.005748568795729611,0.0,0.0,0.0,0.0,0.0,0.0,0.0,0.0,0.0,0.0,0.0,0.0,0.0,0.03178134300473657,0.024127228777496946,0.026329141237853314,0.024757561752361906,0.0,0.0,0.0006084561671678495,0.01680876610249361,0.0,0.0,0.0,0.0,0.0,0.0,0.04369508642067176,0.0,0.0,0.09933265209843221,0.0,0.08711984498595945,0.0,0.0,0.0,0.0,0.0,0.0,0.0,0.0,0.0,0.0,0.0,0.0,0.0,0.0,0.0,0.0,0.0,0.0,0.023605626493900033,OSD-120,Atha_Col-0-PhyD_root_FLT_Alight_Rep1_GSM2493783_Day13
0.0,0.0,0.0,0.024483949968273938,0.0,0.0,0.0,0.0,0.0,0.0,0.0,0.0,0.04332986439930341,0.0,0.0,0.0,0.0,0.0,0.0,0.0,0.0,0.0,0.0,0.0,0.0,0.0,0.0,0.0,0.0,0.0,0.0,0.0,0.0,0.0,0.0,0.0,0.0,0.0,0.0,0.012592474392061034,0.0,0.0,0.0,0.0,0.0,0.0,0.0,0.0,0.0,0.0,0.0,0.0,0.0,0.0,0.0,0.0,0.0,0.0,0.0,0.0,0.0,0.0,0.0,0.0,0.0,0.0,0.0,0.0,0.0,0.0,0.0,0.0,0.0,0.0,0.0,0.0,0.0,0.0,0.2089669912307969,0.0,0.0,0.0,0.0,0.0,0.0,0.0,0.0,0.0,0.0,0.10218724952881833,0.13146081831370995,0.01878138231742787,0.0,0.09427577410579847,0.0,0.0,0.0,0.0,0.0,0.0,0.0,0.0,0.0,0.0,0.0,0.0,0.0,0.0,0.0,0.0,0.0,0.0,0.0,0.0,0.0,0.0,0.0,0.0,0.0,0.0,0.0,0.0,0.0,0.0,0.0,0.0,0.0,0.0,0.0,0.0,0.003399099252867093,0.0,0.0,0.0,0.0,0.0,0.0,0.0,0.0,0.0,0.0,0.0,0.0,0.0,0.03358352480982729,0.0662466263007873,0.02693738588516965,0.021690720549208776,0.0,0.0,0.0,0.01681314851490581,0.0,0.0,0.0,0.0,0.0,0.0,0.04429809280123369,0.0,0.0,0.06521272980775816,0.0,0.078806897440558,0.0,0.0,0.0,0.0,0.0,0.0,0.0,0.0,0.0,0.0,0.0,0.0,0.0,0.0,0.0,0.0,0.0,0.0,0.006933270381494424,OSD-120,Atha_Col-0-PhyD_root_FLT_Alight_Rep2_GSM2493784_Day13
0.0,0.0,0.0,0.025757313767238735,0.0,0.0,0.0,0.0,0.0,0.0,0.0,0.0,0.046773141068687164,0.0,0.0,0.0,0.0,0.0,0.0,0.0,0.0,0.0,0.0,0.0,0.0,0.0,0.0,0.0,0.0,0.0,0.0,0.0,0.0,0.0,0.0,0.0,0.0,0.0,0.0,0.0,0.0,0.0,0.0,0.0,0.0,0.0,0.0,0.0,0.0,0.0,0.0,0.0,0.0,0.0,0.0,0.0,0.0,0.0,0.0,0.0,0.0,0.0,0.0,0.0,0.0,0.0,0.0,0.0,0.0,0.0,0.0,0.0,0.0,0.0,0.0,0.0,0.0,0.0,0.19705961270472527,0.0,0.0,0.0,0.0,0.0,0.0,0.0,0.0,0.0,0.0,0.0987575719586164,0.11524936484746956,0.008525003098361152,0.0,0.11830249286091234,0.0,0.0,0.0,0.0,0.0,0.0,0.0,0.0,0.0,0.0,0.0,0.0,0.0,0.0,0.0,0.0,0.0,0.0,0.0,0.0,0.0,0.0,0.0,0.0,0.0,0.0,0.0,0.0,0.0,0.0,0.0,0.0,0.0,0.0,0.0,0.0,0.012058706096357797,0.0,0.0,0.0,0.0,0.0,0.0,0.0,0.0,0.0,0.0,0.0,0.0,0.0,0.04945823571431831,0.008777459646743545,0.032165854094967486,0.028740715923403486,0.0,0.0,0.005459025726316236,0.021864585038904406,0.0,0.0012426432488602198,0.0,0.0,0.0,0.0,0.04148304305864369,0.0,0.0,0.09403144541720236,0.0,0.07195355644700538,0.0,0.0,0.0,0.0,0.0,0.0,0.0,0.0,0.0,0.0,0.0,0.0,0.0,0.0,0.0,0.0,0.0,0.004131105709274071,0.01820912357199235,OSD-120,Atha_Col-0-PhyD_root_FLT_Alight_Rep3_GSM2493785_Day13
0.0,0.0,0.0,0.02762476570909401,0.0,0.0,0.0,0.0,0.0,0.0,0.0,0.0,0.05122650246213247,0.0,0.0,0.0,0.0,0.0,0.0,0.0,0.0,0.0,0.0,0.0,0.0,0.0,0.0,0.0,0.0,0.0,0.0,0.0,0.0,0.0,0.0,0.0,0.0,0.0,0.0,0.0010364172227799227,0.0,0.0,0.0,0.0,0.0,0.0,0.0,0.0,0.0,0.0,0.0,0.0,0.0,0.0,0.0,0.0,0.0,0.0,0.0,0.0,0.0,0.0,0.0,0.0,0.0,0.0,0.0,0.0,0.0,0.0,0.0,0.0,0.0,0.0,0.0,0.0,0.0,0.0,0.21163118915978688,0.0,0.0,0.0,0.0,0.0,0.0,0.0,0.0,0.0,0.0,0.08322697475453643,0.14353619822704058,0.000581626440344991,0.0,0.12473491218189209,0.0,0.0,0.0,0.0,0.0,0.0,0.0,0.0,0.0,0.0,0.0,0.0,0.0,0.0,0.0,0.0,0.0,0.0,0.0,0.0,0.0,0.0,0.0,0.0,0.0,0.0,0.0,0.0,0.0,0.0,0.0,0.0,0.0,0.0,0.0,0.0,0.0,0.0,0.0,0.0,0.0,0.0,0.0,0.0,0.0,0.0,0.0,0.0,0.0,0.0,0.04039579693033252,0.014736841851193509,0.030790277844715802,0.02844941052084764,0.0,0.0,0.003986167906560367,0.024227712865606047,0.0,0.0,0.0,0.0,0.0,0.0,0.03744880341582587,0.0,0.0,0.0809730686188238,0.0,0.08554313511716335,0.0,0.0,0.0,0.0,0.0,0.0,0.0,0.0,0.0,0.0,0.0,0.0,0.0,0.0,0.0,0.0,0.0,0.009850198771323652,0.0,OSD-120,Atha_Col-0_root_FLT_dark_Rep1_GSM2493786_Day13
0.0,0.0,0.0,0.027307550465711254,0.0,0.0,0.0,0.0,0.0,0.0,0.0,0.0,0.05454854590018796,0.0,0.0,0.0,0.0,0.0,0.0,0.0,0.0,0.0,0.0,0.0,0.0,0.0,0.0,0.0,0.0,0.0,0.0,0.0,0.0,0.0,0.0,0.0,0.0,0.0,0.0,0.0,0.0,0.0,0.0,0.0,0.0,0.0,0.0,0.0,0.0,0.0,0.0,0.0,0.0,0.0,0.0,0.0,0.0,0.0,0.0,0.0,0.0,0.0,0.0,0.0,0.0,0.0,0.0,0.0,0.0,0.0,0.0,0.0,0.0,0.0,0.0,0.0,0.0,0.0,0.24185481879085416,0.0,0.0,0.0,0.0,0.0,0.0,0.0,0.0,0.0,0.0,0.03721701820747548,0.10486110965433415,0.0,0.0,0.15785448387850462,0.0,0.0,0.0,0.0,0.0,0.0,0.0,0.0,0.0,0.0,0.0,0.0,0.0,0.0,0.0,0.0,0.0,0.0,0.0,0.0,0.0,0.0,0.0,0.0,0.0,0.0,0.0,0.0,0.0,0.0,0.0,0.0,0.0,0.0,0.0,0.0,0.0,0.0,0.0,0.0,0.0,0.0,0.0,0.0,0.0,0.0,0.0,0.0,0.0,0.0,0.07533420643180748,0.018689678299175994,0.027812531018372437,0.026139960324826815,0.0,0.0,0.0,0.014466385824720611,0.0,0.0,0.0,0.0,0.0,0.0,0.01603284422810989,0.0,0.0,0.08417338927987669,0.0,0.10338082460478287,0.0,0.0,0.0,0.0,0.0,0.0,0.0,0.0,0.0,0.0,0.0,0.0,0.0,0.010326653091259658,0.0,0.0,0.0,0.0,0.0,OSD-120,Atha_Col-0_root_FLT_dark_Rep2_GSM2493787_Day13
0.0,0.0,0.0,0.02561412427790831,0.0,0.0,0.0,0.0,0.0,0.0,0.0,0.0,0.04032024128242003,0.0,0.0,0.0,0.0,0.0,0.0,0.0,0.0,0.0,0.0,0.0,0.0,0.0,0.0,0.0,0.0,0.0,0.0,0.0,0.0,0.0,0.0,0.0,0.0,0.0,0.0,0.0,0.0,0.0,0.0,0.0,0.0,0.0,0.0,0.0,0.0,0.0,0.0,0.0,0.0,0.0,0.0,0.0,0.0,0.0,0.0,0.0,0.0,0.0,0.0,0.0,0.0,0.0,0.0,0.0,0.0,0.0,0.0,0.0,0.0,0.0,0.0,0.0,0.0,0.0,0.21129735800119953,0.0,0.0,0.0,0.0,0.0,0.0,0.0,0.0,0.0,0.0,0.10734070588762151,0.12560536614782886,0.01618673465828555,0.0,0.10781337438388673,0.0,0.0,0.0,0.0,0.0,0.0,0.0,0.0,0.0,0.0,0.0,0.0,0.0,0.0,0.0,0.0,0.0,0.0,0.0,0.0,0.0,0.0,0.0,0.0,0.0,0.0,0.0,0.0,0.0,0.0,0.0,0.0,0.0,0.0,0.0,0.0,0.002300342586675564,0.0,0.0,0.0,0.0,0.0,0.0,0.0,0.0,0.0,0.0,0.0,0.0,0.0,0.01925177252797149,0.05658709995658789,0.026703817510705437,0.024981257544081283,0.0,0.0,0.0,0.024831105083286682,0.0,0.0,0.0,0.0,0.0,0.0,0.035732588168116856,0.0,0.0,0.08190304835983898,0.0,0.07877435463093684,0.0,0.0,0.0,0.0,0.0,0.0,0.0,0.0,0.0,0.0,0.0,0.0,0.0,0.01475670899264846,0.0,0.0,0.0,0.0,0.0,OSD-120,Atha_Col-0_root_FLT_dark_Rep3_GSM2493788_Day13
0.0,0.0,0.0,0.031083656757939306,0.0,0.0,0.0,0.0,0.0,0.0,0.0,0.0,0.0604312735625454,0.0,0.0,0.0,0.0,0.0,0.0,0.0,0.0,0.0,0.0,0.0,0.0,0.0,0.0,0.0,0.0,0.0,0.0,0.0,0.0,0.0,0.0,0.0,0.0,0.0,0.0,0.0,0.0,0.0,0.0,0.0,0.0,0.0,0.0,0.0,0.0,0.0,0.0,0.0,0.0,0.0,0.0,0.0,0.0,0.0,0.0,0.0,0.0,0.0,0.0,0.0,0.0,0.0,0.0,0.0,0.0,0.0,0.0,0.0,0.0,0.0,0.0,0.0,0.0,0.0,0.24835440017487576,0.0,0.0,0.0,0.0,0.0,0.0,0.0,0.0,0.0,0.0,0.016077063529956217,0.1475791330794698,0.0,0.0,0.14757949630776188,0.0,0.0,0.0,0.0,0.0,0.0,0.0,0.0,0.0,0.0,0.0,0.0,0.0,0.0,0.0,0.0,0.0,0.0,0.0,0.0,0.0,0.0,0.0,0.0,0.0,0.0,0.0,0.0,0.0,0.0,0.0,0.0,0.0,0.0,0.0,0.0,0.0,0.0,0.0,0.0,0.0,0.0,0.0,0.0,0.0,0.0,0.0,0.0,0.0,0.0,0.07753821403624521,0.0,0.030517366207784814,0.024595512046439658,0.0,0.0,0.0,0.015049453686741225,0.0,0.0,0.0,0.0,0.0,0.0,0.004259928547775938,0.0,0.0,0.07591711165544741,0.0,0.11927823136173865,0.0,0.0,0.0,0.0,0.0,0.0,0.0,0.0,0.0,0.0,0.0,0.0,0.0,0.0017391590452787923,0.0,0.0,0.0,0.0,0.0,OSD-120,Atha_Ws_root_FLT_dark_Rep1_GSM2493789_Day13
0.0,0.0,0.0,0.027352564454741487,0.0,0.0,0.0,0.0,0.0,0.0,0.0,0.0,0.05800758172100143,0.0,0.0,0.0,0.0,0.0,0.0,0.0,0.0,0.0,0.0,0.0,0.0,0.0,0.0,0.0,0.0,0.0,0.0,0.0,0.0,0.0,0.0,0.0,0.0,0.0,0.0,0.0,0.0,0.0,0.0,0.0,0.0,0.0,0.0,0.0,0.0,0.0,0.0,0.0,0.0,0.0,0.0,0.0,0.0,0.0,0.0,0.0,0.0,0.0,0.0,0.0,0.0,0.0,0.0,0.0,0.0,0.0,0.0,0.0,0.0,0.0,0.0,0.0,0.0,0.0,0.2256927195093931,0.0,0.0,0.0,0.0,0.0,0.0,0.0,0.0,0.0,0.0,0.05956486199771404,0.14234857728004116,0.0,0.0,0.12677821651584575,0.0,0.0,0.0,0.0,0.0,0.0,0.0,0.0,0.0,0.0,0.0,0.0,0.0,0.0,0.0,0.0,0.0,0.0,0.0,0.0,0.0,0.0,0.0,0.0,0.0,0.0,0.0,0.0,0.0,0.0,0.0,0.0,0.0,0.0,0.0,0.0,0.0,0.0,0.0,0.0,0.0,0.0,0.0,0.0,0.0,0.0,0.0,0.0,0.0,0.0,0.06796881592700037,0.0,0.025867447014252934,0.021303983213318115,0.0,0.0,0.012063150319171961,0.01618494062642331,0.0,0.0,0.0,0.0,0.0,0.0,0.017728394476431472,0.0,0.0,0.08994654196208597,0.0,0.10094199884914869,0.0,0.0,0.0,0.0,0.0,0.0,0.0,0.0,0.0,0.0,0.0,0.0,0.0,0.0,0.0,0.0,0.0,0.0,0.008250206133430282,OSD-120,Atha_Ws_root_FLT_dark_Rep2_GSM2493790_Day13
0.0,0.0,0.0,0.023394910366675868,0.0,0.0,0.0,0.0,0.0,0.0,0.0,0.0,0.05748454820074455,0.0,0.0,0.0,0.0,0.0,0.0,0.0,0.0,0.0,0.0,0.0,0.0,0.0,0.0,0.0,0.0,0.0,0.0,0.0,0.0,0.0,0.0,0.0,0.0,0.0,0.0,0.0,0.0,0.0,0.0,0.0,0.0,0.0,0.0,0.0,0.0,0.0,0.0,0.0,0.0,0.0,0.0,0.0,0.0,0.0,0.0,0.0,0.0,0.0,0.0,0.0,0.0,0.0,0.0,0.0,0.0,0.0,0.0,0.0,0.0,0.0,0.0,0.0,0.0,0.0,0.21197932301465583,0.0,0.0,0.0,0.0,0.0,0.0,0.0,0.0,0.0,0.0,0.0723207748582893,0.14642390405803368,0.0,0.0,0.10307028496809358,0.0,0.0,0.0,0.0,0.0,0.0,0.0,0.0,0.0,0.0,0.0,0.0,0.0,0.0,0.0,0.0,0.0,0.0,0.0,0.0,0.0,0.0,0.0,0.0,0.0,0.0,0.0,0.0,0.0,0.0,0.0,0.0,0.0,0.0,0.0,0.0,0.0,0.0,0.0,0.0,0.0,0.0,0.0,0.0,0.0,0.0,0.0,0.0,0.0,0.0,0.0516306390510377,0.03610432135108636,0.02381696775058912,0.01941569628608585,0.0,0.0,0.007548572706602336,0.015794759787911054,0.0,0.0,0.0,0.0,0.0,0.0,0.015023103717434688,0.0,0.0,0.0940499310909098,0.0,0.09828431685108871,0.0,0.0,0.0,0.0,0.0,0.0,0.0,0.0,0.0,0.0,0.0,0.0,0.0,0.0,0.0,0.0,0.0,0.013250765587666708,0.010407180353094674,OSD-120,Atha_Ws_root_FLT_dark_Rep3_GSM2493791_Day13
0.0,0.0,0.0,0.022376478512617343,0.0,0.0,0.0,0.0,0.0,0.0,0.0,0.0,0.04694700523605057,0.0,0.0,0.0,0.0,0.0,0.0,0.0,0.0,0.0,0.0,0.0,0.0,0.0,0.0,0.0,0.0,0.0,0.0,0.0,0.0,0.0,0.0,0.0,0.0,0.0,0.0,0.0,0.0,0.0,0.0,0.0,0.0,0.0,0.0,0.0,0.0,0.0,0.0,0.0,0.0,0.0,0.0,0.0,0.0,0.0,0.0,0.0,0.0,0.0,0.0,0.0,0.0,0.0,0.0,0.0,0.0,0.0,0.0,0.0,0.0,0.0,0.0,0.0,0.0,0.0,0.21524827745628347,0.0,0.0,0.0,0.0,0.0,0.0,0.0,0.0,0.0,0.0,0.09820375279169949,0.14758847779258205,0.02335717823274141,0.0,0.10745086224727171,0.0,0.0,0.0,0.0,0.0,0.0,0.0,0.0,0.0,0.0,0.0,0.0,0.0,0.0,0.0,0.0,0.0,0.0,0.0,0.0,0.0,0.0,0.0,0.0,0.0,0.0,0.0,0.0,0.0,0.0,0.0,0.0,0.0,0.0,0.0,0.0,0.0,0.0,0.0,0.0,0.0,0.0,0.0,0.0,0.0,0.0,0.0,0.0,0.0,0.0,0.02172315483445951,0.08149188168120501,0.02844516721622825,0.026591601844246016,0.0,0.0,0.0,0.014949825430822843,0.0,0.0,0.0,0.0,0.0,0.0,0.013433779772234306,0.0,0.0,0.08268543387863722,0.0,0.06950712307292081,0.0,0.0,0.0,0.0,0.0,0.0,0.0,0.0,0.0,0.0,0.0,0.0,0.0,0.0,0.0,0.0,0.0,0.0,0.0,OSD-120,Atha_Col-0-PhyD_root_FLT_dark_Rep1_GSM2493792_Day13
0.0,0.0,0.0,0.032740111897948565,0.0,0.0,0.0,0.0,0.0,0.0,0.0,0.0,0.04459447077655384,0.0,0.0,0.0,0.0,0.0,0.0,0.0,0.0,0.0,0.0,0.0,0.0,0.0,0.0,0.0,0.0,0.0,0.0,0.0,0.0,0.0,0.0,0.0,0.0,0.0,0.0,0.0,0.0,0.0,0.0,0.0,0.0,0.0,0.0,0.0,0.0,0.0,0.0,0.0,0.0,0.0,0.0,0.0,0.0,0.0,0.0,0.0,0.0,0.0,0.0,0.0,0.0,0.0,0.0,0.0,0.0,0.0,0.0,0.0,0.0,0.0,0.0,0.0,0.0,0.0,0.24535702672645152,0.0,0.0,0.0,0.0,0.0,0.0,0.0,0.0,0.0,0.0,0.08408412101945506,0.10222175524679834,0.007182611428635696,0.0,0.12131927565378167,0.0,0.0,0.0,0.0,0.0,0.0,0.0,0.0,0.0,0.0,0.0,0.0,0.0,0.0,0.0,0.0,0.0,0.0,0.0,0.0,0.0,0.0,0.0,0.0,0.0,0.0,0.0,0.0,0.0,0.0,0.0,0.0,0.0,0.0,0.0,0.0,0.0,0.0,0.0,0.0,0.0,0.0,0.0,0.0,0.0,0.0,0.0,0.0,0.0,0.0,0.061704556316111006,0.023376303672243037,0.02885311308586182,0.03058435004320189,0.0,0.0,0.0,0.013472671167821254,0.0,0.0,0.0,0.0,0.0,0.0,0.038671984718568295,0.0,0.0,0.07201863766062698,0.0,0.08961968344609593,0.0,0.0,0.0,0.0,0.0,0.0,0.0,0.0,0.0,0.0,0.0,0.0,0.0,0.004199327139845069,0.0,0.0,0.0,0.0,0.0,OSD-120,Atha_Col-0-PhyD_root_FLT_dark_Rep2_GSM2493793_Day13
0.0,0.0,0.0,0.029407270426138336,0.0,0.0,0.0,0.0,0.0,0.0,0.0,0.0,0.05085273504114534,0.0,0.0,0.0,0.0,0.0,0.0,0.0,0.0,0.0,0.0,0.0,0.0,0.0,0.0,0.0,0.0,0.0,0.0,0.0,0.0,0.0,0.0,0.0,0.0,0.0,0.0,0.0,0.0,0.0,0.0,0.0,0.0,0.0,0.0,0.0,0.0,0.0,0.0,0.0,0.0,0.0,0.0,0.0,0.0,0.0,0.0,0.0,0.0,0.0,0.0,0.0,0.0,0.0,0.0,0.0,0.0,0.0,0.0,0.0,0.0,0.0,0.0,0.0,0.0,0.0,0.24136690238276226,0.0,0.0,0.0,0.0,0.0,0.0,0.0,0.0,0.0,0.0,0.022561126840489245,0.07132633295858302,0.06447887079894703,0.0,0.13102042047960338,0.0,0.0,0.0,0.0,0.0,0.0,0.0,0.0,0.0,0.0,0.0,0.0,0.0,0.0,0.0,0.0,0.0,0.0,0.0,0.0,0.0,0.0,0.0,0.0,0.0,0.0,0.0,0.0,0.0,0.0,0.0,0.0,0.0,0.0,0.0,0.0,0.0,0.0,0.0,0.0,0.0,0.0,0.0,0.0,0.0,0.0,0.0,0.0,0.0,0.0,0.0556135851499084,0.025095685309803738,0.03628184511376064,0.032275207997409024,0.0,0.0,0.0,0.014576562762375737,0.0,0.0,0.0,0.0,0.0,0.0,0.05336636717678575,0.0,0.0,0.08668486854198199,0.0,0.051374352408954695,0.0,0.0,0.0,0.0,0.0,0.0,0.0,0.0,0.0,0.0,0.0,0.0,0.0,0.0,0.0,0.0,0.0,0.008003036008167545,0.025714830603183973,OSD-120,Atha_Col-0-PhyD_root_FLT_dark_Rep3_GSM2493794_Day13
0.0,0.0,0.0,0.027304806247791507,0.0,0.0,0.0,0.0,0.0,0.0,0.0,0.0,0.04778773120772124,0.0,0.0,0.0,0.0,0.0,0.0,0.0,0.0,0.0,0.0,0.0,0.0,0.0,0.0,0.0,0.0,0.0,0.0,0.0,0.0,0.0,0.0,0.0,0.0,0.0,0.0,0.0,0.0,0.0,0.0,0.0,0.0,0.0,0.0,0.0,0.0,0.0,0.0,0.0,0.0,0.0,0.0,0.0,0.0,0.0,0.0,0.0,0.0,0.0,0.0,0.0,0.0,0.0,0.0,0.0,0.0,0.0,0.0,0.0,0.0,0.0,0.0,0.0,0.0,0.0,0.20699369817032695,0.0,0.0,0.0,0.0,0.0,0.0,0.0,0.0,0.0,0.0,0.07451276560436128,0.12879281755414165,0.0,0.0,0.12199203089903757,0.0,0.0,0.0,0.0,0.0,0.0,0.0,0.0,0.0,0.0,0.0,0.0,0.0,0.0,0.0,0.0,0.0,0.0,0.0,0.0,0.0,0.0,0.0,0.0,0.0,0.0,0.0,0.0,0.0,0.0,0.0,0.0,0.0,0.0,0.0,0.0,0.0,0.0,0.0,0.0,0.0,0.0,0.0,0.0,0.0,0.0,0.0,0.0,0.0,0.0,0.04832423461788373,0.015790508540551657,0.031951901700602574,0.022468371985646208,0.0,0.0,0.003064525621981779,0.023822064110348016,0.0,0.0,0.0,0.0,0.0,0.0,0.03556956879030728,0.0,0.0,0.09737903420862229,0.0,0.08173528494111648,0.0,0.0,0.0,0.0,0.0,0.0,0.0,0.0,0.0,0.0,0.0,0.0,0.0,0.0,0.0,0.0,0.0,0.0016350464034665321,0.030875609396093275,OSD-120,Atha_Col-0_root_GC_Alight_Rep3_GSM2493761_Day13
0.0,0.0,0.0,0.018411209855495967,0.0,0.0,0.0,0.0,0.0,0.0,0.0,0.0,0.046425139188987156,0.0,0.0,0.0,0.0,0.0,0.0,0.0,0.0,0.0,0.0,0.0,0.0,0.0,0.0,0.0,0.0,0.0,0.0,0.0,0.0,0.0,0.0,0.0,0.0,0.0,0.0,0.0,0.0,0.0,0.0,0.0,0.0,0.0,0.0,0.0,0.0,0.0,0.0,0.0,0.0,0.018196042947352366,0.0,0.0,0.0,0.0,0.0,0.0,0.0,0.0,0.0,0.0,0.0,0.0,0.0,0.0,0.0,0.0,0.0,0.0,0.0,0.0,0.0,0.0,0.0,0.0,0.17186177041981954,0.0,0.0,0.0,0.0,0.0,0.0,0.0,0.0,0.0,0.0,0.028129193643036694,0.15931638470453324,0.09558216153049724,0.0,0.08380379465683985,0.0,0.0,0.0,0.0,0.0,0.0,0.0,0.0,0.0,0.0,0.0,0.0,0.0,0.0,0.0,0.0,0.0,0.0,0.0,0.0,0.0,0.0,0.0,0.0,0.0,0.0,0.0,0.0,0.0,0.0,0.0,0.0,0.0,0.0,0.0,0.0,0.00048460818252733746,0.0,0.0,0.0,0.0,0.0,0.0,0.0,0.0,0.0,0.0,0.0,0.0,0.0,0.030383731321833748,0.11503425043245503,0.03195096562161558,0.017380249315426376,0.0,0.0,0.0,0.016533221475721494,0.0,0.0006020984273119721,0.0,0.0,0.0,0.0,0.003370354080578884,0.0,0.0,0.07125097902430728,0.0,0.062484679600604616,0.0,0.0,0.0,0.0,0.0,0.0,0.0,0.0,0.0,0.0,0.0,0.0,0.0,0.0,0.0,0.0,0.0,0.0,0.028799165571055677,OSD-193,GSM2516735
0.0,0.0,0.0,0.019769507877040456,0.0,0.0,0.0,0.0,0.0,0.0,0.0,0.0,0.04505003683976357,0.0,0.0,0.0,0.0,0.0,0.0,0.0,0.0,0.0,0.0,0.0,0.0,0.0,0.0,0.0,0.0,0.0,0.0,0.0,0.0,0.0,0.0,0.0,0.0,0.0,0.0,0.0,0.0,0.0,0.0,0.0,0.0,0.0,0.0,0.0,0.0,0.0,0.0,0.0,0.0,0.025569480889624966,0.0,0.0,0.0,0.0,0.0,0.0,0.0,0.0,0.0,0.0,0.0,0.0,0.0,0.0,0.0,0.0,0.0,0.0,0.0,0.0,0.0,0.0,0.0,0.0,0.17460744002214415,0.0,0.0,0.0,0.0,0.0,0.0,0.0,0.0,0.0,0.0,0.040994005785230825,0.1511444854102423,0.0791267507706037,0.0,0.08205443238463185,0.0,0.0,0.0,0.0,0.0,0.0,0.0,0.0,0.0,0.0,0.0,0.0,0.0,0.0,0.0,0.0,0.0,0.0,0.0,0.0,0.0,0.0,0.0,0.0,0.0,0.0,0.0,0.0,0.0,0.0,0.0,0.0,0.0,0.0,0.0,0.0,0.0030529704023283585,0.0,0.0,0.0,0.0,0.0,0.0,0.0,0.0,0.0,0.0,0.0,0.0,0.0,0.032431472296489475,0.10066541661010919,0.030780321430450723,0.018616338371774625,0.0,0.0,0.0,0.013716992418753212,0.0,0.009096444055172011,0.0,0.0,0.0,0.0,0.010080277433331576,0.0,0.0,0.07515020561671679,0.0,0.06290714912779354,0.0,0.0,0.0,0.0,0.0,0.0,0.0,0.0,0.0,0.0,0.0,0.0,0.0,0.0,0.0,0.0,0.0,0.0,0.02518627225779854,OSD-193,GSM2516736
0.0,0.0,0.0,0.01702229972474058,0.0,0.0,0.0,0.0,0.0,0.0,0.0,0.0,0.047997872290222336,0.0,0.0,0.0,0.0,0.0,0.0,0.0,0.0,0.0,0.0,0.0,0.0,0.0,0.0,0.0,0.0,0.0,0.0,0.0,0.0,0.0,0.0,0.0,0.0,0.0,0.0,0.0,0.0,0.0,0.0,0.0,0.0,0.0,0.0,0.0,0.0,0.0,0.0,0.0,0.0,0.024123307412207928,0.0,0.0,0.0,0.0,0.0,0.0,0.0,0.0,0.0,0.0,0.0,0.0,0.0,0.0,0.0,0.0,0.0,0.0,0.0,0.0,0.0,0.0,0.0,0.0,0.18241894928982227,0.0,0.0,0.0,0.0,0.0,0.0,0.0,0.0,0.0,0.0,0.03673227204400013,0.14859460423967022,0.08073819943763744,0.0,0.08870171193145741,0.0,0.0,0.0,0.0,0.0,0.0,0.0,0.0,0.0,0.0,0.0,0.0,0.0,0.0,0.0,0.0,0.0,0.0,0.0,0.0,0.0,0.0,0.0,0.0,0.0,0.0,0.0,0.0,0.0,0.0,0.0,0.0,0.0,0.0,0.0,0.0,0.0,0.0,0.0,0.0,0.0,0.0,0.0,0.0,0.0,0.0,0.0,0.0,0.0,0.0,0.03494335100623037,0.10100771314074122,0.027975938367295346,0.022390662270756992,0.0,0.0,0.0010164333198470377,0.012495137610687367,0.0,0.007863115653332855,0.0,0.0,0.0,0.0,0.005015140085519878,0.0,0.0,0.06878153244573258,0.0,0.05905349494316949,0.0,0.0,0.0,0.0,0.0,0.0,0.0,0.0,0.0,0.0,0.0,0.0,0.0,0.0,0.0,0.0,0.0,0.0,0.03312826478692853,OSD-193,GSM2516737
0.0,0.0,0.0,0.021189054753937384,0.0,0.0,0.0,0.0,0.0,0.0,0.0,0.0,0.04466325028316793,0.0,0.0,0.0,0.0,0.0,0.0,0.0,0.0,0.0,0.0,0.0,0.0,0.0,0.0,0.0,0.0,0.0,0.0,0.0,0.0,0.0,0.0,0.0,0.0,0.0,0.0,0.0,0.0,0.0,0.0,0.0,0.0,0.0,0.0,0.0,0.0,0.0,0.0,0.0,0.0,0.023639916259955377,0.0,0.0,0.0,0.0,0.0,0.0,0.0,0.0,0.0,0.0,0.0,0.0,0.0,0.0,0.0,0.005696188816105015,0.0,0.0,0.0,0.0,0.0,0.0,0.0,0.0,0.16802145584962866,0.0,0.0,0.0,0.0,0.0,0.0,0.0,0.0,0.0,0.0,0.0366915842546014,0.14805783941798067,0.08603671394383351,0.0,0.08240232582560758,0.0,0.0,0.0,0.0,0.0,0.0,0.0,0.0,0.0,0.0,0.0,0.0,0.0,0.0,0.0,0.0,0.0,0.0,0.0,0.0,0.0,0.0,0.0,0.0,0.0,0.0,0.0,0.0,0.0,0.0,0.0,0.0,0.0,0.0,0.0,0.0,0.0028097664724551787,0.0,0.0,0.0,0.0,0.0,0.0,0.0,0.0,0.0,0.0,0.0,0.0,0.0,0.03519423294573011,0.10514009343202478,0.027518689993605364,0.015834153271644887,0.0,0.0,0.001143306482908942,0.015227897503178812,0.0,0.0,0.0,0.0,0.0,0.0,0.007521138439133528,0.0,0.0,0.07278588659172311,0.0,0.06891242311552044,0.0,0.0,0.0,0.0,0.0,0.0,0.0,0.0,0.0,0.0,0.0,0.0,0.0,0.0,0.0,0.0,0.0,0.000814618759953475,0.030699463587303737,OSD-193,GSM2516738
0.0,0.0,0.0,0.02081911662216069,0.0,0.0,0.0,0.0,0.0,0.0,0.0,0.0,0.0509682885578135,0.0,0.0,0.0,0.0,0.0,0.0,0.0,0.0,0.0,0.0,0.0,0.0,0.0,0.0,0.0,0.0,0.0,0.0,0.0,0.0,0.0,0.0,0.0,0.0,0.0,0.0,0.0,0.0,0.0,0.0,0.0,0.0,0.0,0.0,0.0,0.0,0.0,0.0,0.0,0.0,0.017562348722163525,0.0,0.0,0.0,0.0,0.0,0.0,0.0,0.0,0.0,0.0,0.0,0.0,0.0,0.0,0.0,0.0,0.0,0.0,0.0,0.0,0.0,0.0,0.0,0.0,0.1833124537795056,0.0,0.0,0.0,0.0,0.0,0.0,0.0,0.0,0.0,0.0,0.03892277759076414,0.14930083321642476,0.08043507960070416,0.0,0.0773322594248725,0.0,0.0,0.0,0.0,0.0,0.0,0.0,0.0,0.0,0.0,0.0,0.0,0.0,0.0,0.0,0.0,0.0,0.0,0.0,0.0,0.0,0.0,0.0,0.0,0.0,0.0,0.0,0.0,0.0,0.0,0.0,0.0,0.0,0.0,0.0,0.0,0.002563541553897909,0.0,0.0,0.0,0.0,0.0,0.0,0.0,0.0,0.0,0.0,0.0,0.0,0.0,0.030118758184425616,0.08340835345537571,0.03067797885945038,0.019640948759285196,0.0,0.0,0.0,0.027624691236443767,0.0,0.006479848765425476,0.0,0.0,0.0,0.0,0.014732637704136966,0.0,0.0,0.06987654440216833,0.0,0.07087331541837863,0.0,0.0,0.0,0.0,0.0,0.0,0.0,0.0,0.0,0.0,0.0,0.0,0.0,0.0,0.0,0.0,0.0,0.0,0.025350224146602967,OSD-193,GSM2516739
0.0,0.0,0.0,0.023754430821244146,0.0,0.0,0.0,0.0,0.0,0.0,0.0,0.0,0.04152885403972433,0.0,0.0,0.0,0.0,0.0,0.0,0.0,0.0,0.0,0.0,0.0,0.0,0.0,0.0,0.0,0.0,0.0,0.0,0.0,0.0,0.0,0.0,0.0,0.0,0.0,0.0,0.0,0.0,0.0,0.0,0.0,0.0,0.0,0.0,0.0,0.0,0.0,0.0,0.0,0.0,0.02354007620630655,0.0,0.0,0.0,0.0,0.0,0.0,0.0,0.0,0.0,0.0,0.0,0.0,0.0,0.0,0.0,0.006091337422797585,0.0,0.0,0.0,0.0,0.0,0.0,0.0,0.0,0.1735578768235533,0.0,0.0,0.0,0.0,0.0,0.0,0.0,0.0,0.0,0.0,0.04745819382159987,0.13652297375089054,0.08102323298699261,0.0,0.08208688388201142,0.0,0.0,0.0,0.0,0.0,0.0,0.0,0.0,0.0,0.0,0.0,0.0,0.0,0.0,0.0,0.0,0.0,0.0,0.0,0.0,0.0,0.0,0.0,0.0,0.0,0.0,0.0,0.0,0.0,0.0,0.0,0.0,0.0,0.0,0.0,0.0,0.001658107419284121,0.0,0.0,0.0,0.0,0.0,0.0,0.0,0.0,0.0,0.0,0.0,0.0,0.0,0.035421434810136564,0.07814659505391659,0.03022773609318146,0.018142344521474472,0.0,0.0,0.0,0.018048602258144822,0.0,0.006175121054277419,0.0,0.0,0.0,0.0,0.02131895312982044,0.0,0.0,0.07400700351931506,0.0,0.0693226495672987,0.0,0.0,0.0,0.0,0.0,0.0,0.0,0.0,0.0,0.0,0.0,0.0,0.0,0.0,0.0,0.0,0.0,0.0,0.03196759281803006,OSD-193,GSM2516740
0.0,0.0,0.0,0.02128671719377661,0.0,0.0,0.0,0.0,0.0,0.0,0.0,0.0,0.04307964286751112,0.0,0.0,0.0,0.0,0.0,0.0,0.0,0.0,0.0,0.0,0.0,0.0,0.0,0.0,0.0,0.0,0.0,0.0,0.0,0.0,0.0,0.0,0.0,0.0,0.0,0.0,0.0,0.0,0.0,0.0,0.0,0.0,0.0,0.0,0.0,0.0,0.0,0.0,0.0,0.0,0.019008735106232345,0.0,0.0,0.0,0.0,0.0,0.0,0.0,0.0,0.0,0.0,0.0,0.0,0.0,0.0,0.0,0.0,0.0,0.0,0.0,0.0,0.0,0.0,0.0,0.0,0.1862762336047129,0.0,0.0,0.0,0.0,0.0,0.0,0.0,0.0,0.0,0.0,0.039578382152569216,0.14617551420915012,0.08162131318702569,0.0,0.0811109207870528,0.0,0.0,0.0,0.0,0.0,0.0,0.0,0.0,0.0,0.0,0.0,0.0,0.0,0.0,0.0,0.0,0.0,0.0,0.0,0.0,0.0,0.0,0.0,0.0,0.0,0.0,0.0,0.0,0.0,0.0,0.0,0.0,0.0,0.0,0.0,0.0,0.0,0.0,0.0,0.0,0.0,0.0,0.0,0.0,0.0,0.0,0.0,0.0,0.0,0.0,0.032438479935282746,0.09025370897929696,0.030206824954808552,0.016552708586570312,0.0,0.0,0.0,0.017942999365221236,0.0,0.006142375695014719,0.0,0.0,0.0,0.0,0.02093571715456682,0.0,0.0,0.068363247024262,0.0,0.07351082171388854,0.0,0.0,0.0,0.0,0.0,0.0,0.0,0.0,0.0,0.0,0.0,0.0,0.0,0.0,0.0,0.0,0.0,0.0,0.02551565748305728,OSD-193,GSM2516741
0.0,0.0,0.0,0.02253722235718075,0.0,0.0,0.0,0.0,0.0,0.0,0.0,0.0,0.04710855593414051,0.0,0.0,0.0,0.0,0.0,0.0,0.0,0.0,0.0,0.0,0.0,0.0,0.0,0.0,0.0,0.0,0.0,0.0,0.0,0.0,0.0,0.0,0.0,0.0,0.0,0.0,0.0,0.0,0.0,0.0,0.0,0.0,0.0,0.0,0.0,0.0,0.0,0.0,0.0,0.0,0.01645320862400749,0.0,0.0,0.0,0.0,0.0,0.0,0.0,0.0,0.0,0.0,0.0,0.0,0.0,0.0,0.0,0.004993299530469061,0.0,0.0,0.0,0.0,0.0,0.0,0.0,0.0,0.1921740144186085,0.0,0.0,0.0,0.0,0.0,0.0,0.0,0.0,0.0,0.0,0.040766605344865904,0.14830346337396808,0.06908384592421475,0.0,0.08625688418968078,0.0,0.0,0.0,0.0,0.0,0.0,0.0,0.0,0.0,0.0,0.0,0.0,0.0,0.0,0.0,0.0,0.0,0.0,0.0,0.0,0.0,0.0,0.0,0.0,0.0,0.0,0.0,0.0,0.0,0.0,0.0,0.0,0.0,0.0,0.0,0.0,0.0005218513091854378,0.0,0.0,0.0,0.0,0.0,0.0,0.0,0.0,0.0,0.0,0.0,0.0,0.0,0.03407212753681394,0.08762380123566531,0.029788137997123706,0.01670278946373291,0.0,0.0,0.0,0.0167180221146291,0.0,0.004745242054939101,0.0,0.0,0.0,0.0,0.00962096784276701,0.0,0.0,0.06333591932959515,0.0,0.07861631417749747,0.0,0.0,0.0,0.0,0.0,0.0,0.0,0.0,0.0,0.0,0.0,0.0,0.0,0.0,0.0,0.0,0.0,0.0,0.030577727240915096,OSD-193,GSM2516742
0.0,0.0,0.0,0.020891558831391044,0.0,0.0,0.0,0.0,0.0,0.0,0.0,0.0,0.050378270072331754,0.0,0.0,0.0,0.0,0.0,0.0,0.0,0.0,0.0,0.0,0.0,0.0,0.0,0.0,0.0,0.0,0.0,0.0,0.0,0.0,0.0,0.0,0.0,0.0,0.0,0.0,0.0,0.0,0.0,0.0,0.0,0.0,0.0,0.0,0.0,0.0,0.0,0.0,0.0,0.0,0.02128115967522848,0.0,0.0,0.0,0.0,0.0,0.0,0.0,0.0,0.0,0.0,0.0,0.0,0.0,0.0,0.0,0.0,0.0,0.0,0.0,0.0,0.0,0.0,0.0,0.0,0.18595723978256437,0.0,0.0,0.0,0.0,0.0,0.0,0.0,0.0,0.0,0.0,0.03326947300144388,0.1479989152196796,0.0775497016136438,0.0,0.08228674386816269,0.0,0.0,0.0,0.0,0.0,0.0,0.0,0.0,0.0,0.0,0.0,0.0,0.0,0.0,0.0,0.0,0.0,0.0,0.0,0.0,0.0,0.0,0.0,0.0,0.0,0.0,0.0,0.0,0.0,0.0,0.0,0.0,0.0,0.0,0.0,0.0,0.0017039155189328954,0.0,0.0,0.0,0.0,0.0,0.0,0.0,0.0,0.0,0.0,0.0,0.0,0.0,0.031812259105116265,0.09860700903656458,0.033096758735439526,0.019996523107766416,0.0,0.0,0.0,0.014526005187879174,0.0,0.0159157589604274,0.0,0.0,0.0,0.0,0.006817501546877653,0.0,0.0,0.07115522336711197,0.0,0.06685820021919137,0.0,0.0,0.0,0.0,0.0,0.0,0.0,0.0,0.0,0.0,0.0,0.0,0.0,0.0,0.0,0.0,0.0,0.0,0.019897783150247216,OSD-193,GSM2516743
0.0,0.0,0.0,0.0200129256937532,0.0,0.0,0.0,0.0,0.0,0.0,0.0,0.0,0.04009337325874188,0.0,0.0,0.0,0.0,0.0,0.0,0.0,0.0,0.0,0.0,0.0,0.0,0.0,0.0,0.0,0.0,0.0,0.0,0.0,0.0,0.0,0.0,0.0,0.0,0.0,0.0,0.0,0.0,0.0,0.0,0.0,0.0,0.0,0.0,0.0,0.0,0.0,0.0,0.0,0.0,0.03346144624295875,0.0,0.0,0.0,0.0,0.0,0.0,0.0,0.0,0.0,0.0,0.0,0.0,0.0,0.0,0.0,0.0,0.0,0.0,0.0,0.0,0.0,0.0,0.0,0.0,0.17617490951282624,0.0,0.0,0.0,0.0,0.0,0.0,0.0,0.0,0.0,0.0,0.03612248003094804,0.15433511893118856,0.07545754184907917,0.0,0.08260096606288166,0.0,0.0,0.0,0.0,0.0,0.0,0.0,0.0,0.0,0.0,0.0,0.0,0.0,0.0,0.0,0.0,0.0,0.0,0.0,0.0,0.0,0.0,0.0,0.0,0.0,0.0,0.0,0.0,0.0,0.0,0.0,0.0,0.0,0.0,0.0,0.0,0.013122900260464466,0.0,0.0,0.0,0.0,0.0,0.0,0.0,0.0,0.0,0.0,0.0,0.0,0.0,0.031173371569077558,0.10210751600092521,0.031366241704908725,0.02029570394299995,0.0,0.0,0.0011803829563463758,0.013192183978127268,0.0,0.010825512962174785,0.0,0.0,0.0,0.0,0.010377882214610158,0.0,0.0,0.07387735391894824,0.0,0.06103603267636443,0.0,0.0,0.0,0.0,0.0,0.0,0.0,0.0,0.0,0.0,0.0,0.0,0.0,0.0,0.0,0.0,0.0,0.0,0.013186156232675323,OSD-193,GSM2516744
0.0,0.0,0.0,0.018940190122149488,0.0,0.0,0.0,0.0,0.0,0.0,0.0,0.0,0.04172118730079,0.0,0.0,0.0,0.0,0.0,0.0,0.0,0.0,0.0,0.0,0.0,0.0,0.0,0.0,0.0,0.0,0.0,0.0,0.0,0.0,0.0,0.0,0.0,0.0,0.0,0.0,0.0,0.0,0.0,0.0,0.0,0.0,0.0,0.0,0.0,0.0,0.0,0.0,0.0,0.0,0.023435116807358745,0.0,0.0,0.0,0.0,0.0,0.0,0.0,0.0,0.0,0.0,0.0,0.0,0.0,0.0,0.0,0.0014311229393975963,0.0,0.0,0.0,0.0,0.0,0.0,0.0,0.0,0.18004967835397753,0.0,0.0,0.0,0.0,0.0,0.0,0.0,0.0,0.0,0.0,0.04499112752431543,0.15302985941091699,0.07808414573917595,0.0,0.0803965090265857,0.0,0.0,0.0,0.0,0.0,0.0,0.0,0.0,0.0,0.0,0.0,0.0,0.0,0.0,0.0,0.0,0.0,0.0,0.0,0.0,0.0,0.0,0.0,0.0,0.0,0.0,0.0,0.0,0.0,0.0,0.0,0.0,0.0,0.0,0.0,0.0,0.0018475513253533105,0.0,0.0,0.0,0.0,0.0,0.0,0.0,0.0,0.0,0.0,0.0,0.0,0.0,0.032257749648857525,0.10719242915950301,0.030837574353969322,0.018075268123501555,0.0,0.0,0.0008577506240789276,0.01582408175410881,0.0,0.0047615525900593985,0.0,0.0,0.0,0.0,0.007445509264761866,0.0,0.0,0.071923668926669,0.0,0.06669406322942055,0.0,0.0,0.0,0.0,0.0,0.0,0.0,0.0,0.0,0.0,0.0,0.0,0.0,0.0,0.0,0.0,0.0,0.0,0.02020386377504928,OSD-193,GSM2516745
0.0,0.0,0.0,0.018349882563136917,0.0,0.0,0.0,0.0,0.0,0.0,0.0,0.0,0.04946866585795556,0.0,0.0,0.0,0.0,0.0,0.0,0.0,0.0,0.0,0.0,0.0,0.0,0.0,0.0,0.0,0.0,0.0,0.0,0.0,0.0,0.0,0.0,0.0,0.0,0.0,0.0,0.0,0.0,0.0,0.0,0.0,0.0,0.0,0.0,0.0,0.0,0.0,0.0,0.0,0.0,0.030398350735254324,0.0,0.0,0.0,0.0,0.0,0.0,0.0,0.0,0.0,0.0,0.0,0.0,0.0,0.0,0.0,0.0,0.0,0.0,0.0,0.0,0.0,0.0,0.0,0.0,0.18003011881288764,0.0,0.0,0.0,0.0,0.0,0.0,0.0,0.0,0.0,0.0,0.02524089445368324,0.14950780332202918,0.08300670578817324,0.0,0.08027420805935603,0.0,0.0,0.0,0.0,0.0,0.0,0.0,0.0,0.0,0.0,0.0,0.0,0.0,0.0,0.0,0.0,0.0,0.0,0.0,0.0,0.0,0.0,0.0,0.0,0.0,0.0,0.0,0.0,0.0,0.0,0.0,0.0,0.0,0.0,0.0,0.0,0.009333803584194913,0.0,0.0,0.0,0.0,0.0,0.0,0.0,0.0,0.0,0.0,0.0,0.0,0.0,0.029823804668518437,0.0957393966702309,0.03217269407059024,0.020019515873670207,0.0,0.0,0.0,0.015151707589134415,0.0,0.01144520914837072,0.0,0.0,0.0,0.0,0.010002136396796087,0.0,0.0,0.07054496544763192,0.0,0.06772396713378251,0.0,0.0,0.0,0.0,0.0,0.0,0.0,0.0,0.0,0.0,0.0,0.0,0.0,0.0,0.0,0.0,0.0,0.0,0.021766169824603488,OSD-193,GSM2516746
0.0,0.0,0.0,0.0211394153276758,0.0,0.0,0.0,0.0,0.0,0.0,0.0,0.0,0.04783894406995084,0.0,0.0,0.0,0.0,0.0,0.0,0.0,0.0,0.0,0.0,0.0,0.0,0.0,0.0,0.0,0.0,0.0,0.0,0.0,0.0,0.0,0.0,0.0,0.0,0.0,0.0,0.0,0.0,0.0,0.0,0.0,0.0,0.0,0.0,0.0,0.0,0.0,0.0,0.0,0.0,0.02984209559112907,0.0,0.0,0.0,0.0,0.0,0.0,0.0,0.0,0.0,0.0,0.0,0.0,0.0,0.0,0.0,0.0077513859660881595,0.0,0.0,0.0,0.0,0.0,0.0,0.0,0.0,0.16919205111818855,0.0,0.0,0.0,0.0,0.0,0.0,0.0,0.0,0.0,0.0,0.05570940515131972,0.1479548120360002,0.07262037898817472,0.0,0.07041091276894863,0.0,0.0,0.0,0.0,0.0,0.0,0.0,0.0,0.0,0.0,0.0,0.0,0.0,0.0,0.0,0.0,0.0,0.0,0.0,0.0,0.0,0.0,0.0,0.0,0.0,0.0,0.0,0.0,0.0,0.0,0.0,0.0,0.0,0.0,0.0,0.0,0.005674839808103264,0.0,0.0,0.0,0.0,0.0,0.0,0.0,0.0,0.0,0.0,0.0,0.0,0.0,0.026939871030656534,0.0875831523215925,0.03138075055755102,0.01929436750457228,0.0,0.0,0.0,0.017292615932904137,0.0,0.019718440924292695,0.0,0.0,0.0,0.0,0.017458855445457836,0.0,0.0,0.06207995377678281,0.0,0.07188853482385897,0.0,0.0,0.0,0.0,0.0,0.0,0.0,0.0,0.0,0.0,0.0,0.0,0.0,0.0,0.0,0.0,0.0,0.0,0.018229216856752353,OSD-193,GSM2516747
0.0,0.0,0.0,0.022290898782350316,0.0,0.0,0.0,0.0,0.0,0.0,0.0,0.0,0.04254086738720953,0.0,0.0,0.0,0.0,0.0,0.0,0.0,0.0,0.0,0.0,0.0,0.0,0.0,0.0,0.0,0.0,0.0,0.0,0.0,0.0,0.0,0.0,0.0,0.0,0.0,0.0,0.0,0.0,0.0,0.0,0.0,0.0,0.0,0.0,0.0,0.0,0.0,0.0,0.0,0.0,0.032140024621369945,0.0,0.0,0.0,0.0,0.0,0.0,0.0,0.0,0.0,0.0,0.0,0.0,0.0,0.0,0.0,0.0037949257741710834,0.0,0.0,0.0,0.0,0.0,0.0,0.0,0.0,0.16592942445115888,0.0,0.0,0.0,0.0,0.0,0.0,0.0,0.0,0.0,0.0,0.05635452214856416,0.14552627536135232,0.07937010065249112,0.0,0.06944181171632581,0.0,0.0,0.0,0.0,0.0,0.0,0.0,0.0,0.0,0.0,0.0,0.0,0.0,0.0,0.0,0.0,0.0,0.0,0.0,0.0,0.0,0.0,0.0,0.0,0.0,0.0,0.0,0.0,0.0,0.0,0.0,0.0,0.0,0.0,0.0,0.0,0.006345990325858817,0.0,0.0,0.0,0.0,0.0,0.0,0.0,0.0,0.0,0.0,0.0,0.0,0.0,0.02227163592662538,0.08981319521937942,0.03385955200606373,0.019048844841117418,0.0,0.0,0.001419494251187826,0.016796278415171208,0.0,0.015552737390495163,0.0,0.0,0.0,0.0,0.021414770867116927,0.0,0.0,0.07163430961756295,0.0,0.06404588402146,0.0,0.0,0.0,0.0,0.0,0.0,0.0,0.0,0.0,0.0,0.0,0.0,0.0,0.0,0.0,0.0,0.0,0.0,0.020408456222968,OSD-193,GSM2516748
0.0,0.0,0.0,0.021933594230771007,0.0,0.0,0.0,0.0,0.0,0.0,0.0,0.0,0.0443340915534109,0.0,0.0,0.0,0.0,0.0,0.0,0.0,0.0,0.0,0.0,0.0,0.0,0.0,0.0,0.0,0.0,0.0,0.0,0.0,0.0,0.0,0.0,0.0,0.0,0.0,0.0,0.0,0.0,0.0,0.0,0.0,0.0,0.0,0.0,0.0,0.0,0.0,0.0,0.0,0.0,0.029437908149412165,0.0,0.0,0.0,0.0,0.0,0.0,0.0,0.0,0.0,0.0,0.0,0.0,0.0,0.0,0.0,0.0026050188942955475,0.0,0.0,0.0,0.0,0.0,0.0,0.0,0.0,0.17452589642652633,0.0,0.0,0.0,0.0,0.0,0.0,0.0,0.0,0.0,0.0,0.053132959139859014,0.14149778857194367,0.0693869300394194,0.0,0.07320936741939763,0.0,0.0,0.0,0.0,0.0,0.0,0.0,0.0,0.0,0.0,0.0,0.0,0.0,0.0,0.0,0.0,0.0,0.0,0.0,0.0,0.0,0.0,0.0,0.0,0.0,0.0,0.0,0.0,0.0,0.0,0.0,0.0,0.0,0.0,0.0,0.0,0.011900019331530634,0.0,0.0,0.0,0.0,0.0,0.0,0.0,0.0,0.0,0.0,0.0,0.0,0.0,0.03600732494459744,0.07923608801266742,0.024474346308949207,0.017718025141303037,0.0,0.0,0.0021683169725326113,0.015449119020809046,0.0,0.01632360905253122,0.0,0.0,0.0,0.0,0.024946798574407965,0.0,0.0,0.06851891791613653,0.0,0.06971941673621959,0.0,0.0,0.0,0.0,0.0,0.0,0.0,0.0,0.0,0.0,0.0,0.0,0.0,0.0,0.0,0.0,0.0,0.0,0.023474463563279424,OSD-193,GSM2516749
0.0,0.0,0.0,0.021141006809630197,0.0,0.0,0.0,0.0,0.0,0.0,0.0,0.0,0.04847998856684409,0.0,0.0,0.0,0.0,0.0,0.0,0.0,0.0,0.0,0.0,0.0,0.0,0.0,0.0,0.0,0.0,0.0,0.0,0.0,0.0,0.0,0.0,0.0,0.0,0.0,0.0,0.0,0.0,0.0,0.0,0.0,0.0,0.0,0.0,0.0,0.0,0.0,0.0,0.0,0.0,0.019557157218712665,0.0,0.0,0.0,0.0,0.0,0.0,0.0,0.0,0.0,0.0,0.0,0.0,0.0,0.0,0.0,0.0003341291670835278,0.0,0.0,0.0,0.0,0.0,0.0,0.0,0.0,0.19787447586054402,0.0,0.0,0.0,0.0,0.0,0.0,0.0,0.0,0.0,0.0,0.03729922575694439,0.15633787492380832,0.06923496190864305,0.0,0.08371273737362905,0.0,0.0,0.0,0.0,0.0,0.0,0.0,0.0,0.0,0.0,0.0,0.0,0.0,0.0,0.0,0.0,0.0,0.0,0.0,0.0,0.0,0.0,0.0,0.0,0.0,0.0,0.0,0.0,0.0,0.0,0.0,0.0,0.0,0.0,0.0,0.0,0.0,0.0,0.0,0.0,0.0,0.0,0.0,0.0,0.0,0.0,0.0,0.0,0.0,0.0,0.03491615313986678,0.08294236032030954,0.028469579409935268,0.020699915357131508,0.0,0.0,0.0,0.017128062126944437,0.0,0.009376507389875713,0.0011096318180803752,0.0,0.0,0.0,0.013153670713318055,0.0,0.0,0.07462938302494658,0.0,0.06858429155317838,0.0,0.0,0.0,0.0,0.0,0.0,0.0,0.0,0.0,0.0,0.0,0.0,0.0,0.0,0.0,0.0,0.0,0.0,0.015018887560574136,OSD-193,GSM2516750
0.0,0.0,0.0,0.020384022808201955,0.0,0.0,0.0,0.0,0.0,0.0,0.0,0.0,0.04847865718966303,0.0,0.0,0.0,0.0,0.0,0.0,0.0,0.0,0.0,0.0,0.0,0.0,0.0,0.0,0.0,0.0,0.0,0.0,0.0,0.0,0.0,0.0,0.0,0.0,0.0,0.0,0.0,0.0,0.0,0.0,0.0,0.0,0.0,0.0,0.0,0.0,0.0,0.0,0.0,0.0,0.0163395792029341,0.0,0.0,0.0,0.0,0.0,0.0,0.0,0.0,0.0,0.0,0.0,0.0,0.0,0.0,0.0,0.00693088096221603,0.0,0.0,0.0,0.0,0.0,0.0,0.0,0.0,0.16250421826467043,0.0,0.0,0.0,0.0,0.0,0.0,0.0,0.0,0.0,0.0,0.02932415847954079,0.1381915767707497,0.10857165159249085,0.0,0.08000225963207842,0.0,0.0,0.0,0.0,0.0,0.0,0.0,0.0,0.0,0.0,0.0,0.0,0.0,0.0,0.0,0.0,0.0,0.0,0.0,0.0,0.0,0.0,0.0,0.0,0.0,0.0,0.0,0.0,0.0,0.0,0.0,0.0,0.0,0.0,0.0,0.0,0.0,0.0,0.0,0.0,0.0,0.0,0.0,0.0,0.0,0.0,0.0,0.0,0.0,0.0,0.025547467338326933,0.11236040784522885,0.02933156936613656,0.0201773729785688,0.0,0.0,0.0,0.014824057244104547,0.0,0.002212519724336914,0.0,0.0,0.0,0.0,0.0,0.0,0.0,0.0678511549839605,0.0,0.07920910114200197,0.0,0.0,0.0,0.0,0.0,0.0,0.0,0.0,0.0,0.0,0.0,0.0,0.0,0.0,0.0,0.0,0.0,0.0,0.03775934447478976,OSD-193,GSM2516751
0.0,0.0,0.0,0.018494725204850355,0.0,0.0,0.0,0.0,0.0,0.0,0.0,0.0,0.04903730026504304,0.0,0.0,0.0,0.0,0.0,0.0,0.0,0.0,0.0,0.0,0.0,0.0,0.0,0.0,0.0,0.0,0.0,0.0,0.0,0.0,0.0,0.0,0.0,0.0,0.0,0.0,0.0,0.0,0.0,0.0,0.0,0.0,0.0,0.0,0.0,0.0,0.0,0.0,0.0,0.0,0.016234280527674925,0.0,0.0,0.0,0.0,0.0,0.0,0.0,0.0,0.0,0.0,0.0,0.0,0.0,0.0,0.0,0.0010474018795333022,0.0,0.0,0.0,0.0,0.0,0.0,0.0,0.0,0.17141339540090272,0.0,0.0,0.0,0.0,0.0,0.0,0.0,0.0,0.0,0.0,0.024774413331354304,0.13851431807686013,0.10916260756600754,0.0,0.08027700358536077,0.0,0.0,0.0,0.0,0.0,0.0,0.0,0.0,0.0,0.0,0.0,0.0,0.0,0.0,0.0,0.0,0.0,0.0,0.0,0.0,0.0,0.0,0.0,0.0,0.0,0.0,0.0,0.0,0.0,0.0,0.0,0.0,0.0,0.0,0.0,0.0,0.0,0.0,0.0,0.0,0.0,0.0,0.0,0.0,0.0,0.0,0.0,0.0,0.0,0.0,0.02735635140318269,0.10713685825192494,0.03170753621043964,0.019544517460570787,0.0,0.0,0.0,0.014685352630005583,0.0,0.004232039855469156,0.0,0.0,0.0,0.0,0.0,0.0,0.0,0.07010597524763244,0.0,0.0798234253036494,0.0,0.0,0.0,0.0,0.0,0.0,0.0,0.0,0.0,0.0,0.0,0.0,0.0,0.0,0.0,0.0,0.0,0.0,0.03645249779953815,OSD-193,GSM2516752
0.0,0.0,0.0,0.02021889533990434,0.0,0.0,0.0,0.0,0.0,0.0,0.0,0.0,0.044385495825047944,0.0,0.0,0.0,0.0,0.0,0.0,0.0,0.0,0.0,0.0,0.0,0.0,0.0,0.0,0.0,0.0,0.0,0.0,0.0,0.0,0.0,0.0,0.0,0.0,0.0,0.0,0.0,0.0,0.0,0.0,0.0,0.0,0.0,0.0,0.0,0.0,0.0,0.0,0.0,0.0,0.02016435509134618,0.0,0.0,0.0,0.0,0.0,0.0,0.0,0.0,0.0,0.0,0.0,0.0,0.0,0.0,0.0,0.001928830181848867,0.0,0.0,0.0,0.0,0.0,0.0,0.0,0.0,0.17051449599649696,0.0,0.0,0.0,0.0,0.0,0.0,0.0,0.0,0.0,0.0,0.0295731929173598,0.13345410583153156,0.106381986760142,0.0,0.07952611558821662,0.0,0.0,0.0,0.0,0.0,0.0,0.0,0.0,0.0,0.0,0.0,0.0,0.0,0.0,0.0,0.0,0.0,0.0,0.0,0.0,0.0,0.0,0.0,0.0,0.0,0.0,0.0,0.0,0.0,0.0,0.0,0.0,0.0,0.0,0.0,0.0,0.0,0.0,0.0,0.0,0.0,0.0,0.0,0.0,0.0,0.0,0.0,0.0,0.0,0.0,0.027292223479923466,0.10555746832685842,0.0319918088537845,0.02146548150693096,0.0,0.0,0.0,0.01766268072718158,0.0,0.0,0.0,0.0,0.0,0.0,0.0006164985398084582,0.0,0.0,0.06493055106153005,0.0,0.08217959339293922,0.0,0.0,0.0,0.0,0.0,0.0,0.0,0.0,0.0,0.0,0.0,0.0,0.0,0.0,0.0,0.0,0.0,0.0,0.042156220579148876,OSD-193,GSM2516753
0.0,0.0,0.0,0.021662877634731997,0.0,0.0,0.0,0.0,0.0,0.0,0.0,0.0,0.047004156990916125,0.0,0.0,0.0,0.0,0.0,0.0,0.0,0.0,0.0,0.0,0.0,0.0,0.0,0.0,0.0,0.0,0.0,0.0,0.0,0.0,0.0,0.0,0.0,0.0,0.0,0.0,0.0,0.0,0.0,0.0,0.0,0.0,0.0,0.0,0.0,0.0,0.0,0.0,0.0,0.0,0.013374881687105718,0.0,0.0,0.0,0.0,0.0,0.0,0.0,0.0,0.0,0.0,0.0,0.0,0.0,0.0,0.0,0.007000844764259231,0.0,0.0,0.0,0.0,0.0,0.0,0.0,0.0,0.16127635367958074,0.0,0.0,0.0,0.0,0.0,0.0,0.0,0.0,0.0,0.0,0.025068062763855228,0.14093461600270374,0.11212751124911,0.0,0.0805009535730072,0.0,0.0,0.0,0.0,0.0,0.0,0.0,0.0,0.0,0.0,0.0,0.0,0.0,0.0,0.0,0.0,0.0,0.0,0.0,0.0,0.0,0.0,0.0,0.0,0.0,0.0,0.0,0.0,0.0,0.0,0.0,0.0,0.0,0.0,0.0,0.0,0.0,0.0,0.0,0.0,0.0,0.0,0.0,0.0,0.0,0.0,0.0,0.0,0.0,0.0,0.030590768052896688,0.11022475731545518,0.03033324817416318,0.020606990613948994,0.0,0.0,0.0,0.015381618348778934,0.0,0.0,0.0,0.0,0.0,0.0,0.0,0.0,0.0,0.07210904215784852,0.0,0.07665363724680217,0.0,0.0,0.0,0.0,0.0,0.0,0.0,0.0,0.0,0.0,0.0,0.0,0.0,0.0,0.0,0.0,0.0,0.0,0.03514967974483628,OSD-193,GSM2516754
0.0,0.0,0.0,0.020986594904733428,0.0,0.0,0.0,0.0,0.0,0.0,0.0,0.0,0.05007945020259848,0.0,0.0,0.0,0.0,0.0,0.0,0.0,0.0,0.0,0.0,0.0,0.0,0.0,0.0,0.0,0.0,0.0,0.0,0.0,0.0,0.0,0.0,0.0,0.0,0.0,0.0,0.0,0.0,0.0,0.0,0.0,0.0,0.0,0.0,0.0,0.0,0.0,0.0,0.0,0.0,0.008927438631143198,0.0,0.0,0.0,0.0,0.0,0.0,0.0,0.0,0.0,0.0,0.0,0.0,0.0,0.0,0.0,0.00020118336631651896,0.0,0.0,0.0,0.0,0.0,0.0,0.0,0.0,0.18039554758067253,0.0,0.0,0.0,0.0,0.0,0.0,0.0,0.0,0.0,0.0,0.02276287006715528,0.13989798112659987,0.10882102017618202,0.0,0.08253696022887769,0.0,0.0,0.0,0.0,0.0,0.0,0.0,0.0,0.0,0.0,0.0,0.0,0.0,0.0,0.0,0.0,0.0,0.0,0.0,0.0,0.0,0.0,0.0,0.0,0.0,0.0,0.0,0.0,0.0,0.0,0.0,0.0,0.0,0.0,0.0,0.0,0.0,0.0,0.0,0.0,0.0,0.0,0.0,0.0,0.0,0.0,0.0,0.0,0.0,0.0,0.03245275127017093,0.10151935913879022,0.03125165345676596,0.01866165522819527,0.0,0.0,0.0,0.01714504914127281,0.0,0.005269818682061093,0.0,0.0,0.0,0.0,0.004128700175742518,0.0,0.0,0.06401068561844094,0.0,0.07953060258585508,0.0,0.0,0.0,0.0,0.0,0.0,0.0,0.0,0.0,0.0,0.0,0.0,0.0,0.0,0.0,0.0,0.0,0.0,0.031420678418426065,OSD-193,GSM2516755
0.0,0.0,0.0,0.0197038943507857,0.0,0.0,0.0,0.0,0.0,0.0,0.0,0.0,0.04890969870503277,0.0,0.0,0.0,0.0,0.0,0.0,0.0,0.0,0.0,0.0,0.0,0.0,0.0,0.0,0.0,0.0,0.0,0.0,0.0,0.0,0.0,0.0,0.0,0.0,0.0,0.0,0.0,0.0,0.0,0.0,0.0,0.0,0.0,0.0,0.0,0.0,0.0,0.0,0.0,0.0,0.010138229430320085,0.0,0.0,0.0,0.0,0.0,0.0,0.0,0.0,0.0,0.0,0.0,0.0,0.0,0.0,0.0,0.006650040494759621,0.0,0.0,0.0,0.0,0.0,0.0,0.0,0.0,0.1698883630911895,0.0,0.0,0.0,0.0,0.0,0.0,0.0,0.0,0.0,0.0,0.03155154143529669,0.13984571796514592,0.10376349689982145,0.0,0.08208526071807225,0.0,0.0,0.0,0.0,0.0,0.0,0.0,0.0,0.0,0.0,0.0,0.0,0.0,0.0,0.0,0.0,0.0,0.0,0.0,0.0,0.0,0.0,0.0,0.0,0.0,0.0,0.0,0.0,0.0,0.0,0.0,0.0,0.0,0.0,0.0,0.0,0.0,0.0,0.0,0.0,0.0,0.0,0.0,0.0,0.0,0.0,0.0,0.0,0.0,0.0,0.02884026725759504,0.10348954517701811,0.03146506081785448,0.022211378468949095,0.0,0.0,0.0,0.01660185848701702,0.0,0.001300975791234735,0.0,0.0,0.0,0.0,0.003363825721927645,0.0,0.0,0.06839283280999156,0.0,0.07506278542251996,0.0,0.0,0.0,0.0,0.0,0.0,0.0,0.0,0.0,0.0,0.0,0.0,0.0,0.0,0.0,0.0,0.0,0.0,0.03673522695546833,OSD-193,GSM2516756
0.0,0.0,0.0,0.021529961121064593,0.0,0.0,0.0,0.0,0.0,0.0,0.0,0.0,0.04405130452698128,0.0,0.0,0.0,0.0,0.0,0.0,0.0,0.0,0.0,0.0,0.0,0.0,0.0,0.0,0.0,0.0,0.0,0.0,0.0,0.0,0.0,0.0,0.0,0.0,0.0,0.0,0.0,0.0,0.0,0.0,0.0,0.0,0.0,0.0,0.0,0.0,0.0,0.0,0.0,0.0,0.012379675934505395,0.0,0.0,0.0,0.0,0.0,0.0,0.0,0.0,0.0,0.0,0.0,0.0,0.0,0.0,0.0,0.003905817275794618,0.0,0.0,0.0,0.0,0.0,0.0,0.0,0.0,0.1743533743655805,0.0,0.0,0.0,0.0,0.0,0.0,0.0,0.0,0.0,0.0,0.026023442720715648,0.1398217777460156,0.1087231363742449,0.0,0.08087436100051293,0.0,0.0,0.0,0.0,0.0,0.0,0.0,0.0,0.0,0.0,0.0,0.0,0.0,0.0,0.0,0.0,0.0,0.0,0.0,0.0,0.0,0.0,0.0,0.0,0.0,0.0,0.0,0.0,0.0,0.0,0.0,0.0,0.0,0.0,0.0,0.0,0.0,0.0,0.0,0.0,0.0,0.0,0.0,0.0,0.0,0.0,0.0,0.0,0.0,0.0,0.029863399201035316,0.09832014090749468,0.028230535278732153,0.022301327173105876,0.0,0.0,0.0,0.018508377155260575,0.0,0.0036097947020030828,0.0,0.0,0.0,0.0,0.0026139166500731706,0.0,0.0,0.0666964733446528,0.0,0.0774873274847223,0.0,0.0,0.0,0.0,0.0,0.0,0.0,0.0,0.0,0.0,0.0,0.0,0.0,0.0,0.0,0.0,0.0,0.0,0.04070585703750464,OSD-193,GSM2516757
0.0,0.0,0.0,0.02092424853565505,0.0,0.0,0.0,0.0,0.0,0.0,0.0,0.0,0.04910450859061351,0.0,0.0,0.0,0.0,0.0,0.0,0.0,0.0,0.0,0.0,0.0,0.0,0.0,0.0,0.0,0.0,0.0,0.0,0.0,0.0,0.0,0.0,0.0,0.0,0.0,0.0,0.0,0.0,0.0,0.0,0.0,0.0,0.0,0.0,0.0,0.0,0.0,0.0,0.0,0.0,0.009415815876330289,0.0,0.0,0.0,0.0,0.0,0.0,0.0,0.0,0.0,0.0,0.0,0.0,0.0,0.0,0.0,0.005354230614610791,0.0,0.0,0.0,0.0,0.0,0.0,0.0,0.0,0.17456232520091253,0.0,0.0,0.0,0.0,0.0,0.0,0.0,0.0,0.0,0.0,0.017141849734266808,0.13985255769148636,0.11031998424266545,0.0,0.08136298714706357,0.0,0.0,0.0,0.0,0.0,0.0,0.0,0.0,0.0,0.0,0.0,0.0,0.0,0.0,0.0,0.0,0.0,0.0,0.0,0.0,0.0,0.0,0.0,0.0,0.0,0.0,0.0,0.0,0.0,0.0,0.0,0.0,0.0,0.0,0.0,0.0,0.0,0.0,0.0,0.0,0.0,0.0,0.0,0.0,0.0,0.0,0.0,0.0,0.0,0.0,0.02888360473912939,0.10476365029641077,0.027732235729199962,0.019806737230093935,0.0,0.0,0.0,0.01688529558074974,0.0,0.0076708868874905325,0.0,0.0,0.0,0.0,0.0,0.0,0.0,0.07018752646372926,0.0,0.07722376739083556,0.0,0.0,0.0,0.0,0.0,0.0,0.0,0.0,0.0,0.0,0.0,0.0,0.0,0.0,0.0,0.0,0.0,0.0,0.03880778804875638,OSD-193,GSM2516758
0.0,0.0,0.0,0.02023025467014389,0.0,0.0,0.0,0.0,0.0,0.0,0.0,0.0,0.0452965242831541,0.0,0.0,0.0,0.0,0.0,0.0,0.0,0.0,0.0,0.0,0.0,0.0,0.0,0.0,0.0,0.0,0.0,0.0,0.0,0.0,0.0,0.0,0.0,0.0,0.0,0.0,0.0,0.0,0.0,0.0,0.0,0.0,0.0,0.0,0.0,0.0,0.0,0.0,0.0,0.0,0.010252940947690001,0.0,0.0,0.0,0.0,0.0,0.0,0.0,0.0,0.0,0.0,0.0,0.0,0.0,0.0,0.0,0.0,0.0,0.0,0.0,0.0,0.0,0.0,0.0,0.0,0.17151493201623524,0.0,0.0,0.0,0.0,0.0,0.0,0.0,0.0,0.0,0.0,0.025539287682600918,0.1407884526131428,0.11696987055660828,0.0,0.07947530708102374,0.0,0.0,0.0,0.0,0.0,0.0,0.0,0.0,0.0,0.0,0.0,0.0,0.0,0.0,0.0,0.0,0.0,0.0,0.0,0.0,0.0,0.0,0.0,0.0,0.0,0.0,0.0,0.0,0.0,0.0,0.0,0.0,0.0,0.0,0.0,0.0,0.0,0.0,0.0,0.0,0.0,0.0,0.0,0.0,0.0,0.0,0.0,0.0,0.0,0.0,0.031417459420492996,0.11529707550704724,0.026878797476187388,0.019945141102807772,0.0,0.0,0.0,0.014079448959185868,0.0,0.0,0.0,0.0,0.0,0.0,0.007949586924298849,0.0,0.0,0.06226228867412024,0.0,0.07699932242653014,0.0,0.0,0.0,0.0,0.0,0.0,0.0,0.0,0.0,0.0,0.0,0.0,0.0,0.0,0.0,0.0,0.0,0.0,0.03510330965873053,OSD-193,GSM2516759
0.0,0.0,0.0,0.018908705248393658,0.0,0.0,0.0,0.0,0.0,0.0,0.0,0.0,0.04274415343019494,0.0,0.0,0.0,0.0,0.0,0.0,0.0,0.0,0.0,0.0,0.0,0.0,0.0,0.0,0.0,0.0,0.0,0.0,0.0,0.0,0.0,0.0,0.0,0.0,0.0,0.0,0.0,0.0,0.0,0.0,0.0,0.0,0.0,0.0,0.0,0.0,0.0,0.0,0.0,0.0,0.010884562903153655,0.0,0.0,0.0,0.0,0.0,0.0,0.0,0.0,0.0,0.0,0.0,0.0,0.0,0.0,0.0,0.001814350996929188,0.0,0.0,0.0,0.0,0.0,0.0,0.0,0.0,0.16879054934629895,0.0,0.0,0.0,0.0,0.0,0.0,0.0,0.0,0.0,0.0,0.027101850047035074,0.1398368661572423,0.11560056757385405,0.0,0.08152625192775934,0.0,0.0,0.0,0.0,0.0,0.0,0.0,0.0,0.0,0.0,0.0,0.0,0.0,0.0,0.0,0.0,0.0,0.0,0.0,0.0,0.0,0.0,0.0,0.0,0.0,0.0,0.0,0.0,0.0,0.0,0.0,0.0,0.0,0.0,0.0,0.0,0.0,0.0,0.0,0.0,0.0,0.0,0.0,0.0,0.0,0.0,0.0,0.0,0.0,0.0,0.029564743873363723,0.1151539443564133,0.030262080682771766,0.019140109025603345,0.0,0.0,0.0,0.015436059153444662,0.0,0.0028351666842289106,0.0,0.0,0.0,0.0,0.007147719449032504,0.0,0.0,0.06523129290882947,0.0,0.07402825935887393,0.0,0.0,0.0,0.0,0.0,0.0,0.0,0.0,0.0,0.0,0.0,0.0,0.0,0.0,0.0,0.0,0.0,0.0,0.03399276687657709,OSD-193,GSM2516760
0.0,0.0,0.0,0.01950320196580937,0.0,0.0,0.0,0.0,0.0,0.0,0.0,0.0,0.04760302298429197,0.0,0.0,0.0,0.0,0.0,0.0,0.0,0.0,0.0,0.0,0.0,0.0,0.0,0.0,0.0,0.0,0.0,0.0,0.0,0.0,0.0,0.0,0.0,0.0,0.0,0.0,0.0,0.0,0.0,0.0,0.0,0.0,0.0,0.0,0.0,0.0,0.0,0.0,0.0,0.0,0.014857128438499827,0.0,0.0,0.0,0.0,0.0,0.0,0.0,0.0,0.0,0.0,0.0,0.0,0.0,0.0,0.0,0.0,0.0,0.0,0.0,0.0,0.0,0.0,0.0,0.0,0.16486568984225886,0.0,0.0,0.0,0.0,0.0,0.0,0.0,0.0,0.0,0.0,0.024330624679949547,0.13919849576110624,0.11799730796457185,0.0,0.07879436880141111,0.0,0.0,0.0,0.0,0.0,0.0,0.0,0.0,0.0,0.0,0.0,0.0,0.0,0.0,0.0,0.0,0.0,0.0,0.0,0.0,0.0,0.0,0.0,0.0,0.0,0.0,0.0,0.0,0.0,0.0,0.0,0.0,0.0,0.0,0.0,0.0,0.0,0.0,0.0,0.0,0.0,0.0,0.0,0.0,0.0,0.0,0.0,0.0,0.0,0.0,0.029578485323691256,0.11623844823773842,0.03122835119982222,0.02297846356861112,0.0,0.0,0.0,0.01445061180638177,0.0,0.0,0.0,0.0,0.0,0.0,0.0038274622785309667,0.0,0.0,0.06592486854356368,0.0,0.07345896838634798,0.0,0.0,0.0,0.0,0.0,0.0,0.0,0.0,0.0,0.0,0.0,0.0,0.0,0.0,0.0,0.0,0.0,0.0,0.03516450021741389,OSD-193,GSM2516761
0.0,0.0,0.0,0.01882963928856483,0.0,0.0,0.0,0.0,0.0,0.0,0.0,0.0,0.04621581027219284,0.0,0.0,0.0,0.0,0.0,0.0,0.0,0.0,0.0,0.0,0.0,0.0,0.0,0.0,0.0,0.0,0.0,0.0,0.0,0.0,0.0,0.0,0.0,0.0,0.0,0.0,0.0,0.0,0.0,0.0,0.0,0.0,0.0,0.0,0.0,0.0,0.0,0.0,0.0,0.0,0.015121137987322142,0.0,0.0,0.0,0.0,0.0,0.0,0.0,0.0,0.0,0.0,0.0,0.0,0.0,0.0,0.0,0.0,0.0,0.0,0.0,0.0,0.0,0.0,0.0,0.0,0.17648214767791065,0.0,0.0,0.0,0.0,0.0,0.0,0.0,0.0,0.0,0.0,0.023233403570575115,0.13337019398739555,0.10923495283273657,0.0,0.08178982091699782,0.0,0.0,0.0,0.0,0.0,0.0,0.0,0.0,0.0,0.0,0.0,0.0,0.0,0.0,0.0,0.0,0.0,0.0,0.0,0.0,0.0,0.0,0.0,0.0,0.0,0.0,0.0,0.0,0.0,0.0,0.0,0.0,0.0,0.0,0.0,0.0,0.0,0.0,0.0,0.0,0.0,0.0,0.0,0.0,0.0,0.0,0.0,0.0,0.0,0.0,0.030998550649315976,0.11190382306513706,0.029017101960160534,0.020178934726641347,0.0,0.0,0.0,0.012063481622964882,0.0,0.0007253149681120767,0.0,0.0,0.0,0.0,0.009149838513547018,0.0,0.0,0.06993772742201783,0.0,0.08038772302288544,0.0,0.0,0.0,0.0,0.0,0.0,0.0,0.0,0.0,0.0,0.0,0.0,0.0,0.0,0.0,0.0,0.0,0.0,0.03136039751552222,OSD-193,GSM2516762
0.0,0.0,0.0,0.020561352559914134,0.0,0.0,0.0,0.0,0.0,0.0,0.0,0.0,0.04993208410236685,0.0,0.0,0.0,0.0,0.0,0.0,0.0,0.0,0.0,0.0,0.0,0.0,0.0,0.0,0.0,0.0,0.0,0.0,0.0,0.0,0.0,0.0,0.0,0.0,0.0,0.0,0.0,0.0,0.0,0.0,0.0,0.0,0.0,0.0,0.0,0.0,0.0,0.0,0.0,0.0,0.01152755035777295,0.0,0.0,0.0,0.0,0.0,0.0,0.0,0.0,0.0,0.0,0.0,0.0,0.0,0.0,0.0,0.00024153985252727944,0.0,0.0,0.0,0.0,0.0,0.0,0.0,0.0,0.17297930538118117,0.0,0.0,0.0,0.0,0.0,0.0,0.0,0.0,0.0,0.0,0.03383210198723001,0.13942217874192947,0.10802057596741942,0.0,0.07503939056914471,0.0,0.0,0.0,0.0,0.0,0.0,0.0,0.0,0.0,0.0,0.0,0.0,0.0,0.0,0.0,0.0,0.0,0.0,0.0,0.0,0.0,0.0,0.0,0.0,0.0,0.0,0.0,0.0,0.0,0.0,0.0,0.0,0.0,0.0,0.0,0.0,0.0,0.0,0.0,0.0,0.0,0.0,0.0,0.0,0.0,0.0,0.0,0.0,0.0,0.0,0.02222578904776893,0.10380434339196952,0.027503734558199235,0.02293594481155351,0.0,0.0,0.0,0.017942135162321415,0.0,0.006300130333601609,0.0,0.0,0.0,0.0,0.004520921461675552,0.0,0.0,0.06950009337526745,0.0,0.07801603638269489,0.0,0.0,0.0,0.0,0.0,0.0,0.0,0.0,0.0,0.0,0.0,0.0,0.0,0.0,0.0,0.0,0.0,0.0,0.03569479195546198,OSD-193,GSM2516763
0.0,0.0,0.0,0.01935615690541674,0.0,0.0,0.0,0.0,0.0,0.0,0.0,0.0,0.04609434789127891,0.0,0.0,0.0,0.0,0.0,0.0,0.0,0.0,0.0,0.0,0.0,0.0,0.0,0.0,0.0,0.0,0.0,0.0,0.0,0.0,0.0,0.0,0.0,0.0,0.0,0.0,0.0,0.0,0.0,0.0,0.0,0.0,0.0,0.0,0.0,0.0,0.0,0.0,0.0,0.0,0.009333031691379662,0.0,0.0,0.0,0.0,0.0,0.0,0.0,0.0,0.0,0.0,0.0,0.0,0.0,0.0,0.0,0.0012725780177701464,0.0,0.0,0.0,0.0,0.0,0.0,0.0,0.0,0.17500659345622988,0.0,0.0,0.0,0.0,0.0,0.0,0.0,0.0,0.0,0.0,0.028135810442654983,0.14502332131363796,0.10971523474471574,0.0,0.07648150388152498,0.0,0.0,0.0,0.0,0.0,0.0,0.0,0.0,0.0,0.0,0.0,0.0,0.0,0.0,0.0,0.0,0.0,0.0,0.0,0.0,0.0,0.0,0.0,0.0,0.0,0.0,0.0,0.0,0.0,0.0,0.0,0.0,0.0,0.0,0.0,0.0,0.0,0.0,0.0,0.0,0.0,0.0,0.0,0.0,0.0,0.0,0.0,0.0,0.0,0.0,0.03199145684322981,0.10663984935018704,0.029647546185613712,0.020988592986837994,0.0,0.0,0.0,0.017826923977402438,0.0,0.0,0.0,0.0,0.0,0.0,0.011720406532985582,0.0,0.0,0.06378919084868281,0.0,0.07534432534090064,0.0,0.0,0.0,0.0,0.0,0.0,0.0,0.0,0.0,0.0,0.0,0.0,0.0,0.0,0.0,0.0,0.0,0.0,0.03163312958955098,OSD-193,GSM2516764
0.0,0.0,0.0,0.020497841228650764,0.0,0.0,0.0,0.0,0.0,0.0,0.0,0.0,0.04605390958867655,0.0,0.0,0.0,0.0,0.0,0.0,0.0,0.0,0.0,0.0,0.0,0.0,0.0,0.0,0.0,0.0,0.0,0.0,0.0,0.0,0.0,0.0,0.0,0.0,0.0,0.0,0.0,0.0,0.0,0.0,0.0,0.0,0.0,0.0,0.0,0.0,0.0,0.0,0.0,0.0,0.013881262723383251,0.0,0.0,0.0,0.0,0.0,0.0,0.0,0.0,0.0,0.0,0.0,0.0,0.0,0.0,0.0,0.002895034530657369,0.0,0.0,0.0,0.0,0.0,0.0,0.0,0.0,0.17479634137627545,0.0,0.0,0.0,0.0,0.0,0.0,0.0,0.0,0.0,0.0,0.028634077784719037,0.13628317517677013,0.11066673947939171,0.0,0.0768550815987195,0.0,0.0,0.0,0.0,0.0,0.0,0.0,0.0,0.0,0.0,0.0,0.0,0.0,0.0,0.0,0.0,0.0,0.0,0.0,0.0,0.0,0.0,0.0,0.0,0.0,0.0,0.0,0.0,0.0,0.0,0.0,0.0,0.0,0.0,0.0,0.0,0.0,0.0,0.0,0.0,0.0,0.0,0.0,0.0,0.0,0.0,0.0,0.0,0.0,0.0,0.027591621570022987,0.10112576075504423,0.032045925549356875,0.019966363418175703,0.0,0.0,0.004602477820087299,0.015545849998025997,0.0,0.010893839445147987,0.0,0.0,0.0,0.0,0.002855649270507487,0.0,0.0,0.06699509660597831,0.0,0.07635259817691867,0.0,0.0,0.0,0.0,0.0,0.0,0.0,0.0,0.0,0.0,0.0,0.0,0.0,0.0,0.0,0.0,0.0,0.0,0.03146135390349059,OSD-193,GSM2516765
0.0,0.0,0.0,0.020438127021281595,0.0,0.0,0.0,0.0,0.0,0.0,0.0,0.0,0.044827237609320295,0.0,0.0,0.0,0.0,0.0,0.0,0.0,0.0,0.0,0.0,0.0,0.0,0.0,0.0,0.0,0.0,0.0,0.0,0.0,0.0,0.0,0.0,0.0,0.0,0.0,0.0,0.0,0.0,0.0,0.0,0.0,0.0,0.0,0.0,0.0,0.0,0.0,0.0,0.0,0.0,0.011715454885247613,0.0,0.0,0.0,0.0,0.0,0.0,0.0,0.0,0.0,0.0,0.0,0.0,0.0,0.0,0.0,0.0072905692767559534,0.0,0.0,0.0,0.0,0.0,0.0,0.0,0.0,0.16402882625603232,0.0,0.0,0.0,0.0,0.0,0.0,0.0,0.0,0.0,0.0,0.028405668858941347,0.14308168780193897,0.11041252359927055,0.0,0.07784746928534315,0.0,0.0,0.0,0.0,0.0,0.0,0.0,0.0,0.0,0.0,0.0,0.0,0.0,0.0,0.0,0.0,0.0,0.0,0.0,0.0,0.0,0.0,0.0,0.0,0.0,0.0,0.0,0.0,0.0,0.0,0.0,0.0,0.0,0.0,0.0,0.0,0.0,0.0,0.0,0.0,0.0,0.0,0.0,0.0,0.0,0.0,0.0,0.0,0.0,0.0,0.026249432701930104,0.11121132137946818,0.030074635651425822,0.02242801001786795,0.0,0.0,0.0,0.01604946995740592,0.0,0.0009882368677263985,0.0,0.0,0.0,0.0,0.010633252819984491,0.0,0.0,0.06381057222912888,0.0,0.07411433313817899,0.0,0.0,0.0,0.0,0.0,0.0,0.0,0.0,0.0,0.0,0.0,0.0,0.0,0.0,0.0,0.0,0.0,0.0,0.03639317064275146,OSD-193,GSM2516766
0.0,0.0,0.0,0.024816216119423112,0.0,0.0,0.0,0.0,0.0,0.0,0.0,0.0,0.05628397366965495,0.0,0.0,0.0,0.0,0.0,0.0,0.0,0.0,0.0,0.0,0.0,0.0,0.0,0.0,0.0,0.0,0.0,0.0,0.0,0.0,0.0,0.0,0.0,0.0,0.0,0.0,0.01676550498786586,0.0,0.0,0.0,0.0,0.0,0.0,0.0,0.0,0.0,0.0,0.0,0.0,0.0,0.0,0.0,0.0,0.0,0.0,0.0,0.0,0.0,0.0,0.0,0.0,0.0,0.0,0.0,0.0,0.0,0.0,0.0,0.0,0.0,0.0,0.0,0.0,0.0,0.0,0.13191640526685794,0.0,0.0,0.0,0.0,0.0,0.0,0.0,0.0,0.0,0.0,0.00972907255595108,0.1404537484461462,0.1339457717498111,0.013496864070074388,0.0611755882207017,0.0,0.0,0.0,0.0,0.0,0.0,0.0,0.0,0.0,0.0,0.0,0.0,0.0,0.0,0.0,0.0,0.0,0.0,0.0,0.0,0.0,0.0,0.0,0.0,0.0,0.0,0.0,0.0,0.0,0.0,0.0,0.0,0.0,0.0,0.0,0.0,0.0,0.0,0.0,0.0,0.0,0.0,0.0,0.0,0.0,0.0,0.0,0.0,0.0,0.0,0.01812789255007737,0.10029637889366756,0.042880070138742135,0.030822140903910146,0.0,0.0,0.0008948171683220811,0.025768765309461934,0.0,0.0,0.0,0.0,0.0,0.0,0.0,0.0,0.0,0.05671963667963243,0.0,0.07304675375183087,0.0,0.0,0.0,0.0,0.0,0.0,0.0,0.0,0.0,0.0,0.0,0.0,0.0,0.0,0.0,0.0,0.0,0.022444831246324102,0.04041556827154527,OSD-217,Atha_Ws_root_GC_Rep1
0.0,0.0,0.0,0.02339953551536136,0.0,0.0,0.0,0.0,0.0,0.0,0.0,0.0,0.05716988127264964,0.0,0.0,0.0,0.0,0.0,0.0,0.0,0.0,0.0,0.0,0.0,0.0,0.0,0.0,0.0,0.0,0.0,0.0,0.0,0.0,0.0,0.0,0.0,0.0,0.0,0.0,0.014858129995749115,0.0,0.0,0.0,0.0,0.0,0.0,0.0,0.0,0.0,0.0,0.0,0.0,0.0,0.0,0.0,0.0,0.0,0.0,0.0,0.0,0.0,0.0,0.0,0.0,0.0,0.0,0.0,0.0,0.0,0.0,0.0,0.0,0.0,0.0,0.0,0.0,0.0,0.0,0.12579320050963524,0.0,0.0,0.0,0.0,0.0,0.0,0.0,0.0,0.0,0.0,0.014566818197943924,0.13501736305293388,0.1380755414130556,0.012841373511089433,0.06239178500226684,0.0,0.0,0.0,0.0,0.0,0.0,0.0,0.0,0.0,0.0,0.0,0.0,0.0,0.0,0.0,0.0,0.0,0.0,0.0,0.0,0.0,0.0,0.0,0.0,0.0,0.0,0.0,0.0,0.0,0.0,0.0,0.0,0.0,0.0,0.0,0.0,0.0,0.0,0.0,0.0,0.0,0.0,0.0,0.0,0.0,0.0,0.0,0.0,0.0,0.0,0.016058869693112324,0.09922066471082314,0.042985085712606196,0.030718622070838243,0.0,0.0,0.001696833220352118,0.028887341947498434,0.0,0.0,0.0,0.0,0.0,0.0,0.003405525901910982,0.0,0.0,0.05233692344339613,0.0,0.07108737880252616,0.0,0.0,0.0,0.0,0.0,0.0,0.0,0.0,0.0,0.0,0.0,0.0,0.0,0.0,0.0,0.0,0.0,0.027871929862300172,0.04161719616395079,OSD-217,Atha_Ws_root_GC_Rep2
0.0,0.0,0.0,0.023598024702830636,0.0,0.0,0.0,0.0,0.0,0.0,0.0,0.0,0.05475923608619578,0.0,0.0,0.0,0.0,0.0,0.0,0.0,0.0,0.0,0.0,0.0,0.0,0.0,0.0,0.0,0.0,0.0,0.0,0.0,0.0,0.0,0.0,0.0,0.0,0.0,0.0,0.017564410842198314,0.0,0.0,0.0,0.0,0.0,0.0,0.0,0.0,0.0,0.0,0.0,0.0,0.0,0.0,0.0,0.0,0.0,0.0,0.0,0.0,0.0,0.0,0.0,0.0,0.0,0.0,0.0,0.0,0.0,0.0,0.0,0.0,0.0,0.0,0.0,0.0,0.0,0.0,0.13033324441842448,0.0,0.0,0.0,0.0,0.0,0.0,0.0,0.0,0.0,0.0,0.006680495660892359,0.14306942317913554,0.13544967898816235,0.014523724118882501,0.05759556438228779,0.0,0.0,0.0,0.0,0.0,0.0,0.0,0.0,0.0,0.0,0.0,0.0,0.0,0.0,0.0,0.0,0.0,0.0,0.0,0.0,0.0,0.0,0.0,0.0,0.0,0.0,0.0,0.0,0.0,0.0,0.0,0.0,0.0,0.0,0.0,0.0,0.0,0.0,0.0,0.0,0.0,0.0,0.0,0.0,0.0,0.0,0.0,0.0,0.0,0.0,0.01719940982494944,0.09808296235910352,0.043042710825625524,0.030523919700007566,0.0,0.0,0.0013313128406178057,0.02859020592973178,0.0,0.0,0.0,0.0,0.0,0.0,0.0006658849727225141,0.0,0.0,0.056934118028937566,0.0,0.0740115360591719,0.0,0.0,0.0,0.0,0.0,0.0,0.0,0.0,0.0,0.0,0.0,0.0,0.0,0.0,0.0,0.0,0.0,0.02361252222633102,0.04243161485379166,OSD-217,Atha_Ws_root_GC_Rep3
0.0,0.0,0.0,0.026778924227765805,0.0,0.0,0.0,0.0,0.0,0.0,0.0,0.0,0.05594625583652306,0.0,0.0,0.0,0.07982201642204852,0.0,0.0,0.0,0.0,0.0,0.0,0.0,0.0,0.0,0.0,0.0,0.0,0.0,0.0,0.0,0.0,0.0,0.0,0.0,0.0,0.0,0.0,0.06386521776292645,0.0,0.0,0.0,0.0,0.0,0.0,0.0,0.014004861787968075,0.0,0.0,0.0,0.0,0.0,0.004801351413038858,0.0,0.0,0.0,0.0,0.0,0.0,0.0,0.0,0.0,0.0,0.0,0.0,0.0,0.0,0.0,0.06244846120188726,0.0,0.0,0.0,0.0,0.0,0.0,0.0,0.0,0.037333672863689674,0.0,0.0,0.0,0.0,0.0,0.0,0.0,0.0,0.0,0.0,0.022625278374605356,0.048465364351317486,0.022870747449792426,0.03553520361716281,0.062232972679593934,0.0,0.0,0.0,0.0,0.0,0.0,0.0,0.0,0.0,0.0,0.0,0.0,0.0,0.0,0.0,0.0,0.0,0.0,0.0,0.0,0.0,0.0,0.0,0.0,0.0,0.0,0.0,0.0,0.0,0.0,0.0,0.0,0.0,0.0,0.0,0.0,0.027532472728738384,0.0,0.0,0.0,0.0,0.0,0.0,0.0,0.0,0.0,0.0,0.0,0.0,0.0,0.015898437511119006,0.0042030023470372695,0.03890624330420144,0.028775465778943736,0.01124953484594568,0.0,0.0,0.031689665552240114,0.0,0.031092525348983335,0.0,0.002372854293375341,0.0,0.0,0.018380883391820275,0.0,0.0,0.05463767479733056,0.0,0.08657295776884387,0.009252255058766857,0.0,0.02800130727113805,0.0,0.0,0.0,0.0,0.0,0.0,0.0,0.0,0.0,0.0,0.0,0.0,0.0,0.0,0.0,0.07470439201319638,OSD-217,Atha_Ws_root_FLT_Rep1
0.0,0.0,0.0,0.027051336536519508,0.0,0.0,0.0,0.0,0.0,0.0,0.0,0.0,0.05502607453218352,0.0,0.0,0.0,0.07641259581186705,0.0,0.0,0.0,0.0,0.0,0.0,0.0,0.0,0.0,0.0,0.0,0.0,0.0,0.0,0.0,0.0,0.0,0.0,0.0,0.0,0.0,0.0,0.0677877749899132,0.0,0.0,0.0,0.0,0.0,0.0,0.0,0.006321985038030795,0.0,0.0,0.0,0.0,0.0,0.0049958075297535974,0.0,0.0,0.0,0.0,0.0,0.0,0.0,0.0,0.0,0.0,0.0,0.0,0.0,0.0,0.0,0.06433098072371768,0.0,0.0,0.0,0.0,0.0,0.0,0.0,0.0,0.03553437550229603,0.0,0.0,0.0,0.0,0.0,0.0,0.0,0.0,0.0,0.0,0.02738685791342534,0.04431967674898811,0.03328699285694339,0.02529684190277227,0.06864743370202925,0.0,0.0,0.0,0.0,0.0,0.0,0.0,0.0,0.0,0.0,0.0,0.0,0.0,0.0,0.0,0.0,0.0,0.0,0.0,0.0,0.0,0.0,0.0,0.0,0.0,0.0,0.0,0.0,0.0,0.0,0.0,0.0,0.0,0.0,0.0,0.0,0.03210555942643595,0.0,0.0,0.0,0.0,0.0,0.0,0.0,0.0,0.0,0.0,0.0,0.0,0.0,0.0216032394362533,0.005968690428251162,0.033075262420190085,0.02652792907809426,0.009315570006138208,0.0,0.0,0.03271244879765192,0.0,0.022375101033060497,0.0,0.002536876237290532,0.0,0.0,0.01840504363450036,0.0,0.0,0.049400370051219646,0.0,0.08811104101271243,0.009677527808897904,0.0,0.02661390363278593,0.0,0.0,0.0,0.0,0.0,0.0,0.0,0.0,0.0,0.0,0.002655299557141631,0.0,0.0,0.0,0.0,0.08251740365093657,OSD-217,Atha_Ws_root_FLT_Rep2
0.0,0.0,0.0,0.026901793116719936,0.0,0.0,0.0,0.0,0.0,0.0,0.0,0.0,0.05871552934637398,0.0,0.0,0.0,0.07453703317453515,0.0,0.0,0.0,0.0,0.0,0.0,0.0,0.0,0.0,0.0,0.0,0.0,0.0,0.0,0.0,0.0,0.0,0.0,0.0,0.0,0.0,0.0,0.058900490037836976,0.0,0.0,0.0,0.0,0.0,0.0,0.0,0.017783197331166078,0.0,0.0,0.0,0.0,0.0,0.009328219528736569,0.0,0.0,0.0,0.0,0.0,0.0,0.0,0.0,0.0,0.0,0.0,0.0,0.0,0.0,0.0,0.05900867638302752,0.0,0.0,0.0,0.0,0.0,0.0,0.0,0.0,0.039686738560514245,0.0,0.0,0.0,0.0,0.0,0.0,0.0,0.0,0.0,0.0,0.02364424736479875,0.04963697112090051,0.03255455268912926,0.01808841328911939,0.06435941394795204,0.0,0.0,0.0,0.0,0.0,0.0,0.0,0.0,0.0,0.0,0.0,0.0,0.0,0.0,0.0,0.0,0.0,0.0,0.0,0.0,0.0,0.0,0.0,0.0,0.0,0.0,0.0,0.0,0.0,0.0,0.0,0.0,0.0,0.0,0.0,0.0,0.03129976598104572,0.0,0.0,0.0,0.0,0.0,0.0,0.0,0.0,0.0,0.0,0.0,0.0,0.0,0.01911396107738916,0.013753484569121148,0.0403204317884462,0.027240252369438597,0.011476407913452055,0.0,0.0,0.0292175291464601,0.0,0.03353958948573084,0.0,0.0,0.0,0.0,0.01700310191360777,0.0,0.0,0.04962427829591108,0.0,0.07940562365679674,0.009894957455766944,0.0,0.026921408487708753,0.0,0.0,0.0,0.0,0.0,0.0,0.0,0.0,0.0,0.0,0.0,0.0,0.0,0.0,0.0,0.07804393196831454,OSD-217,Atha_Ws_root_FLT_Rep3
0.0,0.0,0.0,0.023135245280557493,0.0,0.0,0.0,0.0,0.0,0.0,0.0,0.0,0.055911618597791604,0.0,0.0,0.0,0.0,0.0,0.0,0.0,0.0,0.0,0.0,0.0,0.0,0.0,0.0,0.0,0.0,0.0,0.0,0.0,0.0,0.0,0.0,0.0,0.0,0.0,0.0,0.014128841193840341,0.0,0.0,0.0,0.0,0.0,0.0,0.0,0.0,0.0,0.0,0.0,0.0,0.0,0.0034372725878206965,0.0,0.0,0.0,0.0,0.0,0.0,0.0,0.0,0.0,0.0,0.0,0.0,0.0,0.0,0.0,0.0,0.0,0.0,0.0,0.0,0.0,0.0,0.0,0.0,0.1258585814971402,0.0,0.0,0.0,0.0,0.0,0.0,0.0,0.0,0.0,0.006390496266931618,0.01137627579289507,0.14030841287996884,0.13262054015446326,0.010133794540999677,0.05606327285961268,0.0,0.0,0.0,0.0,0.0,0.0,0.0,0.0,0.0,0.0,0.0,0.0,0.0,0.0,0.0,0.0,0.0,0.0,0.0,0.0,0.0,0.0,0.0,0.0,0.0,0.0,0.0,0.0,0.0,0.0,0.0,0.0,0.0,0.0,0.0,0.0,0.0,0.0,0.0,0.0,0.0,0.0,0.0,0.0,0.0,0.0,0.0,0.0,0.0,0.0,0.020767252182540434,0.09815303823507568,0.04099031175395142,0.03146654162856296,0.0,0.0,0.0,0.029881417503940664,0.0,0.0,0.0,0.0,0.0,0.0,0.005180506739452541,0.0,0.0,0.05564664435943676,0.0,0.06907262299919233,0.0,0.0,0.0,0.0,0.0,0.0,0.0,0.0,0.0,0.0,0.0,0.0,0.0,0.0,0.0,0.0,0.0,0.024510507118121718,0.04496680582770403,OSD-217,Atha_Ws_leaf_GC_Rep1
0.0,0.0,0.0,0.024470659149378394,0.0,0.0,0.0,0.0,0.0,0.0,0.0,0.0,0.05382702618925801,0.0,0.0,0.0,0.0,0.0,0.0,0.0,0.0,0.0,0.0,0.0,0.0,0.0,0.0,0.0,0.0,0.0,0.0,0.0,0.0,0.0,0.0,0.0,0.0,0.0,0.0,0.021765232713718333,0.0,0.0,0.0,0.0,0.0,0.0,0.0,0.0,0.0,0.0,0.0,0.0,0.0,0.0035327464715843313,0.0,0.0,0.0,0.0,0.0,0.0,0.0,0.0,0.0,0.0,0.0,0.0,0.0,0.0,0.0,0.0,0.0,0.0,0.0,0.0,0.0,0.0,0.0,0.0,0.12510129415613383,0.0,0.0,0.0,0.0,0.0,0.0,0.0,0.0,0.0,0.0,0.013300330989346831,0.13280871569927122,0.140756312871411,0.009507124522297176,0.053807147069660374,0.0,0.0,0.0,0.0,0.0,0.0,0.0,0.0,0.0,0.0,0.0,0.0,0.0,0.0,0.0,0.0,0.0,0.0,0.0,0.0,0.0,0.0,0.0,0.0,0.0,0.0,0.0,0.0,0.0,0.0,0.0,0.0,0.0,0.0,0.0,0.0,0.0,0.0,0.0,0.0,0.0,0.0,0.0,0.0,0.0,0.0,0.0,0.0,0.0,0.0,0.018503568776295463,0.09609456717308461,0.04289181969580432,0.03198072647146571,0.0,0.0,0.00017611328432222994,0.02877032917236177,0.0,0.0,0.0,0.0,0.0,0.0,0.0023901765769734143,0.0,0.0,0.05568475804340808,0.0,0.07360096411770907,0.0,0.0,0.0,0.0,0.0,0.0,0.0,0.0,0.0,0.0,0.0,0.0,0.0,0.0,0.0,0.0,0.0,0.026704669794214878,0.04432571706230087,OSD-217,Atha_Ws_leaf_GC_Rep2
0.0,0.0,0.0,0.025181808309774397,0.0,0.0,0.0,0.0,0.0,0.0,0.0,0.0,0.05680664233869197,0.0,0.0,0.0,0.0,0.0,0.0,0.0,0.0,0.0,0.0,0.0,0.0,0.0,0.0,0.0,0.0,0.0,0.0,0.0,0.0,0.0,0.0,0.0,0.0,0.0,0.0,0.018502007417273727,0.0,0.0,0.0,0.0,0.0,0.0,0.0,0.0,0.0,0.0,0.0,0.0,0.0,0.0,0.0,0.0,0.0,0.0,0.0,0.0,0.0,0.0,0.0,0.0,0.0,0.0,0.0,0.0,0.0,0.0,0.0,0.0,0.0,0.0,0.0,0.0,0.0,0.0,0.13271925923325767,0.0,0.0,0.0,0.0,0.0,0.0,0.0,0.0,0.0,0.0016238935745838167,0.006386957784590114,0.1430911710396593,0.13468164143041078,0.005362169623478133,0.056670413362582654,0.0,0.0,0.0,0.0,0.0,0.0,0.0,0.0,0.0,0.0,0.0,0.0,0.0,0.0,0.0,0.0,0.0,0.0,0.0,0.0,0.0,0.0,0.0,0.0,0.0,0.0,0.0,0.0,0.0,0.0,0.0,0.0,0.0,0.0,0.0,0.0,0.0,0.0,0.0,0.0,0.0,0.0,0.0,0.0,0.0,0.0,0.0,0.0,0.0,0.0,0.01638486805276711,0.09892671358593882,0.04361245880889951,0.030722189877444087,0.0,0.0,0.0,0.02748747171109566,0.0,0.0,0.0,0.0,0.0,0.0,0.006984188907632359,0.0,0.0,0.055981482881553496,0.0,0.07344826192682073,0.0,0.0,0.0,0.0,0.0,0.0,0.0,0.0,0.0,0.0,0.0,0.0,0.0,0.0,0.0,0.0,0.0,0.022690478249743837,0.042735921883801715,OSD-217,Atha_Ws_leaf_GC_Rep3
0.0,0.0,0.0,0.027702656241649155,0.0,0.0,0.0,0.0,0.0,0.0,0.0,0.0,0.05812651288944319,0.0,0.0,0.0,0.05625863891921336,0.0,0.0,0.0,0.0,0.0,0.0,0.0,0.0,0.0,0.0,0.0,0.0,0.0,0.0,0.0,0.0,0.0,0.0,0.0,0.0,0.0,0.0,0.06210617976728618,0.0,0.0,0.0,0.0,0.0,0.0,0.0,0.03221662241216351,0.0,0.0,0.0,0.0,0.0,0.008214069101920152,0.0,0.0,0.0,0.0,0.0,0.0,0.0,0.0,0.0,0.0,0.0,0.0,0.0,0.0,0.0,0.06857166187061925,0.0,0.0,0.0,0.0,0.0,0.0,0.0,0.0,0.033440105150534034,0.0,0.0,0.0,0.0,0.0,0.0,0.0,0.0,0.0,0.0,0.04616920113246029,0.05026997101848585,0.037929011517118034,0.0,0.06374625952979103,0.0,0.0,0.0,0.0,0.0,0.0,0.0,0.0,0.0,0.0,0.0,0.0,0.0,0.0,0.0,0.0,0.0,0.0,0.0,0.0,0.0,0.0,0.0,0.0,0.0,0.0,0.0,0.0,0.0,0.0,0.0,0.0,0.0,0.0,0.0,0.0,0.018300808908125063,0.0,0.0,0.0,0.0,0.0,0.0,0.0,0.0,0.0,0.0,0.0,0.0,0.0,0.02650929416709785,0.012594243505538876,0.033993984514785185,0.025069778791745902,0.008858509133396574,0.0,0.0,0.030799092337777736,0.0,0.0210821170050093,0.0,0.0009668693362521795,0.0,0.0,0.020226043895752447,0.0,0.0,0.04754115901360687,0.0,0.09064979347458561,0.009161013506259752,0.0,0.02909706595071529,0.0,0.0,0.0,0.0,0.0,0.0,0.0,0.0,0.0,0.0,0.0,0.0,0.0,0.0,0.0,0.0803993369086674,OSD-217,Atha_Ws_leaf_FLT_Rep1
0.0,0.0,0.0,0.027074012352603455,0.0,0.0,0.0,0.0,0.0,0.0,0.0,0.0,0.055537901569475814,0.0,0.0,0.0,0.06473453255504233,0.0,0.0,0.0,0.0,0.0,0.0,0.0,0.0,0.0,0.0,0.0,0.0,0.0,0.0,0.0,0.0,0.0,0.0,0.0,0.0,0.0,0.0,0.06638330809954686,0.0,0.0,0.0,0.0,0.0,0.0,0.0,0.031034416593908674,0.0,0.0,0.0,0.0,0.0,0.008268812823561646,0.0,0.0,0.0,0.0,0.0,0.0,0.0,0.0,0.0,0.0,0.0,0.0,0.0,0.0,0.0,0.06243442788791268,0.0,0.0,0.0,0.0,0.0,0.0,0.0,0.0,0.03496686179956394,0.0,0.0,0.0,0.0,0.0,0.0,0.0,0.0,0.0,0.0,0.054552787667320815,0.047220725055051184,0.03192241753760615,0.0,0.06219326603282848,0.0,0.0,0.0,0.0,0.0,0.0,0.0,0.0,0.0,0.0,0.0,0.0,0.0,0.0,0.0,0.0,0.0,0.0,0.0,0.0,0.0,0.0,0.0,0.0,0.0,0.0,0.0,0.0,0.0,0.0,0.0,0.0,0.0,0.0,0.0,0.0,0.02211926434351131,0.0,0.0,0.0,0.0,0.0,0.0,0.0,0.0,0.0,0.0,0.0,0.0,0.0,0.028111230758425806,0.011281247505954464,0.029750408581119606,0.027939475715788743,0.010966115543187015,0.0,0.0,0.029952515597683287,0.0,0.029935199849773525,0.0,0.0,0.0,0.0,0.02024855981261822,0.0,0.0,0.04806145253751097,0.0,0.08640582175456894,0.006762547804249049,0.0,0.028274468860770785,0.0,0.0,0.0,0.0,0.0,0.0,0.0,0.0,0.0,0.0,0.0,0.0,0.0,0.0,0.0,0.07386822136041624,OSD-217,Atha_Ws_leaf_FLT_Rep2
0.0,0.0,0.0,0.027640601178919942,0.0,0.0,0.0,0.0,0.0,0.0,0.0,0.0,0.05154935356245182,0.0,0.0,0.0,0.06119842540635693,0.0,0.0,0.0,0.0,0.0,0.0,0.0,0.0,0.0,0.0,0.0,0.0,0.0,0.0,0.0,0.0,0.0,0.0,0.0,0.0,0.0,0.0,0.07385696127565337,0.0,0.0,0.0,0.0,0.0,0.0,0.0,0.0397427705772711,0.0,0.0,0.0,0.0,0.0,0.00263105587857741,0.0,0.0,0.0,0.0,0.0,0.0,0.0,0.0,0.0,0.0,0.0,0.0,0.0,0.0,0.0,0.06332175909652704,0.0,0.0,0.0,0.0,0.0,0.0,0.0,0.0,0.032587094951814326,0.0,0.0,0.0,0.0,0.0,0.0,0.0,0.0,0.0,0.0,0.06305064682032026,0.05175794017031373,0.026282114130657425,0.0,0.059555267424746546,0.0,0.0,0.0,0.0,0.0,0.0,0.0,0.0,0.0,0.0,0.0,0.0,0.0,0.0,0.0,0.0,0.0,0.0,0.0,0.0,0.0,0.0,0.0,0.0,0.0,0.0,0.0,0.0,0.0,0.0,0.0,0.0,0.0,0.0,0.0,0.0,0.023942958362339426,0.0,0.0,0.0,0.0,0.0,0.0,0.0,0.0,0.0,0.0,0.0,0.0,0.0,0.025206532938028284,0.013256799381621292,0.032632180951438994,0.025183916063293628,0.008695176268000697,0.0,0.0,0.02974453671235701,0.0,0.0282673334662572,0.0,0.0,0.0,0.0,0.026189429000252864,0.0,0.0,0.05046541524617636,0.0,0.08085124020459845,0.005557023371023263,0.0,0.02392834457149184,0.0,0.0,0.0,0.0,0.0,0.0,0.0,0.0,0.0,0.0,0.0,0.0,0.0,0.0,0.0,0.07290512298951063,OSD-217,Atha_Ws_leaf_FLT_Rep3
0.0,0.0,0.0,0.01782748112755856,0.0,0.0,0.0,0.0,0.0,0.0,0.0,0.0,0.044694973291966575,0.0,0.0,0.0,0.0,0.0,0.0,0.0,0.0,0.0,0.0,0.0,0.0,0.0,0.0,0.0,0.0,0.0,0.0,0.0,0.0,0.0,0.0,0.0,0.0,0.0,0.0,0.0,0.0,0.0,0.0,0.0,0.0,0.0,0.0,0.0,0.0,0.0,0.0,0.0,0.0,0.01847432629321118,0.0,0.0,0.0,0.0,0.0,0.0,0.0,0.0,0.0,0.0,0.0,0.0,0.0,0.0,0.0,0.0,0.0,0.0,0.0,0.0,0.0,0.0,0.0,0.0,0.17400204755281756,0.0,0.0,0.0,0.0,0.0,0.0,0.0,0.0,0.0,0.0,0.028995275831841374,0.15943859815473313,0.09481143339538048,0.0,0.0847438664426448,0.0,0.0,0.0,0.0,0.0,0.0,0.0,0.0,0.0,0.0,0.0,0.0,0.0,0.0,0.0,0.0,0.0,0.0,0.0,0.0,0.0,0.0,0.0,0.0,0.0,0.0,0.0,0.0,0.0,0.0,0.0,0.0,0.0,0.0,0.0,0.0,0.0,0.0,0.0,0.0,0.0,0.0,0.0,0.0,0.0,0.0,0.0,0.0,0.0,0.0,0.03040975098738886,0.11479591595556636,0.02992793186003296,0.01799097523923675,0.0,0.0,0.0,0.016041312367366525,0.0,0.0007668939106677078,0.0,0.0,0.0,0.0,0.0030799861894056754,0.0,0.0,0.07108171787577942,0.0,0.06417474161872927,0.0,0.0,0.0,0.0,0.0,0.0,0.0,0.0,0.0,0.0,0.0,0.0,0.0,0.0,0.0,0.0,0.0,0.0,0.02874277190567276,OSD-218,SAMN06465201
0.0,0.0,0.0,0.019192828902282685,0.0,0.0,0.0,0.0,0.0,0.0,0.0,0.0,0.04330618386993657,0.0,0.0,0.0,0.0,0.0,0.0,0.0,0.0,0.0,0.0,0.0,0.0,0.0,0.0,0.0,0.0,0.0,0.0,0.0,0.0,0.0,0.0,0.0,0.0,0.0,0.0,0.0,0.0,0.0,0.0,0.0,0.0,0.0,0.0,0.0,0.0,0.0,0.0,0.0,0.0,0.02601037381512133,0.0,0.0,0.0,0.0,0.0,0.0,0.0,0.0,0.0,0.0,0.0,0.0,0.0,0.0,0.0,0.0,0.0,0.0,0.0,0.0,0.0,0.0,0.0,0.0,0.17668824408637407,0.0,0.0,0.0,0.0,0.0,0.0,0.0,0.0,0.0,0.0,0.042684043595519326,0.1510261645909753,0.0779088541377397,0.0,0.08305523871006952,0.0,0.0,0.0,0.0,0.0,0.0,0.0,0.0,0.0,0.0,0.0,0.0,0.0,0.0,0.0,0.0,0.0,0.0,0.0,0.0,0.0,0.0,0.0,0.0,0.0,0.0,0.0,0.0,0.0,0.0,0.0,0.0,0.0,0.0,0.0,0.0,0.0018526946873568836,0.0,0.0,0.0,0.0,0.0,0.0,0.0,0.0,0.0,0.0,0.0,0.0,0.0,0.032421446485821626,0.09986080509205832,0.028736377891360403,0.017580895896144526,0.0,0.0,0.0029429873593589916,0.013358464342266136,0.0,0.009157876984258113,0.0,0.0,0.0,0.0,0.009439239437072953,0.0,0.0,0.07493636423736842,0.0,0.06466650760349747,0.0,0.0,0.0,0.0,0.0,0.0,0.0,0.0,0.0,0.0,0.0,0.0,0.0,0.0,0.0,0.0,0.0,0.0,0.025174408275417545,OSD-218,SAMN06465179
0.0,0.0,0.0,0.0164651119628246,0.0,0.0,0.0,0.0,0.0,0.0,0.0,0.0,0.046270477852483165,0.0,0.0,0.0,0.0,0.0,0.0,0.0,0.0,0.0,0.0,0.0,0.0,0.0,0.0,0.0,0.0,0.0,0.0,0.0,0.0,0.0,0.0,0.0,0.0,0.0,0.0,0.0,0.0,0.0,0.0,0.0,0.0,0.0,0.0,0.0,0.0,0.0,0.0,0.0,0.0,0.024435501386262853,0.0,0.0,0.0,0.0,0.0,0.0,0.0,0.0,0.0,0.0,0.0,0.0,0.0,0.0,0.0,0.0,0.0,0.0,0.0,0.0,0.0,0.0,0.0,0.0,0.18458316697240976,0.0,0.0,0.0,0.0,0.0,0.0,0.0,0.0,0.0,0.0,0.03748434522201799,0.14839897302658908,0.07938254256070576,0.0,0.08967380238998313,0.0,0.0,0.0,0.0,0.0,0.0,0.0,0.0,0.0,0.0,0.0,0.0,0.0,0.0,0.0,0.0,0.0,0.0,0.0,0.0,0.0,0.0,0.0,0.0,0.0,0.0,0.0,0.0,0.0,0.0,0.0,0.0,0.0,0.0,0.0,0.0,0.0,0.0,0.0,0.0,0.0,0.0,0.0,0.0,0.0,0.0,0.0,0.0,0.0,0.0,0.0349224950291529,0.1005440663620585,0.025938283606105447,0.021259663651010622,0.0,0.0,0.004130037718867187,0.01215968676962006,0.0,0.00796956759581133,0.0,0.0,0.0,0.0,0.004237327372370774,0.0,0.0,0.06825153484097234,0.0,0.06060861808385784,0.0,0.0,0.0,0.0,0.0,0.0,0.0,0.0,0.0,0.0,0.0,0.0,0.0,0.0,0.0,0.0,0.0,0.0,0.033284797596896704,OSD-218,SAMN06465197
0.0,0.0,0.0,0.02050890046035425,0.0,0.0,0.0,0.0,0.0,0.0,0.0,0.0,0.04330787326448466,0.0,0.0,0.0,0.0,0.0,0.0,0.0,0.0,0.0,0.0,0.0,0.0,0.0,0.0,0.0,0.0,0.0,0.0,0.0,0.0,0.0,0.0,0.0,0.0,0.0,0.0,0.0,0.0,0.0,0.0,0.0,0.0,0.0,0.0,0.0,0.0,0.0,0.0,0.0,0.0,0.02457460598899823,0.0,0.0,0.0,0.0,0.0,0.0,0.0,0.0,0.0,0.0,0.0,0.0,0.0,0.0,0.0,0.004771368447467235,0.0,0.0,0.0,0.0,0.0,0.0,0.0,0.0,0.17083150476888231,0.0,0.0,0.0,0.0,0.0,0.0,0.0,0.0,0.0,0.0,0.03809675292088016,0.14777873623935905,0.0850487256921339,0.0,0.08320226111764797,0.0,0.0,0.0,0.0,0.0,0.0,0.0,0.0,0.0,0.0,0.0,0.0,0.0,0.0,0.0,0.0,0.0,0.0,0.0,0.0,0.0,0.0,0.0,0.0,0.0,0.0,0.0,0.0,0.0,0.0,0.0,0.0,0.0,0.0,0.0,0.0,0.0018733849149236749,0.0,0.0,0.0,0.0,0.0,0.0,0.0,0.0,0.0,0.0,0.0,0.0,0.0,0.03536366300834,0.1045544750999552,0.02544470479574249,0.015056626365989544,0.0,0.0,0.003911085632525541,0.01481027031388194,0.0,0.0,0.0,0.0,0.0,0.0,0.0067354814731283835,0.0,0.0,0.0727593757491568,0.0,0.07039213599410793,0.0,0.0,0.0,0.0,0.0,0.0,0.0,0.0,0.0,0.0,0.0,0.0,0.0,0.0,0.0,0.0,0.0,0.0,0.03097806775204065,OSD-218,SAMN06465194
0.0,0.0,0.0,0.020231093537509938,0.0,0.0,0.0,0.0,0.0,0.0,0.0,0.0,0.049371123286002086,0.0,0.0,0.0,0.0,0.0,0.0,0.0,0.0,0.0,0.0,0.0,0.0,0.0,0.0,0.0,0.0,0.0,0.0,0.0,0.0,0.0,0.0,0.0,0.0,0.0,0.0,0.0,0.0,0.0,0.0,0.0,0.0,0.0,0.0,0.0,0.0,0.0,0.0,0.0,0.0,0.01785265032871348,0.0,0.0,0.0,0.0,0.0,0.0,0.0,0.0,0.0,0.0,0.0,0.0,0.0,0.0,0.0,0.0,0.0,0.0,0.0,0.0,0.0,0.0,0.0,0.0,0.18550154298258856,0.0,0.0,0.0,0.0,0.0,0.0,0.0,0.0,0.0,0.0,0.04064072449159823,0.14916706952862832,0.07935505517071671,0.0,0.07815523133288067,0.0,0.0,0.0,0.0,0.0,0.0,0.0,0.0,0.0,0.0,0.0,0.0,0.0,0.0,0.0,0.0,0.0,0.0,0.0,0.0,0.0,0.0,0.0,0.0,0.0,0.0,0.0,0.0,0.0,0.0,0.0,0.0,0.0,0.0,0.0,0.0,0.0013662710707277167,0.0,0.0,0.0,0.0,0.0,0.0,0.0,0.0,0.0,0.0,0.0,0.0,0.0,0.03023266167177275,0.08308904726459526,0.02856108976837611,0.019941550833681397,0.0,0.0,0.0005538138563673608,0.026963417197375418,0.0,0.006952911299794304,0.0,0.0,0.0,0.0,0.014513201428382597,0.0,0.0,0.0695996855908903,0.0,0.0727850406749487,0.0,0.0,0.0,0.0,0.0,0.0,0.0,0.0,0.0,0.0,0.0,0.0,0.0,0.0,0.0,0.0,0.0,0.0,0.025166818684449983,OSD-218,SAMN06465190
0.0,0.0,0.0,0.023163163288200332,0.0,0.0,0.0,0.0,0.0,0.0,0.0,0.0,0.040059690928478185,0.0,0.0,0.0,0.0,0.0,0.0,0.0,0.0,0.0,0.0,0.0,0.0,0.0,0.0,0.0,0.0,0.0,0.0,0.0,0.0,0.0,0.0,0.0,0.0,0.0,0.0,0.0,0.0,0.0,0.0,0.0,0.0,0.0,0.0,0.0,0.0,0.0,0.0,0.0,0.0,0.024072358101495342,0.0,0.0,0.0,0.0,0.0,0.0,0.0,0.0,0.0,0.0,0.0,0.0,0.0,0.0,0.0,0.005665671705419036,0.0,0.0,0.0,0.0,0.0,0.0,0.0,0.0,0.17591087363015676,0.0,0.0,0.0,0.0,0.0,0.0,0.0,0.0,0.0,0.0,0.04910356336217932,0.1361131889038922,0.08002233952284107,0.0,0.08289348652105576,0.0,0.0,0.0,0.0,0.0,0.0,0.0,0.0,0.0,0.0,0.0,0.0,0.0,0.0,0.0,0.0,0.0,0.0,0.0,0.0,0.0,0.0,0.0,0.0,0.0,0.0,0.0,0.0,0.0,0.0,0.0,0.0,0.0,0.0,0.0,0.0,0.0005183198120983073,0.0,0.0,0.0,0.0,0.0,0.0,0.0,0.0,0.0,0.0,0.0,0.0,0.0,0.03556414660132663,0.07749104086526186,0.02822062381250417,0.018141197261835596,0.0,0.0,0.001137696324371742,0.017593053627481633,0.0,0.006440255005128631,0.0,0.0,0.0,0.0,0.021025776837889004,0.0,0.0,0.0737699506461893,0.0,0.07119128489819401,0.0,0.0,0.0,0.0,0.0,0.0,0.0,0.0,0.0,0.0,0.0,0.0,0.0,0.0,0.0,0.0,0.0,0.0,0.03190231834400106,OSD-218,SAMN06465187
0.0,0.0,0.0,0.020733180495659125,0.0,0.0,0.0,0.0,0.0,0.0,0.0,0.0,0.04158782600576265,0.0,0.0,0.0,0.0,0.0,0.0,0.0,0.0,0.0,0.0,0.0,0.0,0.0,0.0,0.0,0.0,0.0,0.0,0.0,0.0,0.0,0.0,0.0,0.0,0.0,0.0,0.0,0.0,0.0,0.0,0.0,0.0,0.0,0.0,0.0,0.0,0.0,0.0,0.0,0.0,0.019254442102783882,0.0,0.0,0.0,0.0,0.0,0.0,0.0,0.0,0.0,0.0,0.0,0.0,0.0,0.0,0.0,0.0,0.0,0.0,0.0,0.0,0.0,0.0,0.0,0.0,0.18845945621719773,0.0,0.0,0.0,0.0,0.0,0.0,0.0,0.0,0.0,0.0,0.040358032155290165,0.14607265345366754,0.08059339814134805,0.0,0.08182742707643427,0.0,0.0,0.0,0.0,0.0,0.0,0.0,0.0,0.0,0.0,0.0,0.0,0.0,0.0,0.0,0.0,0.0,0.0,0.0,0.0,0.0,0.0,0.0,0.0,0.0,0.0,0.0,0.0,0.0,0.0,0.0,0.0,0.0,0.0,0.0,0.0,0.0,0.0,0.0,0.0,0.0,0.0,0.0,0.0,0.0,0.0,0.0,0.0,0.0,0.0,0.032535449170893585,0.08994827098476853,0.02813853871046207,0.01717755881674639,0.0,0.0,0.0,0.017513800318086987,0.0,0.0064347478245995815,0.0,0.0,0.0,0.0,0.020445244464906833,0.0,0.0,0.06802332087516544,0.0,0.07550563576797681,0.0,0.0,0.0,0.0,0.0,0.0,0.0,0.0,0.0,0.0,0.0,0.0,0.0,0.0,0.0,0.0,0.0,0.0,0.025391017418250252,OSD-218,SAMN06465183
0.0,0.0,0.0,0.021772801965836343,0.0,0.0,0.0,0.0,0.0,0.0,0.0,0.0,0.04542897925732627,0.0,0.0,0.0,0.0,0.0,0.0,0.0,0.0,0.0,0.0,0.0,0.0,0.0,0.0,0.0,0.0,0.0,0.0,0.0,0.0,0.0,0.0,0.0,0.0,0.0,0.0,0.0,0.0,0.0,0.0,0.0,0.0,0.0,0.0,0.0,0.0,0.0,0.0,0.0,0.0,0.0168372660462048,0.0,0.0,0.0,0.0,0.0,0.0,0.0,0.0,0.0,0.0,0.0,0.0,0.0,0.0,0.0,0.004546737235902288,0.0,0.0,0.0,0.0,0.0,0.0,0.0,0.0,0.19520889986739218,0.0,0.0,0.0,0.0,0.0,0.0,0.0,0.0,0.0,0.0,0.04188288388032844,0.1481666432818475,0.06778420218475666,0.0,0.08717168863198108,0.0,0.0,0.0,0.0,0.0,0.0,0.0,0.0,0.0,0.0,0.0,0.0,0.0,0.0,0.0,0.0,0.0,0.0,0.0,0.0,0.0,0.0,0.0,0.0,0.0,0.0,0.0,0.0,0.0,0.0,0.0,0.0,0.0,0.0,0.0,0.0,0.0,0.0,0.0,0.0,0.0,0.0,0.0,0.0,0.0,0.0,0.0,0.0,0.0,0.0,0.03419960071575196,0.08698899070960041,0.027960222880216743,0.017299071833968914,0.0,0.0,0.0,0.016282510331097393,0.0,0.004929789435960323,0.0,0.0,0.0,0.0,0.009289397969169983,0.0,0.0,0.0630433710847725,0.0,0.08064825828897434,0.0,0.0,0.0,0.0,0.0,0.0,0.0,0.0,0.0,0.0,0.0,0.0,0.0,0.0,0.0,0.0,0.0,0.0,0.030558684398911885,OSD-218,SAMN06465181
0.0,0.0,0.0,0.022645011174330525,0.0,0.0,0.0,0.0,0.0,0.0,0.0,0.0,0.03990813777774672,0.0,0.0,0.0,0.0,0.0,0.0,0.0,0.0,0.0,0.0,0.0,0.0,0.0,0.0,0.0,0.0,0.0,0.0,0.0,0.0,0.0,0.0,0.0,0.0,0.0,0.0,0.0,0.0,0.0,0.0,0.0,0.0,0.0,0.0,0.0,0.0,0.0,0.0,0.0,0.0,0.02445638658846751,0.0,0.0,0.0,0.0,0.0,0.0,0.0,0.0,0.0,0.0,0.0,0.0,0.0,0.0,0.0,0.004867117424409711,0.0,0.0,0.0,0.0,0.0,0.0,0.0,0.0,0.1854191160605021,0.0,0.0,0.0,0.0,0.0,0.0,0.0,0.0,0.0,0.0,0.022362861237202002,0.15295498909735103,0.0694658215343191,0.0,0.08916558358041457,0.0,0.0,0.0,0.0,0.0,0.0,0.0,0.0,0.0,0.0,0.0,0.0,0.0,0.0,0.0,0.0,0.0,0.0,0.0,0.0,0.0,0.0,0.0,0.0,0.0,0.0,0.0,0.0,0.0,0.0,0.0,0.0,0.0,0.0,0.0,0.0,0.0,0.0,0.0,0.0,0.0,0.0,0.0,0.0,0.0,0.0,0.0,0.0,0.0,0.0,0.036590482139172736,0.0845254291257534,0.027796117446157054,0.017961122331891913,0.0,0.0,0.004976332035453369,0.019306051080117164,0.0,0.008583678061082877,0.0,0.0,0.0,0.0,0.014964144544325734,0.0,0.0,0.08041531473129072,0.0,0.0738303845247345,0.0,0.0,0.0,0.0,0.0,0.0,0.0,0.0,0.0,0.0,0.0,0.0,0.0,0.0,0.0,0.0,0.0,0.0,0.019805919505277367,OSD-218,SAMN06465177
0.0,0.0,0.0,0.010930002193249012,0.0,0.0,0.0,0.0,0.0,0.0,0.0,0.0,0.03984871075189982,0.0,0.0,0.0,0.0,0.0,0.0,0.0,0.0,0.0,0.0,0.0,0.0,0.0,0.0,0.0,0.0,0.0,0.0,0.0,0.0,0.0,0.0,0.0,0.0,0.0,0.0,0.0,0.0,0.0,0.0,0.0,0.0,0.0,0.0,0.0,0.0,0.0,0.0,0.0,0.0,0.01705697425615921,0.0,0.0,0.0,0.0,0.0,0.0,0.0,0.0,0.0,0.0,0.0,0.0,0.0,0.0,0.0,0.016953049467252367,0.0,0.0,0.0,0.0,0.0,0.0,0.0,0.0,0.1832536566186404,0.0,0.0,0.0,0.0,0.0,0.0,0.0,0.0,0.0,0.0,0.03501312625516507,0.14846892899558417,0.08168309851516306,0.0,0.09454624055907161,0.0,0.0,0.0,0.0,0.0,0.0,0.0,0.0,0.0,0.0,0.0,0.0,0.0,0.0,0.0,0.0,0.0,0.0,0.0,0.0,0.0,0.0,0.0,0.0,0.0,0.0,0.0,0.0,0.0,0.0,0.0,0.0,0.0,0.0,0.0,0.0,0.0,0.0,0.0,0.0,0.0,0.0,0.0,0.0,0.0,0.0,0.0,0.0,0.0,0.0,0.026230534240383945,0.09587454847420514,0.022726605856038275,0.02346138545195745,0.0,0.0,0.005469758663286662,0.01653708210440015,0.0,0.0036810630571146924,0.005276743769618947,0.0,0.0,0.0,0.014894169319680049,0.0,0.0,0.06856266489993727,0.0,0.05421505430328052,0.0,0.0,0.0,0.0,0.0,0.0,0.0,0.0,0.0,0.0,0.0,0.0,0.0,0.0,0.0,0.0,0.0,0.0,0.035316602247912166,OSD-218,SAMN06465174
0.0,0.0,0.0,0.022186950602941766,0.0,0.0,0.0,0.0,0.0,0.0,0.0,0.0,0.037830127261789366,0.0,0.0,0.0,0.0,0.0,0.0,0.0,0.0,0.0,0.0,0.0,0.0,0.0,0.0,0.0,0.0,0.0,0.0,0.0,0.0,0.0,0.0,0.0,0.0,0.0,0.0,0.0,0.0,0.0,0.0,0.0,0.0,0.0,0.0,0.0,0.0,0.0,0.0,0.0,0.0,0.01966893743653722,0.0,0.0,0.0,0.0,0.0,0.0,0.0,0.0,0.0,0.0,0.0,0.0,0.0,0.0,0.0,0.010784216056868901,0.0,0.0,0.0,0.0,0.0,0.0,0.0,0.0,0.19716618260244442,0.0,0.0,0.0,0.0,0.0,0.0,0.0,0.0,0.0,0.0,0.030370817007485833,0.15550600583160318,0.07005188715940529,0.0,0.09489452923174402,0.0,0.0,0.0,0.0,0.0,0.0,0.0,0.0,0.0,0.0,0.0,0.0,0.0,0.0,0.0,0.0,0.0,0.0,0.0,0.0,0.0,0.0,0.0,0.0,0.0,0.0,0.0,0.0,0.0,0.0,0.0,0.0,0.0,0.0,0.0,0.0,0.0,0.0,0.0,0.0,0.0,0.0,0.0,0.0,0.0,0.0,0.0,0.0,0.0,0.0,0.03507130528009232,0.09017644831386291,0.025652431962559327,0.018255969379281544,0.0,0.0,0.0,0.012338398969456146,0.0,0.007433792983546947,0.0,0.0,0.0,0.0,0.0153974059205969,0.0,0.0,0.07363955551458183,0.0,0.06555653386142116,0.0,0.0,0.0,0.0,0.0,0.0,0.0,0.0,0.0,0.0,0.0,0.0,0.0,0.0,0.0,0.0,0.0,0.0,0.018018504623780966,OSD-218,SAMN06465172
0.0,0.0,0.0,0.01903494140369102,0.0,0.0,0.0,0.0,0.0,0.0,0.0,0.0,0.03981735714862847,0.0,0.0,0.0,0.0,0.0,0.0,0.0,0.0,0.0,0.0,0.0,0.0,0.0,0.0,0.0,0.0,0.0,0.0,0.0,0.0,0.0,0.0,0.0,0.0,0.0,0.0,0.0,0.0,0.0,0.0,0.0,0.0,0.0,0.0,0.0,0.0,0.0,0.0,0.0,0.0,0.021566411111212724,0.0,0.0,0.0,0.0,0.0,0.0,0.0,0.0,0.0,0.0,0.0,0.0,0.0,0.0,0.0,0.006665714934210162,0.0,0.0,0.0,0.0,0.0,0.0,0.0,0.0,0.17832547677568242,0.0,0.0,0.0,0.0,0.0,0.0,0.0,0.0,0.0,0.0,0.026602805275127227,0.16331377769595917,0.08743804977900461,0.0,0.08684083286079358,0.0,0.0,0.0,0.0,0.0,0.0,0.0,0.0,0.0,0.0,0.0,0.0,0.0,0.0,0.0,0.0,0.0,0.0,0.0,0.0,0.0,0.0,0.0,0.0,0.0,0.0,0.0,0.0,0.0,0.0,0.0,0.0,0.0,0.0,0.0,0.0,0.0,0.0,0.0,0.0,0.0,0.0,0.0,0.0,0.0,0.0,0.0,0.0,0.0,0.0,0.03593753557001411,0.08367099291018319,0.02389868083900273,0.018227119670316108,0.0,0.0,0.006982919889457567,0.01571309249636417,0.0,0.015602382167854837,0.0,0.0,0.0,0.0,0.011077586275738982,0.0,0.0,0.0778488006130754,0.0,0.06589247924092433,0.0,0.0,0.0,0.0,0.0,0.0,0.0,0.0,0.0,0.0,0.0,0.0,0.0,0.0,0.0,0.0,0.0,0.0,0.015543043342759091,OSD-218,SAMN06465170
0.0,0.0,0.0,0.011165455145161316,0.0,0.0,0.0,0.0,0.0,0.0,0.0,0.0,0.04130533586071824,0.0,0.0,0.0,0.0,0.0,0.0,0.0,0.0,0.0,0.0,0.0,0.0,0.0,0.0,0.0,0.0,0.0,0.0,0.0,0.0,0.0,0.0,0.0,0.0,0.0,0.0,0.0,0.0,0.0,0.0,0.0,0.0,0.0,0.0,0.0,0.0,0.0,0.0,0.0,0.0,0.008574316214694403,0.0,0.0,0.0,0.0,0.0,0.0,0.0,0.0,0.0,0.0,0.0,0.0,0.0,0.0,0.0,0.0,0.0,0.0,0.13822678885853898,0.0,0.0,0.0,0.0,0.0,0.06611884643482353,0.0,0.0,0.0,0.0,0.0,0.0,0.0,0.0,0.0,0.0,0.020021380808187838,0.13748742882068088,0.0725572998612845,0.025169307699606687,0.09436897146509411,0.0,0.0,0.0,0.0,0.0,0.0,0.0,0.0,0.0,0.0,0.0,0.0,0.0,0.0,0.0,0.0,0.0,0.0,0.0,0.0,0.0,0.0,0.0,0.0,0.0,0.0,0.0,0.0,0.0,0.0,0.0,0.0,0.0,0.0,0.0,0.0,0.0,0.0,0.0,0.0,0.0,0.0,0.0,0.0,0.0,0.0,0.0,0.0,0.0,0.0,0.02466075760942412,0.06888798796317895,0.021381075242620798,0.019810758844119092,0.0,0.0,0.0,0.016100579545605027,0.0,0.0,0.007789249407822496,0.0,0.0,0.0,0.03300583310898855,0.0,0.0,0.06342016192487011,0.05090155423101867,0.0689884775733378,0.0,0.0,0.0,0.0,0.0,0.0,0.0,0.0,0.0,0.0,0.0,0.0,0.0,0.0,0.0,0.0,0.0,0.0,0.010058433380223875,OSD-218,SAMN06465168
0.0,0.0,0.0,0.019902236199686306,0.0,0.0,0.0,0.0,0.0,0.0,0.0,0.0,0.04703709495775783,0.0,0.0,0.0,0.0,0.0,0.0,0.0,0.0,0.0,0.0,0.0,0.0,0.0,0.0,0.0,0.0,0.0,0.0,0.0,0.0,0.0,0.0,0.0,0.0,0.0,0.0,0.0,0.0,0.0,0.0,0.0,0.0,0.0,0.0,0.0,0.0,0.0,0.0,0.0,0.0,0.015700709715860465,0.0,0.0,0.0,0.0,0.0,0.0,0.0,0.0,0.0,0.0,0.0,0.0,0.0,0.0,0.0,0.008317137477685702,0.0,0.0,0.0,0.0,0.0,0.0,0.0,0.0,0.18987853641591448,0.0,0.0,0.0,0.0,0.0,0.0,0.0,0.0,0.0,0.0,0.03715144517219298,0.13711424685791554,0.08606910209425025,0.0,0.087411796349222,0.0,0.0,0.0,0.0,0.0,0.0,0.0,0.0,0.0,0.0,0.0,0.0,0.0,0.0,0.0,0.0,0.0,0.0,0.0,0.0,0.0,0.0,0.0,0.0,0.0,0.0,0.0,0.0,0.0,0.0,0.0,0.0,0.0,0.0,0.0,0.0,0.0,0.0,0.0,0.0,0.0,0.0,0.0,0.0,0.0,0.0,0.0,0.0,0.0,0.0,0.0294921938476668,0.08335975848190826,0.021323377036645275,0.018332199164938993,0.0,0.0,0.0,0.015188843890363962,0.0,0.017984912020856374,0.0,0.0,0.0,0.0,0.026227998252386277,0.0,0.0,0.06712622926518305,0.0,0.07253826273895797,0.0,0.0,0.0,0.0,0.0,0.0,0.0,0.0,0.0,0.0,0.0,0.0,0.0,0.0,0.0,0.0,0.0,0.0,0.01984392006060747,OSD-218,SAMN06465165
0.0,0.0,0.0,0.020596558809926273,0.0,0.0,0.0,0.0,0.0,0.0,0.0,0.0,0.04126066032467539,0.0,0.0,0.0,0.0,0.0,0.0,0.0,0.0,0.0,0.0,0.0,0.0,0.0,0.0,0.0,0.0,0.0,0.0,0.0,0.0,0.0,0.0,0.0,0.0,0.0,0.0,0.0,0.0,0.0,0.0,0.0,0.0,0.0,0.0,0.0,0.0,0.0,0.0,0.0,0.0,0.02321644152934249,0.0,0.0,0.0,0.0,0.0,0.0,0.0,0.0,0.0,0.0,0.0,0.0,0.0,0.0,0.0,0.010112852336481883,0.0,0.0,0.0,0.0,0.0,0.0,0.0,0.0,0.1824296130553297,0.0,0.0,0.0,0.0,0.0,0.0,0.0,0.0,0.0,0.0,0.04232824277934097,0.1367955191617518,0.08500561132350924,0.0,0.07982001831178187,0.0,0.0,0.0,0.0,0.0,0.0,0.0,0.0,0.0,0.0,0.0,0.0,0.0,0.0,0.0,0.0,0.0,0.0,0.0,0.0,0.0,0.0,0.0,0.0,0.0,0.0,0.0,0.0,0.0,0.0,0.0,0.0,0.0,0.0,0.0,0.0,0.0,0.0,0.0,0.0,0.0,0.0,0.0,0.0,0.0,0.0,0.0,0.0,0.0,0.0,0.024326039863791872,0.09484292081867698,0.02855823963904491,0.021355548554730933,0.0,0.0,0.0,0.016838176006289892,0.0,0.005426933607990325,0.0,0.0,0.0,0.0,0.030025224971649528,0.0,0.0,0.06529312710004767,0.0,0.06945452287731789,0.0,0.0,0.0,0.0,0.0,0.0,0.0,0.0,0.0,0.0,0.0,0.0,0.0,0.0,0.0,0.0,0.0,0.0,0.02231374892832016,OSD-218,SAMN06465163
0.0,0.0,0.0,0.0057699403856666135,0.0,0.0,0.0,0.0,0.0,0.0,0.0,0.0,0.040605606812886115,0.0,0.0,0.0,0.0,0.0,0.0,0.0,0.0,0.0,0.0,0.0,0.0,0.0,0.0,0.0,0.0,0.0,0.0,0.0,0.0,0.0,0.0,0.0,0.0,0.0,0.0,0.0,0.0,0.0,0.0,0.0,0.0,0.0,0.0,0.0,0.0,0.0,0.0,0.0,0.0,0.017311797248417783,0.0,0.0,0.0,0.0,0.0,0.0,0.0,0.0,0.0,0.0,0.0,0.0,0.0,0.0,0.0,0.0,0.0,0.0,0.1579498615532157,0.0,0.0,0.0,0.0,0.0,0.04252941670581159,0.0,0.0,0.0,0.0,0.0,0.0,0.0,0.0,0.0,0.0,0.02103561171404011,0.13908034393891652,0.07521072391689508,0.018092153293830803,0.0900313407306443,0.0,0.0,0.0,0.0,0.0,0.0,0.0,0.0,0.0,0.0,0.0,0.0,0.0,0.0,0.0,0.0,0.0,0.0,0.0,0.0,0.0,0.0,0.0,0.0,0.0,0.0,0.0,0.0,0.0,0.0,0.0,0.0,0.0,0.0,0.0,0.0,0.0,0.0,0.0,0.0,0.0,0.0,0.0,0.0,0.0,0.0,0.0,0.0,0.0,0.0,0.021141097799497018,0.0714947533293173,0.02235720571259327,0.015754493862104643,0.0,0.0,0.0,0.013836078070720821,0.0,0.006622222517317724,0.01464842839766895,0.0,0.0,0.0,0.0332013131698748,0.0,0.0,0.06495751564742037,0.056804645926814,0.06429098008845517,0.0,0.0,0.0,0.0,0.0,0.0,0.0,0.0,0.0,0.0,0.0,0.0,0.0,0.0,0.0,0.0,0.0,0.0,0.0072744691778912915,OSD-218,SAMN06465160
0.0,0.0,0.0,0.019797025930066544,0.0,0.0,0.0,0.0,0.0,0.0,0.0,0.0,0.04690581069506479,0.0,0.0,0.0,0.0,0.0,0.0,0.0,0.0,0.0,0.0,0.0,0.0,0.0,0.0,0.0,0.0,0.0,0.0,0.0,0.0,0.0,0.0,0.0,0.0,0.0,0.0,0.0,0.0,0.0,0.0,0.0,0.0,0.0,0.0,0.0,0.0,0.0,0.0,0.0,0.0,0.016759998616773245,0.0,0.0,0.0,0.0,0.0,0.0,0.0,0.0,0.0,0.0,0.0,0.0,0.0,0.0,0.0,0.006366407976371157,0.0,0.0,0.0,0.0,0.0,0.0,0.0,0.0,0.16495525455532045,0.0,0.0,0.0,0.0,0.0,0.0,0.0,0.0,0.0,0.0,0.02968057667977256,0.137936223716409,0.10805326807648787,0.0,0.08067717632993278,0.0,0.0,0.0,0.0,0.0,0.0,0.0,0.0,0.0,0.0,0.0,0.0,0.0,0.0,0.0,0.0,0.0,0.0,0.0,0.0,0.0,0.0,0.0,0.0,0.0,0.0,0.0,0.0,0.0,0.0,0.0,0.0,0.0,0.0,0.0,0.0,0.0,0.0,0.0,0.0,0.0,0.0,0.0,0.0,0.0,0.0,0.0,0.0,0.0,0.0,0.025571362460006023,0.11214238847275837,0.027119831030923615,0.020757847735820855,0.0,0.0,0.0,0.014384693451888099,0.0,0.002490576262443022,0.0,0.0,0.0,0.0,0.0,0.0,0.0,0.06755613811954847,0.0,0.08119663763263299,0.0,0.0,0.0,0.0,0.0,0.0,0.0,0.0,0.0,0.0,0.0,0.0,0.0,0.0,0.0,0.0,0.0,0.0,0.03764878225778021,OSD-218,SAMN06465157
0.0,0.0,0.0,0.01796308162595117,0.0,0.0,0.0,0.0,0.0,0.0,0.0,0.0,0.04733026114928597,0.0,0.0,0.0,0.0,0.0,0.0,0.0,0.0,0.0,0.0,0.0,0.0,0.0,0.0,0.0,0.0,0.0,0.0,0.0,0.0,0.0,0.0,0.0,0.0,0.0,0.0,0.0,0.0,0.0,0.0,0.0,0.0,0.0,0.0,0.0,0.0,0.0,0.0,0.0,0.0,0.016615029623803304,0.0,0.0,0.0,0.0,0.0,0.0,0.0,0.0,0.0,0.0,0.0,0.0,0.0,0.0,0.0,0.0004603897030225375,0.0,0.0,0.0,0.0,0.0,0.0,0.0,0.0,0.1740504767033932,0.0,0.0,0.0,0.0,0.0,0.0,0.0,0.0,0.0,0.0,0.025044798327228696,0.13828410132608127,0.10855461003989865,0.0,0.08103598519132357,0.0,0.0,0.0,0.0,0.0,0.0,0.0,0.0,0.0,0.0,0.0,0.0,0.0,0.0,0.0,0.0,0.0,0.0,0.0,0.0,0.0,0.0,0.0,0.0,0.0,0.0,0.0,0.0,0.0,0.0,0.0,0.0,0.0,0.0,0.0,0.0,0.0,0.0,0.0,0.0,0.0,0.0,0.0,0.0,0.0,0.0,0.0,0.0,0.0,0.0,0.027317711004139836,0.10679479076715807,0.02961517339811757,0.019598123289240394,0.0,0.0,0.000811663692705967,0.014216336006423894,0.0,0.004292184550481343,0.0,0.0,0.0,0.0,0.0,0.0,0.0,0.06980465503297677,0.0,0.08170558690960787,0.0,0.0,0.0,0.0,0.0,0.0,0.0,0.0,0.0,0.0,0.0,0.0,0.0,0.0,0.0,0.0,0.0,0.0,0.03650504165915978,OSD-218,SAMN06465155
0.0,0.0,0.0,0.01960495558621683,0.0,0.0,0.0,0.0,0.0,0.0,0.0,0.0,0.042783390985104655,0.0,0.0,0.0,0.0,0.0,0.0,0.0,0.0,0.0,0.0,0.0,0.0,0.0,0.0,0.0,0.0,0.0,0.0,0.0,0.0,0.0,0.0,0.0,0.0,0.0,0.0,0.0,0.0,0.0,0.0,0.0,0.0,0.0,0.0,0.0,0.0,0.0,0.0,0.0,0.0,0.020648005080511712,0.0,0.0,0.0,0.0,0.0,0.0,0.0,0.0,0.0,0.0,0.0,0.0,0.0,0.0,0.0,0.0012839518677406775,0.0,0.0,0.0,0.0,0.0,0.0,0.0,0.0,0.17312391490314447,0.0,0.0,0.0,0.0,0.0,0.0,0.0,0.0,0.0,0.0,0.03007115548299952,0.13304833933811888,0.10572251773620882,0.0,0.0802210253139205,0.0,0.0,0.0,0.0,0.0,0.0,0.0,0.0,0.0,0.0,0.0,0.0,0.0,0.0,0.0,0.0,0.0,0.0,0.0,0.0,0.0,0.0,0.0,0.0,0.0,0.0,0.0,0.0,0.0,0.0,0.0,0.0,0.0,0.0,0.0,0.0,0.0,0.0,0.0,0.0,0.0,0.0,0.0,0.0,0.0,0.0,0.0,0.0,0.0,0.0,0.02722063357767358,0.10504801992499688,0.029680595075717225,0.020825868218362957,0.0,0.0,0.002430378781256685,0.017296939087965542,0.0,0.0,0.0,0.0,0.0,0.0,0.0,0.0,0.0,0.0645665583084363,0.0,0.08421767646188388,0.0,0.0,0.0,0.0,0.0,0.0,0.0,0.0,0.0,0.0,0.0,0.0,0.0,0.0,0.0,0.0,0.0,0.0,0.04220607426974085,OSD-218,SAMN06465152
0.0,0.0,0.0,0.021066909410501038,0.0,0.0,0.0,0.0,0.0,0.0,0.0,0.0,0.04521355389457575,0.0,0.0,0.0,0.0,0.0,0.0,0.0,0.0,0.0,0.0,0.0,0.0,0.0,0.0,0.0,0.0,0.0,0.0,0.0,0.0,0.0,0.0,0.0,0.0,0.0,0.0,0.0,0.0,0.0,0.0,0.0,0.0,0.0,0.0,0.0,0.0,0.0,0.0,0.0,0.0,0.013790286667158456,0.0,0.0,0.0,0.0,0.0,0.0,0.0,0.0,0.0,0.0,0.0,0.0,0.0,0.0,0.0,0.006420563370923303,0.0,0.0,0.0,0.0,0.0,0.0,0.0,0.0,0.1638372417195895,0.0,0.0,0.0,0.0,0.0,0.0,0.0,0.0,0.0,0.0,0.02546785657327975,0.14071360230437463,0.11151988219953503,0.0,0.08118092517638374,0.0,0.0,0.0,0.0,0.0,0.0,0.0,0.0,0.0,0.0,0.0,0.0,0.0,0.0,0.0,0.0,0.0,0.0,0.0,0.0,0.0,0.0,0.0,0.0,0.0,0.0,0.0,0.0,0.0,0.0,0.0,0.0,0.0,0.0,0.0,0.0,0.0,0.0,0.0,0.0,0.0,0.0,0.0,0.0,0.0,0.0,0.0,0.0,0.0,0.0,0.030490649028170017,0.11013761584307918,0.028189715206125236,0.021183787013322315,0.0,0.0,0.0,0.014904766427715306,0.0,0.0,0.0,0.0,0.0,0.0,0.0,0.0,0.0,0.07193775606621045,0.0,0.07871663925548952,0.0,0.0,0.0,0.0,0.0,0.0,0.0,0.0,0.0,0.0,0.0,0.0,0.0,0.0,0.0,0.0,0.0,0.0,0.035228249843566754,OSD-218,SAMN06465150
0.0,0.0,0.0,0.020434275896608005,0.0,0.0,0.0,0.0,0.0,0.0,0.0,0.0,0.04844251852242475,0.0,0.0,0.0,0.0,0.0,0.0,0.0,0.0,0.0,0.0,0.0,0.0,0.0,0.0,0.0,0.0,0.0,0.0,0.0,0.0,0.0,0.0,0.0,0.0,0.0,0.0,0.0,0.0,0.0,0.0,0.0,0.0,0.0,0.0,0.0,0.0,0.0,0.0,0.0,0.0,0.00905517184065578,0.0,0.0,0.0,0.0,0.0,0.0,0.0,0.0,0.0,0.0,0.0,0.0,0.0,0.0,0.0,0.0,0.0,0.0,0.0,0.0,0.0,0.0,0.0,0.0,0.1827295950401036,0.0,0.0,0.0,0.0,0.0,0.0,0.0,0.0,0.0,0.0,0.023235657858011318,0.13968828355159446,0.10824057869497793,0.0,0.08324474945811593,0.0,0.0,0.0,0.0,0.0,0.0,0.0,0.0,0.0,0.0,0.0,0.0,0.0,0.0,0.0,0.0,0.0,0.0,0.0,0.0,0.0,0.0,0.0,0.0,0.0,0.0,0.0,0.0,0.0,0.0,0.0,0.0,0.0,0.0,0.0,0.0,0.0,0.0,0.0,0.0,0.0,0.0,0.0,0.0,0.0,0.0,0.0,0.0,0.0,0.0,0.03255818761862308,0.1014160537936196,0.029165861764966296,0.01927676630935687,0.0,0.0,0.0,0.01660453943629815,0.0,0.005637195972632035,0.0,0.0,0.0,0.0,0.0035510304720174062,0.0,0.0,0.06367677482507716,0.0,0.08166985733056943,0.0,0.0,0.0,0.0,0.0,0.0,0.0,0.0,0.0,0.0,0.0,0.0,0.0,0.0,0.0,0.0,0.0,0.0,0.031372901614348137,OSD-218,SAMN06465148
0.0,0.0,0.0,0.01917095273099739,0.0,0.0,0.0,0.0,0.0,0.0,0.0,0.0,0.04726236427545201,0.0,0.0,0.0,0.0,0.0,0.0,0.0,0.0,0.0,0.0,0.0,0.0,0.0,0.0,0.0,0.0,0.0,0.0,0.0,0.0,0.0,0.0,0.0,0.0,0.0,0.0,0.0,0.0,0.0,0.0,0.0,0.0,0.0,0.0,0.0,0.0,0.0,0.0,0.0,0.0,0.010415926283549428,0.0,0.0,0.0,0.0,0.0,0.0,0.0,0.0,0.0,0.0,0.0,0.0,0.0,0.0,0.0,0.006115668231621669,0.0,0.0,0.0,0.0,0.0,0.0,0.0,0.0,0.17249855517710802,0.0,0.0,0.0,0.0,0.0,0.0,0.0,0.0,0.0,0.0,0.03206973043749371,0.13962736861455466,0.10310001032888982,0.0,0.0828303444327866,0.0,0.0,0.0,0.0,0.0,0.0,0.0,0.0,0.0,0.0,0.0,0.0,0.0,0.0,0.0,0.0,0.0,0.0,0.0,0.0,0.0,0.0,0.0,0.0,0.0,0.0,0.0,0.0,0.0,0.0,0.0,0.0,0.0,0.0,0.0,0.0,0.0,0.0,0.0,0.0,0.0,0.0,0.0,0.0,0.0,0.0,0.0,0.0,0.0,0.0,0.02885929343279322,0.10323124982303421,0.02923255059252458,0.02283713371525543,0.0,0.0,0.0,0.016166774274483826,0.0,0.0016035626950632984,0.0,0.0,0.0,0.0,0.0030145570276045707,0.0,0.0,0.06817741733078386,0.0,0.07707416678897101,0.0,0.0,0.0,0.0,0.0,0.0,0.0,0.0,0.0,0.0,0.0,0.0,0.0,0.0,0.0,0.0,0.0,0.0,0.036712373807032836,OSD-218,SAMN06465146
0.0,0.0,0.0,0.020966260797891854,0.0,0.0,0.0,0.0,0.0,0.0,0.0,0.0,0.04241240530366783,0.0,0.0,0.0,0.0,0.0,0.0,0.0,0.0,0.0,0.0,0.0,0.0,0.0,0.0,0.0,0.0,0.0,0.0,0.0,0.0,0.0,0.0,0.0,0.0,0.0,0.0,0.0,0.0,0.0,0.0,0.0,0.0,0.0,0.0,0.0,0.0,0.0,0.0,0.0,0.0,0.012739982796387632,0.0,0.0,0.0,0.0,0.0,0.0,0.0,0.0,0.0,0.0,0.0,0.0,0.0,0.0,0.0,0.0033277665606179915,0.0,0.0,0.0,0.0,0.0,0.0,0.0,0.0,0.1770759652499609,0.0,0.0,0.0,0.0,0.0,0.0,0.0,0.0,0.0,0.0,0.026598633359504346,0.1395614904922669,0.10799156305462063,0.0,0.08156737131622152,0.0,0.0,0.0,0.0,0.0,0.0,0.0,0.0,0.0,0.0,0.0,0.0,0.0,0.0,0.0,0.0,0.0,0.0,0.0,0.0,0.0,0.0,0.0,0.0,0.0,0.0,0.0,0.0,0.0,0.0,0.0,0.0,0.0,0.0,0.0,0.0,0.0,0.0,0.0,0.0,0.0,0.0,0.0,0.0,0.0,0.0,0.0,0.0,0.0,0.0,0.0299718207357693,0.09811760626500678,0.026226097343100812,0.022976757809679896,0.0,0.0,0.0,0.017946371764402926,0.0,0.0038773397209427144,0.0,0.0,0.0,0.0,0.0022133062905844705,0.0,0.0,0.06632924923683689,0.0,0.0794693083451899,0.0,0.0,0.0,0.0,0.0,0.0,0.0,0.0,0.0,0.0,0.0,0.0,0.0,0.0,0.0,0.0,0.0,0.0,0.04063070355734663,OSD-218,SAMN06465144
0.0,0.0,0.0,0.020438016349811204,0.0,0.0,0.0,0.0,0.0,0.0,0.0,0.0,0.047274514104678894,0.0,0.0,0.0,0.0,0.0,0.0,0.0,0.0,0.0,0.0,0.0,0.0,0.0,0.0,0.0,0.0,0.0,0.0,0.0,0.0,0.0,0.0,0.0,0.0,0.0,0.0,0.0,0.0,0.0,0.0,0.0,0.0,0.0,0.0,0.0,0.0,0.0,0.0,0.0,0.0,0.009350758951155535,0.0,0.0,0.0,0.0,0.0,0.0,0.0,0.0,0.0,0.0,0.0,0.0,0.0,0.0,0.0,0.005195490275141772,0.0,0.0,0.0,0.0,0.0,0.0,0.0,0.0,0.17700388634157824,0.0,0.0,0.0,0.0,0.0,0.0,0.0,0.0,0.0,0.0,0.017489215856854753,0.13967993818162133,0.10964013240641213,0.0,0.08208007899429934,0.0,0.0,0.0,0.0,0.0,0.0,0.0,0.0,0.0,0.0,0.0,0.0,0.0,0.0,0.0,0.0,0.0,0.0,0.0,0.0,0.0,0.0,0.0,0.0,0.0,0.0,0.0,0.0,0.0,0.0,0.0,0.0,0.0,0.0,0.0,0.0,0.0,0.0,0.0,0.0,0.0,0.0,0.0,0.0,0.0,0.0,0.0,0.0,0.0,0.0,0.02896042520391671,0.10460547384037136,0.025527857190677808,0.020485271800083193,0.0,0.0,0.0,0.016286996178702155,0.0,0.007884403663758808,0.0,0.0,0.0,0.0,0.0,0.0,0.0,0.0698823283610184,0.0,0.07927023760613434,0.0,0.0,0.0,0.0,0.0,0.0,0.0,0.0,0.0,0.0,0.0,0.0,0.0,0.0,0.0,0.0,0.0,0.0,0.03894497469378399,OSD-218,SAMN06465142
0.0,0.0,0.0,0.021029811202833384,0.0,0.0,0.0,0.0,0.0,0.0,0.0,0.0,0.043143789157374025,0.0,0.0,0.0,0.0,0.0,0.0,0.0,0.0,0.0,0.0,0.0,0.0,0.0,0.0,0.0,0.0,0.0,0.0,0.0,0.0,0.0,0.0,0.0,0.0,0.0,0.0,0.0,0.0,0.0,0.0,0.0,0.0,0.0,0.0,0.0,0.0,0.0,0.0,0.0,0.0,0.016879666962124885,0.0,0.0,0.0,0.0,0.0,0.0,0.0,0.0,0.0,0.0,0.0,0.0,0.0,0.0,0.0,6.005347627939003e-05,0.0,0.0,0.0,0.0,0.0,0.0,0.0,0.0,0.18383993035642157,0.0,0.0,0.0,0.0,0.0,0.0,0.0,0.0,0.0,0.0,0.031153522363394713,0.14336709578825807,0.09683618984797013,0.0,0.08618360316509897,0.0,0.0,0.0,0.0,0.0,0.0,0.0,0.0,0.0,0.0,0.0,0.0,0.0,0.0,0.0,0.0,0.0,0.0,0.0,0.0,0.0,0.0,0.0,0.0,0.0,0.0,0.0,0.0,0.0,0.0,0.0,0.0,0.0,0.0,0.0,0.0,0.0,0.0,0.0,0.0,0.0,0.0,0.0,0.0,0.0,0.0,0.0,0.0,0.0,0.0,0.029472401861091485,0.09829663426341867,0.028227576539558857,0.01938808738435719,0.0,0.0,0.003000685424395384,0.01636595978340871,0.0,0.0,0.0,0.0,0.0,0.0,0.006540523634563672,0.0,0.0,0.07643701052342085,0.0,0.06925923788283213,0.0,0.0,0.0,0.0,0.0,0.0,0.0,0.0,0.0,0.0,0.0,0.0,0.0,0.0,0.0,0.0,0.0,0.0,0.030518220383197858,OSD-218,SAMN06465276
0.0,0.0,0.0,0.020656139134665824,0.0,0.0,0.0,0.0,0.0,0.0,0.0,0.0,0.04715852474223586,0.0,0.0,0.0,0.0,0.0,0.0,0.0,0.0,0.0,0.0,0.0,0.0,0.0,0.0,0.0,0.0,0.0,0.0,0.0,0.0,0.0,0.0,0.0,0.0,0.0,0.0,0.0,0.0,0.0,0.0,0.0,0.0,0.0,0.0,0.0,0.0,0.0,0.0,0.0,0.0,0.010894848277732745,0.0,0.0,0.0,0.0,0.0,0.0,0.0,0.0,0.0,0.0,0.0,0.0,0.0,0.0,0.0,0.006864891957439276,0.0,0.0,0.0,0.0,0.0,0.0,0.0,0.0,0.17508911237567265,0.0,0.0,0.0,0.0,0.0,0.0,0.0,0.0,0.0,0.0,0.02991065760875132,0.13957678599913295,0.10175711926132719,0.0,0.08904230310159451,0.0,0.0,0.0,0.0,0.0,0.0,0.0,0.0,0.0,0.0,0.0,0.0,0.0,0.0,0.0,0.0,0.0,0.0,0.0,0.0,0.0,0.0,0.0,0.0,0.0,0.0,0.0,0.0,0.0,0.0,0.0,0.0,0.0,0.0,0.0,0.0,0.0,0.0,0.0,0.0,0.0,0.0,0.0,0.0,0.0,0.0,0.0,0.0,0.0,0.0,0.029008241166637586,0.10397360275847535,0.025465700947439943,0.021237339265132004,0.0,0.0,0.0011621471415638354,0.01583896438012283,0.0,0.008369154038284135,0.0,0.0,0.0,0.0,0.0042990527596535955,0.0,0.0,0.069737736691618,0.0,0.0706898454703024,0.0,0.0,0.0,0.0,0.0,0.0,0.0,0.0,0.0,0.0,0.0,0.0,0.0,0.0,0.0,0.0,0.0,0.0,0.02926783292221813,OSD-218,SAMN06465275
0.0,0.0,0.0,0.02056245157605938,0.0,0.0,0.0,0.0,0.0,0.0,0.0,0.0,0.05013893296558782,0.0,0.0,0.0,0.0,0.0,0.0,0.0,0.0,0.0,0.0,0.0,0.0,0.0,0.0,0.0,0.0,0.0,0.0,0.0,0.0,0.0,0.0,0.0,0.0,0.0,0.0,0.0,0.0,0.0,0.0,0.0,0.0,0.0,0.0,0.0,0.0,0.0,0.0,0.0,0.0,0.007549549203112309,0.0,0.0,0.0,0.0,0.0,0.0,0.0,0.0,0.0,0.0,0.0,0.0,0.0,0.0,0.0,0.007457547221875653,0.0,0.0,0.0,0.0,0.0,0.0,0.0,0.0,0.1784196727530175,0.0,0.0,0.0,0.0,0.0,0.0,0.0,0.0,0.0,0.0,0.027423485122540035,0.13870387307740695,0.10327551201845145,0.0,0.08527989670566109,0.0,0.0,0.0,0.0,0.0,0.0,0.0,0.0,0.0,0.0,0.0,0.0,0.0,0.0,0.0,0.0,0.0,0.0,0.0,0.0,0.0,0.0,0.0,0.0,0.0,0.0,0.0,0.0,0.0,0.0,0.0,0.0,0.0,0.0,0.0,0.0,0.0,0.0,0.0,0.0,0.0,0.0,0.0,0.0,0.0,0.0,0.0,0.0,0.0,0.0,0.027445012899688724,0.11151978377522295,0.02732502954910103,0.02200060400097043,0.0,0.0,0.0006234743333005842,0.015582768006774462,0.0,0.008365823473690963,0.0,0.0,0.0,0.0,0.005107324630394018,0.0,0.0,0.06991194966048629,0.0,0.0691516009176944,0.0,0.0,0.0,0.0,0.0,0.0,0.0,0.0,0.0,0.0,0.0,0.0,0.0,0.0,0.0,0.0,0.0,0.0,0.024155708108963867,OSD-218,SAMN06465273
0.0,0.0,0.0,0.019857506908033427,0.0,0.0,0.0,0.0,0.0,0.0,0.0,0.0,0.046402332285683884,0.0,0.0,0.0,0.0,0.0,0.0,0.0,0.0,0.0,0.0,0.0,0.0,0.0,0.0,0.0,0.0,0.0,0.0,0.0,0.0,0.0,0.0,0.0,0.0,0.0,0.0,0.0,0.0,0.0,0.0,0.0,0.0,0.0,0.0,0.0,0.0,0.0,0.0,0.0,0.0,0.011207035349640801,0.0,0.0,0.0,0.0,0.0,0.0,0.0,0.0,0.0,0.0,0.0,0.0,0.0,0.0,0.0,0.008710562568656308,0.0,0.0,0.0,0.0,0.0,0.0,0.0,0.0,0.17525764154659376,0.0,0.0,0.0,0.0,0.0,0.0,0.0,0.0,0.0,0.0,0.027220200015053826,0.14246897764124614,0.10135569948640377,0.0,0.08635835196984498,0.0,0.0,0.0,0.0,0.0,0.0,0.0,0.0,0.0,0.0,0.0,0.0,0.0,0.0,0.0,0.0,0.0,0.0,0.0,0.0,0.0,0.0,0.0,0.0,0.0,0.0,0.0,0.0,0.0,0.0,0.0,0.0,0.0,0.0,0.0,0.0,0.0,0.0,0.0,0.0,0.0,0.0,0.0,0.0,0.0,0.0,0.0,0.0,0.0,0.0,0.030097070787134937,0.10639584705201681,0.024759071441281203,0.023499015217793864,0.0,0.0,0.0,0.014846560831044027,0.0,0.008215481974818242,0.0,0.0,0.0,0.0,0.00461287925555687,0.0,0.0,0.07164460174409795,0.0,0.07011580169012262,0.0,0.0,0.0,0.0,0.0,0.0,0.0,0.0,0.0,0.0,0.0,0.0,0.0,0.0,0.0,0.0,0.0,0.0,0.026975362234976354,OSD-218,SAMN06465272
0.0,0.0,0.0,0.02215624040729739,0.0,0.0,0.0,0.0,0.0,0.0,0.0,0.0,0.04701646321944152,0.0,0.0,0.0,0.0,0.0,0.0,0.0,0.0,0.0,0.0,0.0,0.0,0.0,0.0,0.0,0.0,0.0,0.0,0.0,0.0,0.0,0.0,0.0,0.0,0.0,0.0,0.0,0.0,0.0,0.0,0.0,0.0,0.0,0.0,0.0,0.0,0.0,0.0,0.0,0.0,0.00666497752761639,0.0,0.0,0.0,0.0,0.0,0.0,0.0,0.0,0.0,0.0,0.0,0.0,0.0,0.0,0.0,0.006344871258350251,0.0,0.0,0.0,0.0,0.0,0.0,0.0,0.0,0.18387244942660347,0.0,0.0,0.0,0.0,0.0,0.0,0.0,0.0,0.0,0.0,0.025128923829372308,0.1431836029499365,0.1025092298195546,0.0,0.08684480257987374,0.0,0.0,0.0,0.0,0.0,0.0,0.0,0.0,0.0,0.0,0.0,0.0,0.0,0.0,0.0,0.0,0.0,0.0,0.0,0.0,0.0,0.0,0.0,0.0,0.0,0.0,0.0,0.0,0.0,0.0,0.0,0.0,0.0,0.0,0.0,0.0,0.0,0.0,0.0,0.0,0.0,0.0,0.0,0.0,0.0,0.0,0.0,0.0,0.0,0.0,0.02505068984111935,0.09551433308703529,0.027630147181692807,0.02312182152736412,0.0,0.0,0.0,0.01819314539221742,0.0,0.008639856066236271,0.0,0.0,0.0,0.0,0.005244797730326652,0.0,0.0,0.0691127982311253,0.0,0.0734521237793259,0.0,0.0,0.0,0.0,0.0,0.0,0.0,0.0,0.0,0.0,0.0,0.0,0.0,0.0,0.0,0.0,0.0,0.0,0.03031872614551048,OSD-218,SAMN06465270
0.0,0.0,0.0,0.022121642172504768,0.0,0.0,0.0,0.0,0.0,0.0,0.0,0.0,0.045130131413906385,0.0,0.0,0.0,0.0,0.0,0.0,0.0,0.0,0.0,0.0,0.0,0.0,0.0,0.0,0.0,0.0,0.0,0.0,0.0,0.0,0.0,0.0,0.0,0.0,0.0,0.0,0.0,0.0,0.0,0.0,0.0,0.0,0.0,0.0,0.0,0.0,0.0,0.0,0.0,0.0,0.011630625828171606,0.0,0.0,0.0,0.0,0.0,0.0,0.0,0.0,0.0,0.0,0.0,0.0,0.0,0.0,0.0,0.005706348620114208,0.0,0.0,0.0,0.0,0.0,0.0,0.0,0.0,0.17223654169056307,0.0,0.0,0.0,0.0,0.0,0.0,0.0,0.0,0.0,0.0,0.03241046447810539,0.1419227888413359,0.10292893934410392,0.0,0.08197325101434173,0.0,0.0,0.0,0.0,0.0,0.0,0.0,0.0,0.0,0.0,0.0,0.0,0.0,0.0,0.0,0.0,0.0,0.0,0.0,0.0,0.0,0.0,0.0,0.0,0.0,0.0,0.0,0.0,0.0,0.0,0.0,0.0,0.0,0.0,0.0,0.0,0.0,0.0,0.0,0.0,0.0,0.0,0.0,0.0,0.0,0.0,0.0,0.0,0.0,0.0,0.024165769360498825,0.0982207826421203,0.02798208660109113,0.022603118483203122,0.0,0.0,0.004652986718556193,0.017607141973581354,0.0,0.005798733870954515,0.0,0.0,0.0,0.0,0.009690833209730996,0.0,0.0,0.07187985432802185,0.0,0.07246743582200096,0.0,0.0,0.0,0.0,0.0,0.0,0.0,0.0,0.0,0.0,0.0,0.0,0.0,0.0,0.0,0.0,0.0,0.0,0.02887052358709376,OSD-218,SAMN06465269
0.0,0.0,0.0,0.021099581876723738,0.0,0.0,0.0,0.0,0.0,0.0,0.0,0.0,0.044602745676267784,0.0,0.0,0.0,0.0,0.0,0.0,0.0,0.0,0.0,0.0,0.0,0.0,0.0,0.0,0.0,0.0,0.0,0.0,0.0,0.0,0.0,0.0,0.0,0.0,0.0,0.0,0.0,0.0,0.0,0.0,0.0,0.0,0.0,0.0,0.0,0.0,0.0,0.0,0.0,0.0,0.010103742673541806,0.0,0.0,0.0,0.0,0.0,0.0,0.0,0.0,0.0,0.0,0.0,0.0,0.0,0.0,0.0,0.010018153519451192,0.0,0.0,0.0,0.0,0.0,0.0,0.0,0.0,0.17535190179105226,0.0,0.0,0.0,0.0,0.0,0.0,0.0,0.0,0.0,0.0,0.02774223914327938,0.1440770965421507,0.10243513713090828,0.0,0.08559500431819327,0.0,0.0,0.0,0.0,0.0,0.0,0.0,0.0,0.0,0.0,0.0,0.0,0.0,0.0,0.0,0.0,0.0,0.0,0.0,0.0,0.0,0.0,0.0,0.0,0.0,0.0,0.0,0.0,0.0,0.0,0.0,0.0,0.0,0.0,0.0,0.0,0.0,0.0,0.0,0.0,0.0,0.0,0.0,0.0,0.0,0.0,0.0,0.0,0.0,0.0,0.025751984291730597,0.09739100442668928,0.026299098283844555,0.019990093705375377,0.0,0.0,0.00074228222223971,0.01691174787364121,0.0,0.01251423822491909,0.0,0.0,0.0,0.0,0.008390469762209205,0.0,0.0,0.06918270518254019,0.0,0.07520432153955835,0.0,0.0,0.0,0.0,0.0,0.0,0.0,0.0,0.0,0.0,0.0,0.0,0.0,0.0,0.0,0.0,0.0,0.0,0.026596451815684114,OSD-218,SAMN06465268
0.0,0.0,0.0,0.021174334834951337,0.0,0.0,0.0,0.0,0.0,0.0,0.0,0.0,0.050698797673066925,0.0,0.0,0.0,0.0,0.0,0.0,0.0,0.0,0.0,0.0,0.0,0.0,0.0,0.0,0.0,0.0,0.0,0.0,0.0,0.0,0.0,0.0,0.0,0.0,0.0,0.0,0.0,0.0,0.0,0.0,0.0,0.0,0.0,0.0,0.0,0.0,0.0,0.0,0.0,0.0,0.0064803157786895455,0.0,0.0,0.0,0.0,0.0,0.0,0.0,0.0,0.0,0.0,0.0,0.0,0.0,0.0,0.0,0.005618551302088556,0.0,0.0,0.0,0.0,0.0,0.0,0.0,0.0,0.1827528648743473,0.0,0.0,0.0,0.0,0.0,0.0,0.0,0.0,0.0,0.0,0.01897403831101641,0.14682186216140428,0.10178597570000739,0.0,0.08617103994476405,0.0,0.0,0.0,0.0,0.0,0.0,0.0,0.0,0.0,0.0,0.0,0.0,0.0,0.0,0.0,0.0,0.0,0.0,0.0,0.0,0.0,0.0,0.0,0.0,0.0,0.0,0.0,0.0,0.0,0.0,0.0,0.0,0.0,0.0,0.0,0.0,0.0,0.0,0.0,0.0,0.0,0.0,0.0,0.0,0.0,0.0,0.0,0.0,0.0,0.0,0.028041744634002157,0.09114435793045918,0.025639145863428345,0.021589802292246704,0.0,0.0,0.0036916584178723405,0.018401610803382772,0.0,0.014917913775829779,0.0,0.0,0.0,0.0,0.001325980515609818,0.0,0.0,0.07347176691580527,0.0,0.07725801604568402,0.0,0.0,0.0,0.0,0.0,0.0,0.0,0.0,0.0,0.0,0.0,0.0,0.0,0.0,0.0,0.0,0.0,0.0,0.024040222225343875,OSD-218,SAMN06465267
0.0,0.0,0.0,0.02043131913296705,0.0,0.0,0.0,0.0,0.0,0.0,0.0,0.0,0.05852537007253694,0.0,0.0,0.0,0.0,0.0,0.0,0.0,0.0,0.0,0.0,0.0,0.0,0.0,0.0,0.0,0.0,0.0,0.0,0.0,0.0,0.0,0.0,0.0,0.0,0.0,0.0,0.0,0.0,0.0,0.0,0.0,0.0,0.0,0.0,0.0,0.0,0.0,0.0,0.0,0.0,0.0,0.0,0.0,0.0,0.0,0.0,0.0,0.0,0.0,0.0,0.0,0.0,0.0,0.0,0.0,0.0,0.0,0.0,0.0,0.0,0.0,0.0,0.0,0.0,0.0,0.14501188797123132,0.0,0.0,0.0,0.0,0.0,0.0,0.0,0.0,0.0,0.0,0.020674889576750143,0.17409260466485194,0.10984249091147312,0.0,0.06803609712984779,0.0,0.0,0.0,0.0,0.0,0.0,0.0,0.0,0.0,0.0,0.0,0.0,0.0,0.0,0.0,0.0,0.0,0.0,0.0,0.0,0.0,0.0,0.0,0.0,0.0,0.0,0.0,0.0,0.0,0.0,0.0,0.0,0.0,0.0,0.0,0.0,0.018781406727669005,0.0,0.0,0.0,0.0,0.0,0.0,0.0,0.0,0.0,0.0,0.0,0.0,0.0,0.02296608658167516,0.08507159044668941,0.03472767543678971,0.030318907157064402,0.0,0.0,0.0,0.01376127546882446,0.0,0.0,0.0,0.0,0.0,0.0,0.015889682991693015,0.0,0.0,0.0796054831673132,0.0,0.06619765516128463,0.0,0.0,0.0,0.0,0.0,0.0,0.0,0.0,0.0,0.0,0.0,0.0,0.0,0.0,0.0,0.0,0.0,0.021985699144312063,0.0140798782570267,OSD-223,F08
0.0,0.0,0.0,0.02084049640957268,0.0,0.0,0.0,0.0,0.0,0.0,0.0,0.0,0.05923228171126107,0.0,0.0,0.0,0.0,0.0,0.0,0.0,0.0,0.0,0.0,0.0,0.0,0.0,0.0,0.0,0.0,0.0,0.0,0.0,0.0,0.0,0.0,0.0,0.0,0.0,0.0,0.0,0.0,0.0,0.0,0.0,0.0,0.0,0.0,0.0,0.0,0.0,0.0,0.0,0.0,0.0,0.0,0.0,0.0,0.0,0.0,0.0,0.0,0.0,0.0,0.0,0.0,0.0,0.0,0.0,0.0,0.0,0.0,0.0,0.0,0.0,0.0,0.0,0.0,0.0,0.1450012758001595,0.0,0.0,0.0,0.0,0.0,0.0,0.0,0.0,0.0,0.0,0.015387601242412239,0.1773415889431853,0.10986065443055476,0.0,0.06633547809492096,0.0,0.0,0.0,0.0,0.0,0.0,0.0,0.0,0.0,0.0,0.0,0.0,0.0,0.0,0.0,0.0,0.0,0.0,0.0,0.0,0.0,0.0,0.0,0.0,0.0,0.0,0.0,0.0,0.0,0.0,0.0,0.0,0.0,0.0,0.0,0.0,0.021442941311502456,0.0,0.0,0.0,0.0,0.0,0.0,0.0,0.0,0.0,0.0,0.0,0.0,0.0,0.020434919139389485,0.08985061552108224,0.03268016808543846,0.026330579196439077,0.0,0.0,0.0015987065383422478,0.012294765088835181,0.0,0.0,0.0,0.0,0.0,0.0,0.019671791749213786,0.0,0.0,0.07747786990050166,0.0,0.06796979239886948,0.0,0.0,0.0,0.0,0.0,0.0,0.0,0.0,0.0,0.0,0.0,0.0,0.0,0.0,0.0,0.0,0.0,0.028262069119542554,0.00798640531877669,OSD-223,F18
0.0,0.0,0.0,0.02098093370108666,0.0,0.0,0.0,0.0,0.0,0.0,0.0,0.0,0.05051939441220411,0.0,0.0,0.0,0.0,0.0,0.0,0.0,0.0,0.0,0.0,0.0,0.0,0.0,0.0,0.0,0.0,0.0,0.0,0.0,0.0,0.0,0.0,0.0,0.0,0.0,0.0,0.019899406311428794,0.0,0.0,0.0,0.0,0.0,0.0,0.0,0.0,0.0,0.0,0.0,0.0,0.0,0.0,0.0,0.0,0.0,0.0,0.0,0.0,0.0,0.0,0.0,0.0,0.0,0.0,0.0,0.0,0.0,0.0,0.0,0.0,0.0,0.0,0.0,0.0,0.0,0.0,0.1422523554431579,0.0,0.0,0.0,0.0,0.0,0.0,0.0,0.0,0.0,0.0,0.008827020286554266,0.17337114231740788,0.11242023422438562,0.0,0.0688656967107601,0.0,0.0,0.0,0.0,0.0,0.0,0.0,0.0,0.0,0.0,0.0,0.0,0.0,0.0,0.0,0.0,0.0,0.0,0.0,0.0,0.0,0.0,0.0,0.0,0.0,0.0,0.0,0.0,0.0,0.0,0.0,0.0,0.0,0.0,0.0,0.0,0.021593597481449945,0.0,0.0,0.0,0.0,0.0,0.0,0.0,0.0,0.0,0.0,0.0,0.0,0.0,0.019918821002550394,0.08964564979305463,0.030271150939873974,0.02685973651000068,0.0,0.0,0.0,0.012852872177582563,0.0,0.0,0.0,0.0,0.0,0.0,0.01559183625537938,0.0,0.0,0.07467549269227172,0.0,0.06901654384615054,0.0,0.0,0.0,0.0,0.0,0.0,0.0,0.0,0.0,0.0,0.0,0.0,0.0,0.0,0.0,0.0,0.0,0.030996154204247117,0.011441961690453542,OSD-223,F03
0.0,0.0,0.0,0.0204676703778207,0.0,0.0,0.0,0.0,0.0,0.0,0.0,0.0,0.05840598274709852,0.0,0.0,0.0,0.0,0.0,0.0,0.0,0.0,0.0,0.0,0.0,0.0,0.0,0.0,0.0,0.0,0.0,0.0,0.0,0.0,0.0,0.0,0.0,0.0,0.0,0.0,0.005730501670103241,0.0,0.0,0.0,0.0,0.0,0.0,0.0,0.0,0.0,0.0,0.0,0.0,0.0,0.0,0.0,0.0,0.0,0.0,0.0,0.0,0.0,0.0,0.0,0.0,0.0,0.0,0.0,0.0,0.0,0.0,0.0,0.0,0.0,0.0,0.0,0.0,0.0,0.0,0.1442802071355639,0.0,0.0,0.0,0.0,0.0,0.0,0.0,0.0,0.0,0.0,0.01426436763146546,0.17798832464367448,0.11004141589851996,0.0,0.06755905009179891,0.0,0.0,0.0,0.0,0.0,0.0,0.0,0.0,0.0,0.0,0.0,0.0,0.0,0.0,0.0,0.0,0.0,0.0,0.0,0.0,0.0,0.0,0.0,0.0,0.0,0.0,0.0,0.0,0.0,0.0,0.0,0.0,0.0,0.0,0.0,0.0,0.020907107003390258,0.0,0.0,0.0,0.0,0.0,0.0,0.0,0.0,0.0,0.0,0.0,0.0,0.0,0.020655882251455492,0.08663317942204679,0.03300769048072953,0.02804920879731659,0.0,0.0,0.0,0.012917811432413537,0.0,0.0,0.0,0.0,0.0,0.0,0.020374171603042727,0.0,0.0,0.08206814859190019,0.0,0.06901867871232363,0.0,0.0,0.0,0.0,0.0,0.0,0.0,0.0,0.0,0.0,0.0,0.0,0.0,0.0,0.0,0.0,0.0,0.024181185845606343,0.003449415663729654,OSD-223,F13
0.0,0.0,0.0,0.021627242860705508,0.0,0.0,0.0,0.0,0.0,0.0,0.0,0.0,0.06017472353905682,0.0,0.0,0.0,0.0,0.0,0.0,0.0,0.0,0.0,0.0,0.0,0.0,0.0,0.0,0.0,0.0,0.0,0.0,0.0,0.0,0.0,0.0,0.0,0.0,0.0,0.0,0.0,0.0,0.0,0.0,0.0,0.0,0.0,0.0,0.0,0.0,0.0,0.0,0.0,0.0,0.0,0.0,0.0,0.0,0.0,0.0,0.0,0.0,0.0,0.0,0.0,0.0,0.0,0.0,0.0,0.0,0.0,0.0,0.0,0.0,0.0,0.0,0.0,0.0,0.0,0.14688209041226064,0.0,0.0,0.0,0.0,0.0,0.0,0.0,0.0,0.0,0.0,0.030746322567777467,0.18194173894551988,0.10374526021077274,0.0,0.06560808162494722,0.0,0.0,0.0,0.0,0.0,0.0,0.0,0.0,0.0,0.0,0.0,0.0,0.0,0.0,0.0,0.0,0.0,0.0,0.0,0.0,0.0,0.0,0.0,0.0,0.0,0.0,0.0,0.0,0.0,0.0,0.0,0.0,0.0,0.0,0.0,0.0,0.015072049042356248,0.0,0.0,0.0,0.0,0.0,0.0,0.0,0.0,0.0,0.0,0.0,0.0,0.0,0.022504451327707654,0.08465299852296584,0.03267603562997022,0.028846149776906853,0.0,0.0,0.0004986576751261951,0.012979473720038458,0.0,0.0,0.0,0.0,0.0,0.0,0.017480119603045494,0.0,0.0,0.08378292427199756,0.0,0.06775556810364905,0.0,0.0,0.0,0.0,0.0,0.0,0.0,0.0,0.0,0.0,0.0,0.0,0.0,0.0,0.0,0.0,0.0,0.017395550898138802,0.005630561267057219,OSD-223,F28
0.0,0.0,0.0,0.0260592988409407,0.0,0.0,0.0,0.0,0.0,0.0,0.0,0.0,0.055435896718773386,0.0,0.0,0.0,0.0,0.0,0.0,0.0,0.0,0.0,0.0,0.0,0.0,0.0,0.0,0.0,0.0,0.0,0.0,0.0,0.0,0.0,0.0,0.0,0.0,0.0,0.0,0.0014599657262839452,0.0,0.0,0.0,0.0,0.0,0.0,0.0,0.0,0.0,0.0,0.0,0.0,0.0,0.0,0.0,0.0,0.0,0.0,0.0,0.0,0.0,0.0,0.0,0.0,0.0,0.0,0.0,0.0,0.0,0.0,0.0,0.0,0.0,0.0,0.0,0.0,0.0,0.0,0.14632065670084493,0.0,0.0,0.0,0.0,0.0,0.0,0.0,0.0,0.0,0.0,0.019788259854038794,0.18149073439391739,0.10631467317082773,0.0,0.06441522137258686,0.0,0.0,0.0,0.0,0.0,0.0,0.0,0.0,0.0,0.0,0.0,0.0,0.0,0.0,0.0,0.0,0.0,0.0,0.0,0.0,0.0,0.0,0.0,0.0,0.0,0.0,0.0,0.0,0.0,0.0,0.0,0.0,0.0,0.0,0.0,0.0,0.014943938907710121,0.0,0.0,0.0,0.0,0.0,0.0,0.0,0.0,0.0,0.0,0.0,0.0,0.0,0.020256957270061614,0.08472147492395202,0.029722016171574495,0.02896194563551894,0.0,0.0,0.0,0.03209113228660634,0.0,0.0,0.0,0.0,0.0,0.0,0.010027814591900532,0.0,0.0,0.07915239419896734,0.0,0.06851865909499798,0.0,0.0,0.0,0.0,0.0,0.0,0.0,0.0,0.0,0.0,0.0,0.0,0.0,0.0,0.0,0.0,0.0,0.023318024109131877,0.007000936031365123,OSD-223,F38
0.0,0.0,0.0,0.021630829391745786,0.0,0.0,0.0,0.0,0.0,0.0,0.0,0.0,0.04872839143033307,0.0,0.0,0.0,0.0,0.0,0.0,0.0,0.0,0.0,0.0,0.0,0.0,0.0,0.0,0.0,0.0,0.0,0.0,0.0,0.0,0.0,0.0,0.0,0.0,0.0,0.0,0.023686015745926988,0.0,0.0,0.0,0.0,0.0,0.0,0.0,0.0,0.0,0.0,0.0,0.0,0.0,0.0,0.0,0.0,0.0,0.0,0.0,0.0,0.0,0.0,0.0,0.0,0.0,0.0,0.0,0.0,0.0,0.0,0.0,0.0,0.0,0.0,0.0,0.0,0.0,0.0,0.14261969854190917,0.0,0.0,0.0,0.0,0.0,0.0,0.0,0.0,0.0,0.0,0.010508373666228412,0.1735026028572807,0.10741170690495841,0.0,0.06418985197785142,0.0,0.0,0.0,0.0,0.0,0.0,0.0,0.0,0.0,0.0,0.0,0.0,0.0,0.0,0.0,0.0,0.0,0.0,0.0,0.0,0.0,0.0,0.0,0.0,0.0,0.0,0.0,0.0,0.0,0.0,0.0,0.0,0.0,0.0,0.0,0.0,0.026718136353221157,0.0,0.0,0.0,0.0,0.0,0.0,0.0,0.0,0.0,0.0,0.0,0.0,0.0,0.021030103109393985,0.09224180861030035,0.029978778383896662,0.026031569269055265,0.0,0.0,0.0013910205871608859,0.012951269485277916,0.0,0.0,0.0,0.0,0.0,0.0,0.016157406370707932,0.0,0.0,0.07649382437245009,0.0,0.06741393299017767,0.0,0.0,0.0,0.0,0.0,0.0,0.0,0.0,0.0,0.0,0.0,0.0,0.0,0.0,0.0,0.0,0.0,0.024682731350668993,0.012631948601454985,OSD-223,F23
0.0,0.0,0.0,0.022065086954500313,0.0,0.0,0.0,0.0,0.0,0.0,0.0,0.0,0.06151135174472879,0.0,0.0,0.0,0.0,0.0,0.0,0.0,0.0,0.0,0.0,0.0,0.0,0.0,0.0,0.0,0.0,0.0,0.0,0.0,0.0,0.0,0.0,0.0,0.0,0.0,0.0,0.0,0.0,0.0,0.0,0.0,0.0,0.0,0.0,0.0,0.0,0.0,0.0,0.0,0.0,0.0,0.0,0.0,0.0,0.0,0.0,0.0,0.0,0.0,0.0,0.0,0.0,0.0,0.0,0.0,0.0,0.0,0.0,0.0,0.0,0.0,0.0,0.0,0.0,0.0,0.1442719325827178,0.0,0.0,0.0,0.0,0.0,0.0,0.0,0.0,0.0,0.0,0.028104246768211768,0.17676109023188394,0.11019410580943882,0.0,0.06726272228223251,0.0,0.0,0.0,0.0,0.0,0.0,0.0,0.0,0.0,0.0,0.0,0.0,0.0,0.0,0.0,0.0,0.0,0.0,0.0,0.0,0.0,0.0,0.0,0.0,0.0,0.0,0.0,0.0,0.0,0.0,0.0,0.0,0.0,0.0,0.0,0.0,0.007969516784824968,0.0,0.0,0.0,0.0,0.0,0.0,0.0,0.0,0.0,0.0,0.0,0.0,0.0,0.021612135896481838,0.08814304134610569,0.03073449985236277,0.027529828192121672,0.0,0.0,0.0016386776185325898,0.013065435370245192,0.0,0.0,0.0,0.0,0.0,0.0,0.017310524518426556,0.0,0.0,0.08402211301719584,0.0,0.06780052124743353,0.0,0.0,0.0,0.0,0.0,0.0,0.0,0.0,0.0,0.0,0.0,0.0,0.0,0.0,0.0,0.0,0.0,0.022650141881756847,0.007353027900798797,OSD-223,F33
0.0,0.0,0.0,0.022203039469805563,0.0,0.0,0.0,0.0,0.0,0.0,0.0,0.0,0.053888170012591524,0.0,0.0,0.0,0.0,0.0,0.0,0.0,0.0,0.0,0.0,0.0,0.0,0.0,0.0,0.0,0.0,0.0,0.0,0.0,0.0,0.0,0.0,0.0,0.0,0.0,0.0,0.020759892556733876,0.0,0.0,0.0,0.0,0.0,0.0,0.0,0.0,0.0,0.0,0.0,0.0,0.0,0.0,0.0,0.0,0.0,0.0,0.0,0.0,0.0,0.0,0.0,0.0,0.0,0.0,0.0,0.0,0.0,0.0,0.0,0.0,0.0,0.0,0.0,0.0,0.0,0.0,0.14128009451556775,0.0,0.0,0.0,0.0,0.0,0.0,0.0,0.0,0.0,0.0,0.010666400180666056,0.1717607863857654,0.10374622379461688,0.0,0.06966828454437211,0.0,0.0,0.0,0.0,0.0,0.0,0.0,0.0,0.0,0.0,0.0,0.0,0.0,0.0,0.0,0.0,0.0,0.0,0.0,0.0,0.0,0.0,0.0,0.0,0.0,0.0,0.0,0.0,0.0,0.0,0.0,0.0,0.0,0.0,0.0,0.0,0.026092079586852786,0.0,0.0,0.0,0.0,0.0,0.0,0.0,0.0,0.0,0.0,0.0,0.0,0.0,0.02029727016214325,0.09163469019242834,0.029038913903726704,0.026617553769740072,0.0,0.0,0.0023182544451790404,0.013102333986600066,0.0,0.0,0.0,0.0,0.0,0.0,0.015509163565259587,0.0,0.0,0.07593593988882462,0.0,0.07055444777545845,0.0,0.0,0.0,0.0,0.0,0.0,0.0,0.0,0.0,0.0,0.0,0.0,0.0,0.0,0.0,0.0,0.0,0.027645415275086294,0.007281045988581741,OSD-223,F48
0.0,0.0,0.0,0.020175602911900525,0.0,0.0,0.0,0.0,0.0,0.0,0.0,0.0,0.05426092997464803,0.0,0.0,0.0,0.0,0.0,0.0,0.0,0.0,0.0,0.0,0.0,0.0,0.0,0.0,0.0,0.0,0.0,0.0,0.0,0.0,0.0,0.0,0.0,0.0,0.0,0.0,0.02194022838919159,0.0,0.0,0.0,0.0,0.0,0.0,0.0,0.0,0.0,0.0,0.0,0.0,0.0,0.0,0.0,0.0,0.0,0.0,0.0,0.0,0.0,0.0,0.0,0.0,0.0,0.0,0.0,0.0,0.0,0.0,0.0,0.0,0.0,0.0,0.0,0.0,0.0,0.0,0.13649348955667978,0.0,0.0,0.0,0.0,0.0,0.0,0.0,0.0,0.0,0.0,0.012268886092715684,0.17068022641671587,0.11106849178961146,0.0,0.061546033938959126,0.0,0.0,0.0,0.0,0.0,0.0,0.0,0.0,0.0,0.0,0.0,0.0,0.0,0.0,0.0,0.0,0.0,0.0,0.0,0.0,0.0,0.0,0.0,0.0,0.0,0.0,0.0,0.0,0.0,0.0,0.0,0.0,0.0,0.0,0.0,0.0,0.02715803777015919,0.0,0.0,0.0,0.0,0.0,0.0,0.0,0.0,0.0,0.0,0.0,0.0,0.0,0.016647378040873913,0.09422189636248055,0.033139467373909506,0.026826533321483256,0.0,0.0,0.0,0.014178993855839397,0.0,0.0,0.0,0.0,0.0,0.0,0.01330924992921632,0.0,0.0,0.0767322284142247,0.0,0.06673902741948384,0.0,0.0,0.0,0.0,0.0,0.0,0.0,0.0,0.0,0.0,0.0,0.0,0.0,0.0,0.0,0.0,0.0,0.025490681170574157,0.017122617271332977,OSD-223,F58
0.0,0.0,0.0,0.0202624261150757,0.0,0.0,0.0,0.0,0.0,0.0,0.0,0.0,0.051833137044159934,0.0,0.0,0.0,0.0,0.0,0.0,0.0,0.0,0.0,0.0,0.0,0.0,0.0,0.0,0.0,0.0,0.0,0.0,0.0,0.0,0.0,0.0,0.0,0.0,0.0,0.0,0.01725213326685156,0.0,0.0,0.0,0.0,0.0,0.0,0.0,0.0,0.0,0.0,0.0,0.0,0.0,0.0,0.0,0.0,0.0,0.0,0.0,0.0,0.0,0.0,0.0,0.0,0.0,0.0,0.0,0.0,0.0,0.0,0.0,0.0,0.0,0.0,0.0,0.0,0.0,0.0,0.14348167142121476,0.0,0.0,0.0,0.0,0.0,0.0,0.0,0.0,0.0,0.0,0.008096746958551875,0.181419592486606,0.10437667153211307,0.0,0.07055255191965028,0.0,0.0,0.0,0.0,0.0,0.0,0.0,0.0,0.0,0.0,0.0,0.0,0.0,0.0,0.0,0.0,0.0,0.0,0.0,0.0,0.0,0.0,0.0,0.0,0.0,0.0,0.0,0.0,0.0,0.0,0.0,0.0,0.0,0.0,0.0,0.0,0.026865844827551586,0.0,0.0,0.0,0.0,0.0,0.0,0.0,0.0,0.0,0.0,0.0,0.0,0.0,0.019589993334074622,0.09011328050277659,0.031957818750699564,0.027506698500426342,0.0,0.0,0.0,0.013679294294921216,0.0,0.0,0.0,0.0,0.0,0.0,0.015336446665550757,0.0,0.0,0.07459637987442938,0.0,0.06784148283892553,0.0,0.0,0.0,0.0,0.0,0.0,0.0,0.0,0.0,0.0,0.0,0.0,0.0,0.0,0.0,0.0,0.0,0.031529875507885434,0.0037079541585357183,OSD-223,F43
0.0,0.0,0.0,0.021582497893613925,0.0,0.0,0.0,0.0,0.0,0.0,0.0,0.0,0.05154375724528232,0.0,0.0,0.0,0.0,0.0,0.0,0.0,0.0,0.0,0.0,0.0,0.0,0.0,0.0,0.0,0.0,0.0,0.0,0.0,0.0,0.0,0.0,0.0,0.0,0.0,0.0,0.02709393744568659,0.0,0.0,0.0,0.0,0.0,0.0,0.0,0.0,0.0,0.0,0.0,0.0,0.0,0.0,0.0,0.0,0.0,0.0,0.0,0.0,0.0,0.0,0.0,0.0,0.0,0.0,0.0,0.0,0.0,0.0,0.0,0.0,0.0,0.0,0.0,0.0,0.0,0.0,0.14173935392650042,0.0,0.0,0.0,0.0,0.0,0.0,0.0,0.0,0.0,0.0,0.00875524727514354,0.17714042128388954,0.10697055127070716,0.0,0.06557034869499727,0.0,0.0,0.0,0.0,0.0,0.0,0.0,0.0,0.0,0.0,0.0,0.0,0.0,0.0,0.0,0.0,0.0,0.0,0.0,0.0,0.0,0.0,0.0,0.0,0.0,0.0,0.0,0.0,0.0,0.0,0.0,0.0,0.0,0.0,0.0,0.0,0.02382191557956601,0.0,0.0,0.0,0.0,0.0,0.0,0.0,0.0,0.0,0.0,0.0,0.0,0.0,0.015859751981180288,0.09133976149810921,0.031246986671466945,0.026516489030890843,0.0,0.0,0.0,0.013529836874399803,0.0,0.0,0.0,0.0,0.0,0.0,0.010220294136975148,0.0,0.0,0.07566195998362615,0.0,0.06953089729358851,0.0,0.0,0.0,0.0,0.0,0.0,0.0,0.0,0.0,0.0,0.0,0.0,0.0,0.0,0.0,0.0,0.0,0.0319090865375356,0.009966905376840746,OSD-223,F53
0.0,0.0,0.0,0.021061460821910936,0.0,0.0,0.0,0.0,0.0,0.0,0.0,0.0,0.04595987192042199,0.0,0.0,0.0,0.0,0.0,0.0,0.0,0.0,0.0,0.0,0.0,0.0,0.0,0.0,0.0,0.0,0.0,0.0,0.0,0.0,0.0,0.0,0.0,0.0,0.0,0.0,0.03245020467999756,0.0,0.0,0.0,0.0,0.0,0.0,0.0,0.0,0.0,0.0,0.0,0.0,0.0,0.0040002841008065886,0.0,0.0,0.0,0.0,0.0,0.0,0.0,0.0,0.0,0.0,0.0,0.0,0.0,0.0,0.0,0.0,0.0,0.0,0.0,0.0,0.0,0.0,0.0,0.0,0.13523477577813645,0.0,0.0,0.0,0.0,0.0,0.0,0.0,0.0,0.0,0.0,0.001961555019949733,0.17282484857279903,0.10948830631073907,0.0,0.06105091129178625,0.0,0.0,0.0,0.0,0.0,0.0,0.0,0.0,0.0,0.0,0.0,0.0,0.0,0.0,0.0,0.0,0.0,0.0,0.0,0.0,0.0,0.0,0.0,0.0,0.0,0.0,0.0,0.0,0.0,0.0,0.0,0.0,0.0,0.0,0.0,0.0,0.03334462050629216,0.0,0.0,0.0,0.0,0.0,0.0,0.0,0.0,0.0,0.0,0.0,0.0,0.0,0.018678279495865313,0.09189090571029171,0.03305223937369375,0.025572469812138277,0.0,0.0,0.004243836447700536,0.015421134658782181,0.0,3.737738857964671e-05,0.0,0.0,0.0,0.0,0.01043752703997975,0.0,0.0,0.07255274952913883,0.0,0.06636032151589306,0.0,0.0,0.0,0.0,0.0,0.0,0.0,0.0,0.0,0.0,0.0,0.0,0.0,0.0,0.0,0.0,0.0,0.030593320480885863,0.013782999544211399,OSD-223,F68
0.0,0.0,0.0,0.020656540094717745,0.0,0.0,0.0,0.0,0.0,0.0,0.0,0.0,0.04872704773134157,0.0,0.0,0.0,0.0,0.0,0.0,0.0,0.0,0.0,0.0,0.0,0.0,0.0,0.0,0.0,0.0,0.0,0.0,0.0,0.0,0.0,0.0,0.0,0.0,0.0,0.0,0.02309555567526836,0.0,0.0,0.0,0.0,0.0,0.0,0.0,0.0,0.0,0.0,0.0,0.0,0.0,0.0,0.0,0.0,0.0,0.0,0.0,0.0,0.0,0.0,0.0,0.0,0.0,0.0,0.0,0.0,0.0,0.0,0.0,0.0,0.0,0.0,0.0,0.0,0.0,0.0,0.14080914454739735,0.0,0.0,0.0,0.0,0.0,0.0,0.0,0.0,0.0,0.0,0.0017993776824601962,0.17595347997428715,0.11200426799605308,0.0,0.06324472675891728,0.0,0.0,0.0,0.0,0.0,0.0,0.0,0.0,0.0,0.0,0.0,0.0,0.0,0.0,0.0,0.0,0.0,0.0,0.0,0.0,0.0,0.0,0.0,0.0,0.0,0.0,0.0,0.0,0.0,0.0,0.0,0.0,0.0,0.0,0.0,0.0,0.029315746104486888,0.0,0.0,0.0,0.0,0.0,0.0,0.0,0.0,0.0,0.0,0.0,0.0,0.0,0.022304341463381575,0.09458848503709623,0.03152993465092971,0.022850474201730843,0.0,0.0,0.0028558371745694626,0.014940707134767367,0.0,0.0,0.0,0.0,0.0,0.0,0.01141974533051071,0.0,0.0,0.07103896742012113,0.0,0.06793380890966864,0.0,0.0,0.0,0.0,0.0,0.0,0.0,0.0,0.0,0.0,0.0,0.0,0.0,0.0,0.0,0.0,0.0,0.03466869193480121,0.010263120177493467,OSD-223,F78
0.0,0.0,0.0,0.021786599897215733,0.0,0.0,0.0,0.0,0.0,0.0,0.0,0.0,0.05696128429678102,0.0,0.0,0.0,0.0,0.0,0.0,0.0,0.0,0.0,0.0,0.0,0.0,0.0,0.0,0.0,0.0,0.0,0.0,0.0,0.0,0.0,0.0,0.0,0.0,0.0,0.0,0.005520607153081289,0.0,0.0,0.0,0.0,0.0,0.0,0.0,0.0,0.0,0.0,0.0,0.0,0.0,0.0,0.0,0.0,0.0,0.0,0.0,0.0,0.0,0.0,0.0,0.0,0.0,0.0,0.0,0.0,0.0,0.0,0.0,0.0,0.0,0.0,0.0,0.0,0.0,0.0,0.1414268673612328,0.0,0.0,0.0,0.0,0.0,0.0,0.0,0.0,0.0,0.0,0.01630468038902271,0.17734142761122107,0.11187201229832312,0.0,0.06648990625561868,0.0,0.0,0.0,0.0,0.0,0.0,0.0,0.0,0.0,0.0,0.0,0.0,0.0,0.0,0.0,0.0,0.0,0.0,0.0,0.0,0.0,0.0,0.0,0.0,0.0,0.0,0.0,0.0,0.0,0.0,0.0,0.0,0.0,0.0,0.0,0.0,0.02163390803148522,0.0,0.0,0.0,0.0,0.0,0.0,0.0,0.0,0.0,0.0,0.0,0.0,0.0,0.01976110837072901,0.09326551772523675,0.030950892006157343,0.026144694901438382,0.0,0.0,0.001786600914185548,0.013570079529915199,0.0,0.0,0.0,0.0,0.0,0.0,0.010563280034539789,0.0,0.0,0.07785209957954953,0.0,0.06750706951843082,0.0,0.0,0.0,0.0,0.0,0.0,0.0,0.0,0.0,0.0,0.0,0.0,0.0,0.0,0.0,0.0,0.0,0.029712557680153778,0.009548806445682087,OSD-223,F63
0.0,0.0,0.0,0.021211392140387395,0.0,0.0,0.0,0.0,0.0,0.0,0.0,0.0,0.047018934972978293,0.0,0.0,0.0,0.0,0.0,0.0,0.0,0.0,0.0,0.0,0.0,0.0,0.0,0.0,0.0,0.0,0.0,0.0,0.0,0.0,0.0,0.0,0.0,0.0,0.0,0.0,0.02485568377830405,0.0,0.0,0.0,0.0,0.0,0.0,0.0,0.0,0.0,0.0,0.0,0.0,0.0,0.005219776548903562,0.0,0.0,0.0,0.0,0.0,0.0,0.0,0.0,0.0,0.0,0.0,0.0,0.0,0.0,0.0,0.0,0.0,0.0,0.0,0.0,0.0,0.0,0.0,0.0,0.13889078125966586,0.0,0.0,0.0,0.0,0.0,0.0,0.0,0.0,0.0,0.0,0.0,0.17232724411025474,0.1074436793503852,0.0,0.06321411333718423,0.0,0.0,0.0,0.0,0.0,0.0,0.0,0.0,0.0,0.0,0.0,0.0,0.0,0.0,0.0,0.0,0.0,0.0,0.0,0.0,0.0,0.0,0.0,0.0,0.0,0.0,0.0,0.0,0.0,0.0,0.0,0.0,0.0,0.0,0.0,0.0,0.03470261490931366,0.0,0.0,0.0,0.0,0.0,0.0,0.0,0.0,0.0,0.0,0.0,0.0,0.0,0.025001196554684732,0.0887690413474313,0.03042287504141782,0.027072099400255123,0.0,0.0,0.0,0.013572505945612543,0.0,0.0,0.0,0.0,0.0,0.0,0.011643163397557733,0.0,0.0,0.07418321056564856,0.0,0.07112495958835685,0.0,0.0,0.0,0.0,0.0,0.0,0.0,0.0,0.0,0.0,0.0,0.0,0.0,0.0,0.0,0.0,0.0,0.030665824792619322,0.012660902959039036,OSD-223,F73
0.0,0.0,0.0,0.019900434843162666,0.0,0.0,0.0,0.0,0.0,0.0,0.0,0.0,0.058003174936284825,0.0,0.0,0.0,0.0,0.0,0.0,0.0,0.0,0.0,0.0,0.0,0.0,0.0,0.0,0.0,0.0,0.0,0.0,0.0,0.0,0.0,0.0,0.0,0.0,0.0,0.0,0.006128356555622893,0.0,0.0,0.0,0.0,0.0,0.0,0.0,0.0,0.0,0.0,0.0,0.0,0.0,0.0,0.0,0.0,0.0,0.0,0.0,0.0,0.0,0.0,0.0,0.0,0.0,0.0,0.0,0.0,0.0,0.0,0.0,0.0,0.0,0.0,0.0,0.0,0.0,0.0,0.13952965133257705,0.0,0.0,0.0,0.0,0.0,0.0,0.0,0.0,0.0,0.0,0.020072189711973474,0.17343155701383484,0.11339044056927156,0.0,0.0697862082446163,0.0,0.0,0.0,0.0,0.0,0.0,0.0,0.0,0.0,0.0,0.0,0.0,0.0,0.0,0.0,0.0,0.0,0.0,0.0,0.0,0.0,0.0,0.0,0.0,0.0,0.0,0.0,0.0,0.0,0.0,0.0,0.0,0.0,0.0,0.0,0.0,0.024880529005455385,0.0,0.0,0.0,0.0,0.0,0.0,0.0,0.0,0.0,0.0,0.0,0.0,0.0,0.019168527220396435,0.09182666020683616,0.0330845088645687,0.0276591892800584,0.0,0.0,0.0,0.01513804812941633,0.0,0.0,0.0,0.0,0.0,0.0,0.015142690498265292,0.0,0.0,0.08066203013729624,0.0,0.06766581101189725,0.0,0.0,0.0,0.0,0.0,0.0,0.0,0.0,0.0,0.0,0.0,0.0,0.0,0.0,0.0,0.0,0.0,0.023465610588181727,0.0010643818502844718,OSD-223,GC14
0.0,0.0,0.0,0.020831213320116813,0.0,0.0,0.0,0.0,0.0,0.0,0.0,0.0,0.05206904776435341,0.0,0.0,0.0,0.0,0.0,0.0,0.0,0.0,0.0,0.0,0.0,0.0,0.0,0.0,0.0,0.0,0.0,0.0,0.0,0.0,0.0,0.0,0.0,0.0,0.0,0.0,0.026701905104353274,0.0,0.0,0.0,0.0,0.0,0.0,0.0,0.0,0.0,0.0,0.0,0.0,0.0,0.0,0.0,0.0,0.0,0.0,0.0,0.0,0.0,0.0,0.0,0.0,0.0,0.0,0.0,0.0,0.0,0.0,0.0,0.0,0.0,0.0,0.0,0.0,0.0,0.0,0.13366956015200882,0.0,0.0,0.0,0.0,0.0,0.0,0.0,0.0,0.0,0.0,0.024236289100347485,0.16608125604905857,0.11869528155670314,0.0010126079223135556,0.06264099546105131,0.0,0.0,0.0,0.0,0.0,0.0,0.0,0.0,0.0,0.0,0.0,0.0,0.0,0.0,0.0,0.0,0.0,0.0,0.0,0.0,0.0,0.0,0.0,0.0,0.0,0.0,0.0,0.0,0.0,0.0,0.0,0.0,0.0,0.0,0.0,0.0,0.024745404385534284,0.0,0.0,0.0,0.0,0.0,0.0,0.0,0.0,0.0,0.0,0.0,0.0,0.0,0.018573382506431653,0.10038337272186205,0.03109897513852889,0.025708243885868863,0.0,0.0,0.0035852899016017947,0.013967616877872206,0.0,0.0,0.0,0.0,0.0,0.0,0.010794046925388266,0.0,0.0,0.07045103915463247,0.0,0.06420928021627303,0.0,0.0,0.0,0.0,0.0,0.0,0.0,0.0,0.0,0.0,0.0,0.0,0.0,0.0,0.0,0.0,0.0,0.02029020029393667,0.010254991561763379,OSD-223,GC16
0.0,0.0,0.0,0.020977267276645166,0.0,0.0,0.0,0.0,0.0,0.0,0.0,0.0,0.0538333045880824,0.0,0.0,0.0,0.0,0.0,0.0,0.0,0.0,0.0,0.0,0.0,0.0,0.0,0.0,0.0,0.0,0.0,0.0,0.0,0.0,0.0,0.0,0.0,0.0,0.0,0.0,0.014138131931344012,0.0,0.0,0.0,0.0,0.0,0.0,0.0,0.0,0.0,0.0,0.0,0.0,0.0,0.0,0.0,0.0,0.0,0.0,0.0,0.0,0.0,0.0,0.0,0.0,0.0,0.0,0.0,0.0,0.0,0.0,0.0,0.0,0.0,0.0,0.0,0.0,0.0,0.0,0.1453970414016458,0.0,0.0,0.0,0.0,0.0,0.0,0.0,0.0,0.0,0.0,0.012028011787343883,0.17274004712555407,0.11404885027532337,0.0027522371936544356,0.07176449449265339,0.0,0.0,0.0,0.0,0.0,0.0,0.0,0.0,0.0,0.0,0.0,0.0,0.0,0.0,0.0,0.0,0.0,0.0,0.0,0.0,0.0,0.0,0.0,0.0,0.0,0.0,0.0,0.0,0.0,0.0,0.0,0.0,0.0,0.0,0.0,0.0,0.019802441201455825,0.0,0.0,0.0,0.0,0.0,0.0,0.0,0.0,0.0,0.0,0.0,0.0,0.0,0.018492532708059894,0.08897947996005241,0.02944121204186849,0.02659147338839908,0.0,0.0,0.0004795257398452114,0.01295171322128328,0.0,0.0,0.0,0.0,0.0,0.0,0.019029183210733873,0.0,0.0,0.0788384780234796,0.0,0.06520438824265591,0.0,0.0,0.0,0.0,0.0,0.0,0.0,0.0,0.0,0.0,0.0,0.0,0.0,0.0,0.0,0.0,0.0,0.029663242781932195,0.002846943407987661,OSD-223,GC01
0.0,0.0,0.0,0.019073216725537117,0.0,0.0,0.0,0.0,0.0,0.0,0.0,0.0,0.05506929689081236,0.0,0.0,0.0,0.0,0.0,0.0,0.0,0.0,0.0,0.0,0.0,0.0,0.0,0.0,0.0,0.0,0.0,0.0,0.0,0.0,0.0,0.0,0.0,0.0,0.0,0.0,0.004527842838551961,0.0,0.0,0.0,0.0,0.0,0.0,0.0,0.0,0.0,0.0,0.0,0.0,0.0,0.0,0.0,0.0,0.0,0.0,0.0,0.0,0.0,0.0,0.0,0.0,0.0,0.0,0.0,0.0,0.0,0.0,0.0,0.0,0.059470411159010854,0.0,0.0,0.0,0.0,0.0,0.08627738966596947,0.0,0.0,0.0,0.0,0.0,0.0,0.0,0.0,0.0,0.0,0.003780536462854521,0.17136032908762264,0.11662050597696062,0.0,0.07766324327432356,0.0,0.0,0.0,0.0,0.0,0.0,0.0,0.0,0.0,0.0,0.0,0.0,0.0,0.0,0.0,0.0,0.0,0.0,0.0,0.0,0.0,0.0,0.0,0.0,0.0,0.0,0.0,0.0,0.0,0.0,0.0,0.0,0.0,0.0,0.0,0.0,0.02085122279652117,0.0,0.0,0.0,0.0,0.0,0.0,0.0,0.0,0.0,0.0,0.0,0.0,0.0,0.02547878809784026,0.08619022427776694,0.03226030165007305,0.023530713154069023,0.0,0.0,0.0031632009727491335,0.015542599718243462,0.0,0.0,0.0,0.0,0.0,0.0,0.021843120295894292,0.0,0.0,0.07958029221221184,0.0,0.06913211184142685,0.0,0.0,0.0,0.0,0.0,0.0,0.0,0.0,0.0,0.0,0.0,0.0,0.0,0.0,0.0,0.0,0.0,0.02858465290156082,0.0,OSD-223,GC13
0.0,0.0,0.0,0.023289766990900122,0.0,0.0,0.0,0.0,0.0,0.0,0.0,0.0,0.05450309087718946,0.0,0.0,0.0,0.052674389167215036,0.0,0.0,0.0,0.0,0.0,0.0,0.0,0.0,0.0,0.0,0.00809194992872766,0.0,0.0,0.0,0.0,0.0,0.0,0.0,0.0,0.0,0.0,0.0,0.03477730632233849,0.0,0.0,0.0,0.0,0.0,0.0,0.0,0.0,0.0,0.0,0.0,0.0,0.0,0.034236536778305356,0.0,0.0,0.0,0.0,0.0,0.0,0.0,0.0,0.0,0.0,0.0,0.0,0.0,0.0,0.0,0.04074934042437105,0.0,0.0,0.05660899072205766,0.0,0.0,0.0,0.0,0.0,0.021716665678157096,0.0,0.0,0.0,0.0,0.0,0.0,0.0,0.0,0.0,0.0,0.02091339875244047,0.11004999095277594,0.07273358334424507,0.0,0.051698401225312926,0.0,0.0,0.0,0.0,0.0,0.0,0.0,0.0,0.0,0.0,0.0,0.0,0.0,0.0,0.0,0.0,0.0,0.0,0.0,0.0,0.0,0.0,0.0,0.0,0.0,0.0,0.0,0.0,0.0,0.0,0.0,0.0,0.0,0.0,0.0,0.0,0.04066054539899429,0.0,0.0,0.0,0.0,0.0,0.0,0.0,0.0,0.0,0.0,0.0,0.0,0.0,0.03716367849328597,0.027207710866383315,0.024699527646118432,0.022630464024696994,0.0,0.0,0.0,0.01738372003681157,0.0,0.02123870490483161,0.0,0.001366822439223165,0.0,0.0,0.012229155607859575,0.0,0.0,0.0390112335118424,0.0,0.0934333319921409,0.0014763555619804803,0.0,0.030015462099156127,0.0,0.0,0.0,0.0,0.0,0.0,0.0,0.0,0.0,0.0,0.015463636562886155,0.0,0.0,0.0,0.0,0.03397623968975281,OSD-223,FLS18
0.0,0.0,0.0,0.020331335062200147,0.0,0.0,0.0,0.0,0.0,0.0,0.0,0.0,0.056784472379966575,0.0,0.0,0.0,0.04311493604797945,0.0,0.0,0.0,0.0,0.0,0.0,0.0,0.0,0.0,0.0,0.0,0.0,0.0,0.0,0.0,0.0,0.0,0.0,0.0,0.0,0.0,0.0,0.04876549162230437,0.0,0.0,0.0,0.0,0.0,0.0,0.0,0.0,0.0,0.0,0.0,0.0,0.0,0.04193709993373678,0.0,0.0,0.0,0.0,0.0,0.0,0.0,0.0,0.0,0.0,0.0,0.0,0.0,0.0,0.0,0.023719775036562165,0.0,0.0,0.06257098436433171,0.0,0.0,0.0,0.0,0.0,0.02954395503797885,0.0,0.0,0.0,0.0,0.0,0.0,0.0,0.0,0.0,0.0,0.036286960140626226,0.05632588169940375,0.07730578941487162,0.0,0.06189408493780782,0.0,0.0,0.0,0.0,0.0,0.0,0.0,0.0,0.0,0.0,0.0,0.0,0.0,0.0,0.0,0.0,0.0,0.0,0.0,0.0,0.0,0.0,0.0,0.0,0.0,0.0,0.0,0.0,0.0,0.0,0.0,0.0,0.0,0.0,0.0,0.0,0.05521096010455945,0.0,0.0,0.0,0.0,0.0,0.0,0.0,0.0,0.0,0.0,0.0,0.0,0.0,0.03376526625478863,0.02911156587436802,0.02590319143463987,0.029323794191411626,0.0,0.0,0.0,0.017294804204750304,0.0,0.026385661615167585,0.0,0.0019896385651102418,0.0,0.0,0.014619346201339478,0.0,0.0,0.04020961324679248,0.0,0.09133515089566818,0.00025562086427416864,0.0,0.037085266939291976,0.0,0.0,0.0,0.0,0.0,0.0,0.0,0.0,0.0,0.0,0.004910095515951289,0.0,0.0,0.0,0.0,0.03401925841411721,OSD-223,FLS13
0.0,0.0,0.0,0.03195179559386831,0.0,0.0,0.0,0.0,0.0,0.0,0.0,0.0,0.054661280541552316,0.0,0.0,0.0,0.046021775455239805,0.0,0.0,0.0,0.0,0.0,0.0,0.0,0.0,0.0,0.0,0.0,0.0,0.0,0.0,0.0,0.0,0.0,0.0,0.0,0.0,0.0,0.0,0.04145180481645986,0.0,0.0,0.0,0.0,0.0,0.0,0.0,0.0,0.0,0.0,0.0,0.0,0.0,0.035089479317421256,0.0,0.0,0.0,0.0,0.0,0.0,0.0,0.0,0.0,0.0,0.0,0.0,0.0,0.0,0.0,0.04041049366152618,0.0,0.0,0.020215519917604795,0.0,0.0,0.0,0.0,0.0,0.06341618176139607,0.0,0.0,0.0,0.0,0.0,0.0,0.0,0.0,0.0,0.0,0.03664661729951388,0.051768506735328436,0.07129864601734276,0.0,0.06325520414179944,0.0,0.0,0.0,0.0,0.0,0.0,0.0,0.0,0.0,0.0,0.0,0.0,0.0,0.0,0.0,0.0,0.0,0.0,0.0,0.0,0.0,0.0,0.0,0.0,0.0,0.0,0.0,0.0,0.0,0.0,0.0,0.0,0.0,0.0,0.0,0.0,0.04748077023213593,0.0,0.0,0.0,0.0,0.0,0.0,0.0,0.0,0.0,0.0,0.0,0.0,0.0,0.03469530652553201,0.01886267349507063,0.020822961140597084,0.022951058227156762,0.003616308979738955,0.0,0.0,0.054233422042615956,0.0,0.016022394716091425,0.0,0.000617577958630465,0.0,0.0,0.008469585592260763,0.0,0.0,0.031406882054132695,0.0,0.09724032094678058,0.0021588309219680284,0.0,0.03670241404533568,0.0,0.0,0.0,0.0,0.0,0.0,0.0,0.0,0.0,0.0,0.007707299290582102,0.0,0.0,0.0,0.0,0.04082488857231792,OSD-223,FLS28
0.0,0.0,0.0,0.023666809431092988,0.0,0.0,0.0,0.0,0.0,0.0,0.0,0.0,0.05899447115075736,0.0,0.0,0.0,0.05791530654189268,0.0,0.0,0.0,0.0,0.0,0.0,0.0,0.0,0.0,0.0,0.0,0.0,0.0,0.0,0.0,0.0,0.0,0.0,0.0,0.0,0.0,0.0,0.03387538985176161,0.0,0.0,0.0,0.0,0.0,0.0,0.0,0.0,0.0,0.0,0.0,0.0,0.0,0.03875952474837958,0.0,0.0,0.0,0.0,0.0,0.0,0.0,0.0,0.0,0.0,0.0,0.0,0.0,0.0,0.0,0.03955252651646905,0.0,0.0,0.01496588134845227,0.0,0.0,0.0,0.0,0.0,0.06793923751349666,0.0,0.0,0.0,0.0,0.0,0.0,0.0,0.0,0.0,0.0,0.01749431236171663,0.08311518160525383,0.08046067224006605,0.0,0.06029831418814618,0.0,0.0,0.0,0.0,0.0,0.0,0.0,0.0,0.0,0.0,0.0,0.0,0.0,0.0,0.0,0.0,0.0,0.0,0.0,0.0,0.0,0.0,0.0,0.0,0.0,0.0,0.0,0.0,0.0,0.0,0.0,0.0,0.0,0.0,0.0,0.0,0.04181915797847935,0.0,0.0,0.0,0.0,0.0,0.0,0.0,0.0,0.0,0.0,0.0,0.0,0.0,0.038230232680831214,0.024608195713766868,0.023845960162269093,0.022572130328450304,0.003097357237432244,0.0,0.0,0.01685751125068998,0.0,0.02569007163812724,0.0,0.0014017820095819523,0.0,0.0,0.00960410088076385,0.0,0.0,0.04584050298613472,0.0,0.09601596346517884,0.0023537894543354193,0.0,0.03771162485512534,0.0,0.0,0.0,0.0,0.0,0.0,0.0,0.0,0.0,0.0,0.0,0.0,0.0,0.0,0.0,0.03331399186134857,OSD-223,FLS38
0.0,0.0,0.0,0.024586483166216384,0.0,0.0,0.0,0.0,0.0,0.0,0.0,0.0,0.053958508481574546,0.0,0.0,0.0,0.05637692249664731,0.0,0.0,0.0,0.0,0.0,0.0,0.0,0.0,0.0,0.0,0.0,0.0,0.0,0.0,0.0,0.0,0.0,0.0,0.0,0.0,0.0,0.0,0.04212627407917632,0.0,0.0,0.0,0.0,0.0,0.0,0.0,0.0,0.0,0.0,0.0,0.0,0.0,0.047035478823144065,0.0,0.0,0.0,0.0,0.0,0.0,0.0,0.0,0.0,0.0,0.0,0.0,0.0,0.0,0.0,0.03660054641332567,0.0,0.0,0.06732393342617378,0.0,0.0,0.0,0.0,0.0,0.01727946567422763,0.0,0.0,0.0,0.0,0.0,0.0,0.0,0.0,0.0,0.0,0.023238700434623217,0.05701232479464814,0.06613925110097049,0.0,0.06502319462921073,0.0,0.0,0.0,0.0,0.0,0.0,0.0,0.0,0.0,0.0,0.0,0.0,0.0,0.0,0.0,0.0,0.0,0.0,0.0,0.0,0.0,0.0,0.0,0.0,0.0,0.0,0.0,0.0,0.0,0.0,0.0,0.0,0.0,0.0,0.0,0.0,0.05840261933188723,0.0,0.0,0.0,0.0,0.0,0.0,0.0,0.0,0.0,0.0,0.0,0.0,0.0,0.03537991282890528,0.010113825995271348,0.021234116927245632,0.02672876599209256,0.0059308151506786795,0.0,0.0,0.018129595570592648,0.0,0.029011840247856864,0.0,0.003706326292793582,0.0,0.0,0.015695706982864932,0.0,0.0,0.040930147279369,0.0,0.0985285534712395,0.005712962607629937,0.0,0.0433137073576209,0.0,0.0,0.0,0.0,0.0,0.0,0.0,0.0,0.0,0.0,0.003511891944160009,0.0,0.0,0.0,0.0,0.026968128499853673,OSD-223,FLS23
0.0,0.0,0.0,0.024959961348761238,0.0,0.0,0.0,0.0,0.0,0.0,0.0,0.0,0.057608253129572885,0.0,0.0,0.0,0.06092865298835092,0.0,0.0,0.0,0.0,0.0,0.0,0.0,0.0,0.0,0.0,0.0,0.0,0.0,0.0,0.0,0.0,0.0,0.0,0.0,0.0,0.0,0.0,0.028184624546068234,0.0,0.0,0.0,0.0,0.0,0.0,0.0,0.0,0.0,0.0,0.0,0.0,0.0,0.04070098080838514,0.0,0.0,0.0,0.0,0.0,0.0,0.0,0.0,0.0,0.0,0.0,0.0,0.0,0.0,0.0,0.030334834533041123,0.0,0.0,0.04138315030879235,0.0,0.0,0.0,0.0,0.0,0.04848768345113226,0.0,0.0,0.0,0.0,0.0,0.0,0.0,0.0,0.0,0.0,0.032406058313661674,0.0698173840367034,0.08122731453651383,0.0,0.0628567230097805,0.0,0.0,0.0,0.0,0.0,0.0,0.0,0.0,0.0,0.0,0.0,0.0,0.0,0.0,0.0,0.0,0.0,0.0,0.0,0.0,0.0,0.0,0.0,0.0,0.0,0.0,0.0,0.0,0.0,0.0,0.0,0.0,0.0,0.0,0.0,0.0,0.053073344657735076,0.0,0.0,0.0,0.0,0.0,0.0,0.0,0.0,0.0,0.0,0.0,0.0,0.0,0.02954372981269807,0.006847006368664493,0.0246135239046176,0.027373093736514545,0.003576185038360662,0.0,0.0,0.013223474537654496,0.0,0.03878282481993299,0.0,0.0071838892744568025,0.0,0.0,0.011646759015878388,0.0,0.0,0.0478020966202427,0.0,0.08839181992579566,0.0024957817899520004,0.0,0.037386108266231434,0.0,0.0,0.0,0.0,0.0,0.0,0.0,0.0,0.0,0.0,0.0010074239440060794,0.0,0.0,0.0,0.0,0.02815731727649549,OSD-223,FLS33
0.0,0.0,0.0,0.01832674388357713,0.0,0.0,0.0,0.0,0.0,0.0,0.0,0.0,0.03904201664574331,0.0,0.0,0.0,0.03124090261103408,0.0,0.0,0.0,0.0,0.0,0.0,0.0,0.0,0.0,0.0,0.006901018291809953,0.0,0.0,0.0,0.0,0.0,0.0,0.0,0.0,0.0,0.0,0.0,0.07488790003640906,0.0,0.0,0.0,0.0,0.0,0.0,0.0,0.0,0.0,0.0,0.0,0.0,0.0,0.03493214252144402,0.0,0.0,0.0,0.0,0.0,0.0,0.0,0.0,0.0,0.0,0.0,0.0,0.0,0.0,0.0,0.0,0.0,0.0,0.12509360528073551,0.0,0.0,0.0,0.0,0.0,0.0,0.0,0.0,0.0,0.0,0.0,0.0,0.0,0.0,0.0,0.0,0.03449696358122129,0.07866524836929818,0.07492241610372666,0.0,0.07133997319805839,0.0,0.0,0.0,0.0,0.0,0.0,0.0,0.0,0.0,0.0,0.0,0.0,0.0,0.0,0.0,0.0,0.0,0.0,0.0,0.0,0.0,0.0,0.0,0.0,0.0,0.0,0.0,0.0,0.0,0.0,0.0,0.0,0.0,0.0,0.0,0.0,0.03567960737729019,0.0,0.0,0.0,0.0,0.0,0.0,0.0,0.0,0.0,0.0,0.0,0.0,0.0,0.01912536590779075,0.04186331687724064,0.027338744563483997,0.019008240838563478,0.0,0.0,0.0,0.015320486019122658,0.0,0.03304017265988816,0.0,0.0005646009275102043,0.0,0.0,0.024546232313335196,0.0,0.0,0.040273041260605,0.00846678976869662,0.082677523460937,0.0,0.0,0.02919015764052829,0.0,0.0,0.0,0.0,0.0,0.0,0.0,0.0,0.0,0.0,0.02319175771837729,0.0,0.0,0.0,0.0,0.00986503214357297,OSD-223,FLS48
0.0,0.0,0.0,0.019500333900581673,0.0,0.0,0.0,0.0,0.0,0.0,0.0,0.0,0.04159690514260881,0.0,0.0,0.0,0.049258831390839246,0.0,0.0,0.0,0.0,0.0,0.0,0.0,0.0,0.0,0.0,0.007856820926536733,0.0,0.0,0.0,0.0,0.0,0.0,0.0,0.0,0.0,0.0,0.0,0.06207954197926337,0.0,0.0,0.0,0.0,0.0,0.0,0.0,0.0016729199826948896,0.0,0.0,0.0,0.0,0.0,0.03410447002079873,0.0,0.0,0.0,0.0,0.0,0.0,0.0,0.0,0.0,0.0,0.0,0.0,0.0,0.0,0.0,0.014351310202709992,0.0,0.0,0.07451620365177328,0.0,0.0,0.0,0.0,0.0,0.027623411565234086,0.0,0.0,0.0,0.0,0.0,0.0,0.0,0.0,0.0,0.0,0.026867924757636743,0.10688236094112596,0.07109430972859013,0.0,0.0624075750264978,0.0,0.0,0.0,0.0,0.0,0.0,0.0,0.0,0.0,0.0,0.0,0.0,0.0,0.0,0.0,0.0,0.0,0.0,0.0,0.0,0.0,0.0,0.0,0.0,0.0,0.0,0.0,0.0,0.0,0.0,0.0,0.0,0.0,0.0,0.0,0.0,0.032465178081703634,0.0,0.0,0.0,0.0,0.0,0.0,0.0,0.0,0.0,0.0,0.0,0.0,0.0,0.02873499267163475,0.045274968197762194,0.025620470319146677,0.020801080690138876,0.0,0.0,0.0,0.01772995490900957,0.0,0.03316984914558943,0.0,0.0,0.0,0.0,0.015880382614824946,0.0,0.0,0.044760864568084834,0.0,0.0815298415590793,0.0,0.0,0.021575739904695395,0.0,0.0,0.0,0.0,0.0,0.0,0.0,0.0,0.0,0.0,0.014675397399170599,0.0,0.0,0.0,0.0,0.017968360722268324,OSD-223,FLS58
0.0,0.0,0.0,0.01910631703502407,0.0,0.0,0.0,0.0,0.0,0.0,0.0,0.0,0.04069773471867101,0.0,0.0,0.0,0.046603823297468795,0.0,0.0,0.0,0.0,0.0,0.0,0.0,0.0,0.0,0.0,0.0029937096536186737,0.0,0.0,0.0,0.0,0.0,0.0,0.0,0.0,0.0,0.0,0.0,0.06543728083126889,0.0,0.0,0.0,0.0,0.0,0.0,0.0,0.0,0.0,0.0,0.0,0.0,0.0,0.042054002701311176,0.0,0.0,0.0,0.0,0.0,0.0,0.0,0.0,0.0,0.0,0.0,0.0,0.0,0.0,0.0,0.0,0.0,0.0,0.10479445110655733,0.0,0.0,0.0,0.0,0.0,0.010738028837356063,0.0,0.0,0.0,0.0,0.0,0.0,0.0,0.0,0.0,0.0,0.034055408603738416,0.07738692552567589,0.0772888219567443,0.0,0.06626590789094243,0.0,0.0,0.0,0.0,0.0,0.0,0.0,0.0,0.0,0.0,0.0,0.0,0.0,0.0,0.0,0.0,0.0,0.0,0.0,0.0,0.0,0.0,0.0,0.0,0.0,0.0,0.0,0.0,0.0,0.0,0.0,0.0,0.0,0.0,0.0,0.0,0.0442509469923003,0.0,0.0,0.0,0.0,0.0,0.0,0.0,0.0,0.0,0.0,0.0,0.0,0.0,0.025339173689040578,0.054693656041589184,0.025576976043492013,0.022195762452380405,0.0,0.0,0.0,0.015734015734056438,0.0,0.03581794183322569,0.0,0.0,0.0,0.0,0.022293085861400528,0.0,0.0,0.03139647865873141,0.0,0.08210831367796018,0.0,0.0,0.02543005541875685,0.0,0.0,0.0,0.0,0.0,0.0,0.0,0.0,0.0,0.0,0.019300497006617776,0.0,0.0,0.0,0.0,0.008440684432071632,OSD-223,FLS43
0.0,0.0,0.0,0.018312500488103546,0.0,0.0,0.0,0.0,0.0,0.0,0.0,0.0,0.050969775902163214,0.0,0.0,0.0,0.05358697489284213,0.0,0.0,0.0,0.0,0.0,0.0,0.0,0.0,0.0,0.0,0.0,0.0,0.0,0.0,0.0,0.0,0.0,0.0,0.0,0.0,0.0,0.0,0.05528551661186316,0.0,0.0,0.0,0.0,0.0,0.0,0.0,0.0,0.0,0.0,0.0,0.0,0.0,0.04176817823589926,0.0,0.0,0.0,0.0,0.0,0.0,0.0,0.0,0.0,0.0,0.0,0.0,0.0,0.0,0.0,0.0077651012861049,0.0,0.0,0.09724873842611795,0.0,0.0,0.0,0.0,0.0,0.01264554302220266,0.0,0.0,0.0,0.0,0.0,0.0,0.0,0.0,0.0,0.0,0.0420032346098836,0.05791109433822464,0.07107412764508628,0.0,0.06679834523627227,0.0,0.0,0.0,0.0,0.0,0.0,0.0,0.0,0.0,0.0,0.0,0.0,0.0,0.0,0.0,0.0,0.0,0.0,0.0,0.0,0.0,0.0,0.0,0.0,0.0,0.0,0.0,0.0,0.0,0.0,0.0,0.0,0.0,0.0,0.0,0.0,0.04778053973617165,0.0,0.0,0.0,0.0,0.0,0.0,0.0,0.0,0.0,0.0,0.0,0.0,0.0,0.025896679802782412,0.02798918810977347,0.024415759657193465,0.026939490988891073,0.0,0.0,0.0,0.021343732242186428,0.0,0.027636497387433137,0.0,0.0017411964870539941,0.0,0.0,0.02298134704404462,0.0,0.0,0.04191375490214177,0.0,0.08510785612053635,0.0,0.0,0.035148650667584616,0.0,0.0,0.0,0.0,0.0,0.0,0.0,0.0,0.0,0.0,0.01775235354331266,0.0,0.0,0.0,0.0,0.01798382261613058,OSD-223,FLS53
0.0,0.0,0.0,0.02196716028217827,0.0,0.0,0.0,0.0,0.0,0.0,0.0,0.0,0.05044349721409462,0.0,0.0,0.0,0.030451061686170334,0.0,0.0,0.0,0.0,0.0,0.0,0.0,0.0,0.0,0.0,0.0,0.0,0.0,0.0,0.0,0.0,0.0,0.0,0.0,0.0,0.0,0.0,0.0584337533772307,0.0,0.0,0.0,0.0,0.0,0.0,0.0,0.033381179758573284,0.0,0.0,0.0,0.0,0.0,0.03713238074221894,0.0,0.0,0.0,0.0,0.0,0.0,0.0,0.0,0.0,0.0,0.0,0.0,0.0,0.0,0.0,0.010860796437308742,0.0,0.0,0.10257228693156341,0.0,0.0,0.0,0.0,0.0,0.011674747994932653,0.0,0.0,0.0,0.0,0.0,0.0,0.0,0.0,0.0,0.0,0.029213846362782094,0.057068309173632446,0.07103969051672411,0.0,0.06924687081349733,0.0,0.0,0.0,0.0,0.0,0.0,0.0,0.0,0.0,0.0,0.0,0.0,0.0,0.0,0.0,0.0,0.0,0.0,0.0,0.0,0.0,0.0,0.0,0.0,0.0,0.0,0.0,0.0,0.0,0.0,0.0,0.0,0.0,0.0,0.0,0.0,0.04235888283046312,0.0,0.0,0.0,0.0,0.0,0.0,0.0,0.0,0.0,0.0,0.0,0.0,0.0,0.029444186024476994,0.027691449527689073,0.024894256656567797,0.021551955450006918,0.004338771755568192,0.0,0.0,0.01750255272836629,0.0,0.027486553798081913,0.0,0.0006828173475861343,0.0,0.0,0.0140539199069559,0.0,0.0,0.03913305618443377,0.0,0.08763646660615969,0.003724557227457115,0.0,0.036647326630528554,0.0,0.0,0.0,0.0,0.0,0.0,0.0,0.0,0.0,0.0,0.009309220066168997,0.0,0.0,0.0,0.0,0.030058445968582616,OSD-223,FLS68
0.0,0.0,0.0,0.02256904360627588,0.0,0.0,0.0,0.0,0.0,0.0,0.0,0.0,0.05994915452349269,0.0,0.0,0.0,0.0638617394531564,0.0,0.0,0.0,0.0,0.0,0.0,0.0,0.0,0.0,0.0,0.0,0.0,0.0,0.0,0.0,0.0,0.0,0.0,0.0,0.0,0.0,0.0,0.03782721461016389,0.0,0.0,0.0,0.0,0.0,0.0,0.0,0.0,0.0,0.0,0.0,0.0,0.0,0.03517309511465197,0.0,0.0,0.0,0.0,0.0,0.0,0.0,0.0,0.0,0.0,0.0,0.0,0.0,0.0,0.0,0.058991712334093,0.0,0.0,0.018131567981535056,0.0,0.0,0.0,0.0,0.0,0.03659201262797382,0.0,0.0,0.0,0.0,0.0,0.0,0.0,0.0,0.0,0.0,0.029056861956275166,0.056321243827719164,0.07024979348898955,0.0,0.06355395453344602,0.0,0.0,0.0,0.0,0.0,0.0,0.0,0.0,0.0,0.0,0.0,0.0,0.0,0.0,0.0,0.0,0.0,0.0,0.0,0.0,0.0,0.0,0.0,0.0,0.0,0.0,0.0,0.0,0.0,0.0,0.0,0.0,0.0,0.0,0.0,0.0,0.0581544938370255,0.0,0.0,0.0,0.0,0.0,0.0,0.0,0.0,0.0,0.0,0.0,0.0,0.0,0.032679029271596716,0.02660753378218228,0.02354516069297229,0.02477256051404479,0.0,0.0,0.0,0.017429314070585403,0.0,0.030942492110368792,0.0,0.0025991493613367633,0.0,0.0,0.010716777699270978,0.0,0.0,0.0373431979052504,0.0,0.09729231614053678,0.0018411474354451702,0.0,0.03644603307275738,0.0,0.0,0.0,0.0,0.0,0.0,0.0,0.0,0.0,0.0,0.011307824066151042,0.0,0.0,0.0,0.0,0.03604557598270312,OSD-223,FLS78
0.0,0.0,0.0,0.021406091395573177,0.0,0.0,0.0,0.0,0.0,0.0,0.0,0.0,0.05989954394208728,0.0,0.0,0.0,0.06168693551948853,0.0,0.0,0.0,0.0,0.0,0.0,0.0,0.0,0.0,0.0,0.0,0.0,0.0,0.0,0.0,0.0,0.0,0.0,0.0,0.0,0.0,0.0,0.03624841797950137,0.0,0.0,0.0,0.0,0.0,0.0,0.0,0.0,0.0,0.0,0.0,0.0,0.0,0.04344038029036245,0.0,0.0,0.0,0.0,0.0,0.0,0.0,0.0,0.0,0.0,0.0,0.0,0.0,0.0,0.0,0.05165661921242715,0.0,0.0,0.0,0.0,0.0,0.0,0.0,0.0,0.059637903555888355,0.0,0.0,0.0,0.0,0.0,0.0,0.0,0.0,0.0,0.0,0.0394616149300139,0.08288674429573832,0.07713976822210544,0.0,0.05153668896570657,0.0,0.0,0.0,0.0,0.0,0.0,0.0,0.0,0.0,0.0,0.0,0.0,0.0,0.0,0.0,0.0,0.0,0.0,0.0,0.0,0.0,0.0,0.0,0.0,0.0,0.0,0.0,0.0,0.0,0.0,0.0,0.0,0.0,0.0,0.0,0.0,0.04054664991334865,0.0,0.0,0.0,0.0,0.0,0.0,0.0,0.0,0.0,0.0,0.0,0.0,0.0,0.030702993140362726,0.04377383190244486,0.021584175773186443,0.024332361223014735,0.0,0.0,0.0,0.014229666313255427,0.0,0.027687463275616397,0.0,0.0,0.0,0.0,0.003970421135883758,0.0,0.0,0.05442925098915863,0.0,0.09131439218961805,0.0,0.0,0.02960972478569323,0.0,0.0,0.0,0.0,0.0,0.0,0.0,0.0,0.0,0.0,0.006210199363932439,0.0,0.0,0.0,0.0,0.026608161685592067,OSD-223,FLS63
0.0,0.0,0.0,0.021491708679984393,0.0,0.0,0.0,0.0,0.0,0.0,0.0,0.0,0.04880648246960684,0.0,0.0,0.0,0.05994317713139802,0.0,0.0,0.0,0.0,0.0,0.0,0.0,0.0,0.0,0.0,0.0,0.0,0.0,0.0,0.0,0.0,0.0,0.0,0.0,0.0,0.0,0.0,0.03808363637991185,0.0,0.0,0.0,0.0,0.0,0.0,0.0,0.0,0.0,0.0,0.0,0.0,0.0,0.043086855415697095,0.0,0.0,0.0,0.0,0.0,0.0,0.0,0.0,0.0,0.0,0.0,0.0,0.0,0.0,0.0,0.03645488309872938,0.0,0.0,0.002583181192006089,0.0,0.0,0.0,0.0,0.0,0.07572763458774119,0.0,0.0,0.0,0.0,0.0,0.0,0.0,0.0,0.0,0.0,0.011735756812755379,0.13140094137232494,0.07638101160560662,0.0,0.06045239172476991,0.0,0.0,0.0,0.0,0.0,0.0,0.0,0.0,0.0,0.0,0.0,0.0,0.0,0.0,0.0,0.0,0.0,0.0,0.0,0.0,0.0,0.0,0.0,0.0,0.0,0.0,0.0,0.0,0.0,0.0,0.0,0.0,0.0,0.0,0.0,0.0,0.03722510555396201,0.0,0.0,0.0,0.0,0.0,0.0,0.0,0.0,0.0,0.0,0.0,0.0,0.0,0.03249848788659791,0.04660496493676097,0.02293741883839367,0.024873094104457406,0.0,0.0,0.0028826455309008,0.01815388956428077,0.0,0.0250356969055044,0.0,0.0,0.0,0.0,0.01510720021665624,0.0,0.0,0.05403260072962744,0.0,0.08342911526885144,0.0,0.0,0.014232820229414717,0.0,0.0,0.0,0.0,0.0,0.0,0.0,0.0,0.0,0.0,0.0031008797377159577,0.0,0.0,0.0,0.0,0.013738420026344345,OSD-223,FLS73
0.0,0.0,0.0,0.021120067676584413,0.0,0.0,0.0,0.0,0.0,0.0,0.0,0.0,0.05036471327301894,0.0,0.0,0.0,0.03596853628771812,0.0,0.0,0.0,0.0,0.0,0.0,0.0,0.0,0.0,0.0,0.01080087008295083,0.0,0.0,0.0,0.0,0.0,0.0,0.0,0.0,0.0,0.0,0.0,0.05538611723884933,0.0,0.0,0.0,0.0,0.0,0.0,0.0,0.0,0.0,0.0,0.0,0.0,0.0,0.03771168203904514,0.0,0.0,0.0,0.0,0.0,0.0,0.0,0.0,0.0,0.0,0.0,0.0,0.0,0.0,0.0,0.03133331736890314,0.0,0.0,0.07384110124729458,0.0,0.0,0.0,0.0,0.0,0.0147930654650818,0.0,0.0,0.0,0.0,0.0,0.0,0.0,0.0,0.0,0.0,0.046323917642793595,0.051242665996432235,0.07327336163104069,0.0,0.06760344603379742,0.0,0.0,0.0,0.0,0.0,0.0,0.0,0.0,0.0,0.0,0.0,0.0,0.0,0.0,0.0,0.0,0.0,0.0,0.0,0.0,0.0,0.0,0.0,0.0,0.0,0.0,0.0,0.0,0.0,0.0,0.0,0.0,0.0,0.0,0.0,0.0,0.048349563614444306,0.0,0.0,0.0,0.0,0.0,0.0,0.0,0.0,0.0,0.0,0.0,0.0,0.0,0.022756876060153544,0.02792566322943964,0.0254354527230094,0.025301938429762524,0.0,0.0,0.0,0.01511069980898862,0.0,0.027680187021509404,0.0,0.0029676885516639953,0.0,0.0,0.015449213289131312,0.0,0.0,0.036110101560674554,0.0,0.09492310768415663,0.0014035334290693265,0.0,0.03694296850584987,0.0,0.0,0.0,0.0,0.0,0.0,0.0,0.0,0.0,0.0,0.02328157820917019,0.0,0.0,0.0,0.0,0.026598565899466377,OSD-223,GCS14
0.0,0.0,0.0,0.021678303485925237,0.0,0.0,0.0,0.0,0.0,0.0,0.0,0.0,0.050498495634198684,0.0,0.0,0.0,0.06390228362179995,0.0,0.0,0.0,0.0,0.0,0.0,0.0,0.0,0.0,0.0,0.0,0.0,0.0,0.0,0.0,0.0,0.0,0.0,0.0,0.0,0.0,0.0,0.05147447024172177,0.0,0.0,0.0,0.0,0.0,0.0,0.0,0.0,0.0,0.0,0.0,0.0,0.0,0.04702940786224544,0.0,0.0,0.0,0.0,0.0,0.0,0.0,0.0,0.0,0.0,0.0,0.0,0.0,0.0,0.0,0.013987004003533695,0.0,0.0,0.08379331216999686,0.0,0.0,0.0,0.0,0.0,0.015128541330437393,0.0,0.0,0.0,0.0,0.0,0.0,0.0,0.0,0.0,0.0,0.03137702237987597,0.08818115087161046,0.07825250557425875,0.0,0.0558405452240753,0.0,0.0,0.0,0.0,0.0,0.0,0.0,0.0,0.0,0.0,0.0,0.0,0.0,0.0,0.0,0.0,0.0,0.0,0.0,0.0,0.0,0.0,0.0,0.0,0.0,0.0,0.0,0.0,0.0,0.0,0.0,0.0,0.0,0.0,0.0,0.0,0.038163637577385945,0.0,0.0,0.0,0.0,0.0,0.0,0.0,0.0,0.0,0.0,0.0,0.0,0.0,0.027652384652188233,0.03610443667069885,0.023984923647015363,0.021835230510330907,0.0,0.0,0.0,0.016997747635311432,0.0,0.018867888932540933,0.0,0.0010784785079796743,0.0,0.0,0.022846328869039274,0.0,0.0,0.04357362233405575,0.0,0.09365728784193245,0.0002569584009814757,0.0,0.03159574732949934,0.0,0.0,0.0,0.0,0.0,0.0,0.0,0.0,0.0,0.0,0.010031767870131002,0.0,0.0,0.0,0.0,0.012210516821229886,OSD-223,GCS1
0.0,0.0,0.0,0.019657719266288672,0.0,0.0,0.0,0.0,0.0,0.0,0.0,0.0,0.04619230830326945,0.0,0.0,0.0,0.0475910805233182,0.0,0.0,0.0,0.0,0.0,0.0,0.0,0.0,0.0,0.0,0.0,0.0,0.0,0.0,0.0,0.0,0.0,0.0,0.0,0.0,0.0,0.0,0.053751319917105765,0.0,0.0,0.0,0.0,0.0,0.0,0.0,0.0,0.0,0.0,0.0,0.0,0.0,0.045916661066711474,0.0,0.0,0.0,0.0,0.0,0.0,0.0,0.0,0.0,0.0,0.0,0.0,0.0,0.0,0.0,0.0,0.0,0.0,0.1143164580425683,0.0,0.0,0.0,0.0,0.0,0.0,0.0,0.0,0.0,0.0,0.0,0.0,0.0,0.0,0.0,0.0,0.023502744848588497,0.06508461282431191,0.08559274092665303,0.009237190115054611,0.06072082432099264,0.0,0.0,0.0,0.0,0.0,0.0,0.0,0.0,0.0,0.0,0.0,0.0,0.0,0.0,0.0,0.0,0.0,0.0,0.0,0.0,0.0,0.0,0.0,0.0,0.0,0.0,0.0,0.0,0.0,0.0,0.0,0.0,0.0,0.0,0.0,0.0,0.03972337692742924,0.0,0.0,0.0,0.0,0.0,0.0,0.0,0.0,0.0,0.0,0.0,0.0,0.0,0.025066825098071302,0.03957767249580943,0.02366409514968331,0.021422045529030393,0.0,0.0,0.0,0.016261347740544198,0.0,0.02403311851447244,0.0,0.0008364417998846428,0.0,0.0,0.022709102259981257,0.0,0.0,0.040235126955388965,0.0,0.0961427914366017,0.0,0.0,0.03544537514900891,0.0,0.0,0.0,0.0,0.0,0.0,0.0,0.0,0.0,0.0,0.019848254228852606,0.0,0.0,0.0,0.0,0.023470766560379063,OSD-223,GCS13
0.0,0.0,0.0,0.022752188267512637,0.0,0.0,0.0,0.0,0.0,0.0,0.0,0.0,0.0520031562412179,0.0,0.0,0.0,0.0746255218523661,0.0,0.0,0.0,0.0,0.0,0.0,0.0,0.0,0.0,0.0,0.0,0.0,0.0,0.0,0.0,0.0,0.0,0.0,0.0,0.0,0.0,0.0,0.04100207515686156,0.0,0.0,0.0,0.0,0.0,0.0,0.0,0.0,0.0,0.0,0.0,0.0,0.0,0.03633073641706939,0.0,0.0,0.0,0.0,0.0,0.0,0.0,0.0,0.0,0.0,0.0,0.0,0.0,0.0,0.0,0.028878764612218236,0.0,0.0,0.05113849740143304,0.0,0.0,0.0,0.0,0.0,0.03671758281012413,0.0,0.0,0.0,0.0,0.0,0.0,0.0,0.0,0.0,0.0,0.018774189987386242,0.11119937669882617,0.06663279582140462,0.0,0.06150126933273434,0.0,0.0,0.0,0.0,0.0,0.0,0.0,0.0,0.0,0.0,0.0,0.0,0.0,0.0,0.0,0.0,0.0,0.0,0.0,0.0,0.0,0.0,0.0,0.0,0.0,0.0,0.0,0.0,0.0,0.0,0.0,0.0,0.0,0.0,0.0,0.0,0.030151398493173078,0.0,0.0,0.0,0.0,0.0,0.0,0.0,0.0,0.0,0.0,0.0,0.0,0.0,0.031198448061611667,0.02319776386486615,0.024355402496819594,0.02684702516560083,0.0,0.0,0.0,0.018161849511220306,0.0,0.021549607742834095,0.0,0.0,0.0,0.0,0.018377210920928675,0.0,0.0,0.04555123794083008,0.0,0.09321038756888382,0.0014125078805264663,0.0,0.03269974922038789,0.0,0.0,0.0,0.0,0.0,0.0,0.0,0.0,0.0,0.0,0.011625688331308571,0.0,0.0,0.0,0.0,0.02010556820185429,OSD-223,GCS2
0.0,0.0,0.0,0.024267796678509864,0.0,0.0,0.0,0.0,0.0,0.0,0.0,0.0,0.06232393301042193,0.0,0.0,0.0,0.07853303045383783,0.0,0.0,0.0,0.0,0.0,0.0,0.0,0.0,0.0,0.0,0.0,0.0,0.0,0.0,0.0,0.0,0.0,0.0,0.0,0.0,0.0,0.0,0.03810117392234881,0.0,0.0,0.0,0.0,0.0,0.0,0.0,0.0,0.0,0.0,0.0,0.0,0.0,0.040473202301191724,0.0,0.0,0.0,0.0,0.0,0.0,0.0,0.0,0.0,0.0,0.0,0.0,0.0,0.0,0.0,0.06446559220792196,0.0,0.0,0.0,0.0,0.0,0.0,0.0,0.0,0.052616102463472696,0.0,0.0,0.0,0.0,0.0,0.0,0.0,0.0,0.0,0.0,0.03645947888287662,0.04073011940805062,0.059965506448960516,0.0,0.06848021036433592,0.0,0.0,0.0,0.0,0.0,0.0,0.0,0.0,0.0,0.0,0.0,0.0,0.0,0.0,0.0,0.0,0.0,0.0,0.0,0.0,0.0,0.0,0.0,0.0,0.0,0.0,0.0,0.0,0.0,0.0,0.0,0.0,0.0,0.0,0.0,0.0,0.03870787161422913,0.0,0.0,0.0,0.0,0.0,0.0,0.0,0.0,0.0,0.0,0.0,0.0,0.0,0.03958024251627228,0.0032369288997073377,0.02049506034721557,0.026061443137708126,0.0,0.0,0.0,0.01838435785418865,0.0,0.027863479911563103,0.0,0.0017591376231033988,0.0,0.0,0.01900848444362448,0.0,0.0,0.0405897683071699,0.0,0.0991041142749652,0.004368879664416368,0.0,0.039697606318517945,0.0,0.0,0.0,0.0,0.0,0.0,0.0,0.0,0.0,0.0,0.00848257512061154,0.0,0.0,0.0,0.0,0.04624390382477847,OSD-223,GCS18
0.0,0.0,0.0,0.022885769267380337,0.0,0.0,0.0,0.0,0.0,0.0,0.0,0.0,0.06255175458987916,0.0,0.0,0.0,0.08673800829858642,0.0,0.0,0.0,0.0,0.0,0.0,0.0,0.0,0.0,0.0,0.0,0.0,0.0,0.0,0.0,0.0,0.0,0.0,0.0,0.0,0.0,0.0,0.0314382700902264,0.0,0.0,0.0,0.0,0.0,0.0,0.0,0.0,0.0,0.0,0.0,0.0,0.0,0.03993819049976258,0.0,0.0,0.0,0.0,0.0,0.0,0.0,0.0,0.0,0.0,0.0,0.0,0.0,0.0,0.0,0.0309797941415049,0.0,0.0,0.09029852301801057,0.0,0.0,0.0,0.0,0.0,0.0,0.0,0.0,0.0,0.0,0.0,0.0,0.0,0.0,0.0,0.0,0.02008835532844294,0.04263955413283865,0.04647222008440452,0.0,0.0679955036762385,0.0,0.0,0.0,0.0,0.0,0.0,0.0,0.0,0.0,0.0,0.0,0.0,0.0,0.0,0.0,0.0,0.0,0.0,0.0,0.0,0.0,0.0,0.0,0.0,0.0,0.0,0.0,0.0,0.0,0.0,0.0,0.0,0.0,0.0,0.0,0.0,0.05901549983318549,0.0,0.0,0.0,0.0,0.0,0.0,0.0,0.0,0.0,0.0,0.0,0.0,0.0,0.042178633326650276,0.0,0.021960794515124348,0.024666741915773473,0.004021892166959973,0.0,0.0,0.018933307035254688,0.0,0.033508965563865074,0.0,0.004301497112813677,0.0,0.0,0.01853122043623731,0.0,0.0,0.04395254005541707,0.0,0.10574348512775948,0.0033445206630800454,0.0,0.03648860840889665,0.0,0.0,0.0,0.0,0.0,0.0,0.0,0.0,0.0,0.0,0.005850557894378962,0.0,0.0,0.0,0.0,0.035475792817328454,OSD-223,GCS17
0.0,0.0,0.0,0.020656893566391377,0.0,0.0,0.0,0.0,0.0,0.0,0.0,0.0,0.049628983313815524,0.0,0.0,0.0,0.0,0.0,0.0,0.0,0.0,0.0,0.0,0.0,0.0,0.0,0.0,0.0,0.0,0.0,0.0,0.0,0.0,0.0,0.0,0.0,0.0,0.0,0.0,0.0,0.0,0.0,0.0,0.0,0.0,0.0,0.0,0.0,0.0,0.0,0.0,0.0,0.0,0.005952317254563275,0.0,0.0,0.0,0.0,0.0,0.0,0.0,0.0,0.0,0.0,0.0,0.0,0.0,0.0,0.0,0.005290575286222516,0.0,0.0,0.0,0.0,0.0,0.0,0.0,0.0,0.1843483100067592,0.0,0.0,0.0,0.0,0.0,0.0,0.0,0.0,0.0,0.0,0.01927256285758651,0.14641159917968657,0.10107088908475109,0.0,0.08629848911326667,0.0,0.0,0.0,0.0,0.0,0.0,0.0,0.0,0.0,0.0,0.0,0.0,0.0,0.0,0.0,0.0,0.0,0.0,0.0,0.0,0.0,0.0,0.0,0.0,0.0,0.0,0.0,0.0,0.0,0.0,0.0,0.0,0.0,0.0,0.0,0.0,0.0,0.0,0.0,0.0,0.0,0.0,0.0,0.0,0.0,0.0,0.0,0.0,0.0,0.0,0.026907192354024195,0.09066862816900284,0.02597583861191809,0.021915687346228806,0.0,0.0,0.003332540931054112,0.022941232285199918,0.0,0.014056587534872551,0.0,0.0,0.0,0.0,0.0005396584858268615,0.0,0.0,0.07277187650185128,0.0,0.07639189960458656,0.0,0.0,0.0,0.0,0.0,0.0,0.0,0.0,0.0,0.0,0.0,0.0,0.0,0.0,0.0,0.0,0.0,0.0,0.025568238512392056,OSD-281,SAMN06468812
0.0,0.0,0.0,0.020630551584510503,0.0,0.0,0.0,0.0,0.0,0.0,0.0,0.0,0.04354957332434507,0.0,0.0,0.0,0.0,0.0,0.0,0.0,0.0,0.0,0.0,0.0,0.0,0.0,0.0,0.0,0.0,0.0,0.0,0.0,0.0,0.0,0.0,0.0,0.0,0.0,0.0,0.0,0.0,0.0,0.0,0.0,0.0,0.0,0.0,0.0,0.0,0.0,0.0,0.0,0.0,0.009497934425954513,0.0,0.0,0.0,0.0,0.0,0.0,0.0,0.0,0.0,0.0,0.0,0.0,0.0,0.0,0.0,0.009874888221555446,0.0,0.0,0.0,0.0,0.0,0.0,0.0,0.0,0.17677978679441766,0.0,0.0,0.0,0.0,0.0,0.0,0.0,0.0,0.0,0.0,0.028062401706874993,0.143733789108221,0.10172309530752825,0.0,0.08574524912682877,0.0,0.0,0.0,0.0,0.0,0.0,0.0,0.0,0.0,0.0,0.0,0.0,0.0,0.0,0.0,0.0,0.0,0.0,0.0,0.0,0.0,0.0,0.0,0.0,0.0,0.0,0.0,0.0,0.0,0.0,0.0,0.0,0.0,0.0,0.0,0.0,0.0,0.0,0.0,0.0,0.0,0.0,0.0,0.0,0.0,0.0,0.0,0.0,0.0,0.0,0.02395855281479463,0.09698086818501099,0.02655395674039028,0.020285230878586597,0.0,0.0,0.0003838312223988184,0.021170636406201586,0.0,0.011517485838989719,0.0,0.0,0.0,0.0,0.007755917333066082,0.0,0.0,0.06935751102184205,0.0,0.07428869634086827,0.0,0.0,0.0,0.0,0.0,0.0,0.0,0.0,0.0,0.0,0.0,0.0,0.0,0.0,0.0,0.0,0.0,0.0,0.028150043617614938,OSD-281,SAMN06468813
0.0,0.0,0.0,0.02170605296496313,0.0,0.0,0.0,0.0,0.0,0.0,0.0,0.0,0.045826221908188004,0.0,0.0,0.0,0.0,0.0,0.0,0.0,0.0,0.0,0.0,0.0,0.0,0.0,0.0,0.0,0.0,0.0,0.0,0.0,0.0,0.0,0.0,0.0,0.0,0.0,0.0,0.0,0.0,0.0,0.0,0.0,0.0,0.0,0.0,0.0,0.0,0.0,0.0,0.0,0.0,0.0061314545372681845,0.0,0.0,0.0,0.0,0.0,0.0,0.0,0.0,0.0,0.0,0.0,0.0,0.0,0.0,0.0,0.006034193747036259,0.0,0.0,0.0,0.0,0.0,0.0,0.0,0.0,0.18555888656640737,0.0,0.0,0.0,0.0,0.0,0.0,0.0,0.0,0.0,0.0,0.02533844900172479,0.14274771627806093,0.10188853927496326,0.0,0.08706098553994998,0.0,0.0,0.0,0.0,0.0,0.0,0.0,0.0,0.0,0.0,0.0,0.0,0.0,0.0,0.0,0.0,0.0,0.0,0.0,0.0,0.0,0.0,0.0,0.0,0.0,0.0,0.0,0.0,0.0,0.0,0.0,0.0,0.0,0.0,0.0,0.0,0.0,0.0,0.0,0.0,0.0,0.0,0.0,0.0,0.0,0.0,0.0,0.0,0.0,0.0,0.023699136342342598,0.0950444776599094,0.027816724227218082,0.023328369267669433,0.0,0.0,0.0,0.02261566310781362,0.0,0.0077297933861255825,0.0,0.0,0.0,0.0,0.004530391555929638,0.0,0.0,0.068708532921746,0.0,0.0722478297891015,0.0,0.0,0.0,0.0,0.0,0.0,0.0,0.0,0.0,0.0,0.0,0.0,0.0,0.0,0.0,0.0,0.0,0.0,0.03198658192358219,OSD-281,SAMN06468814
0.0,0.0,0.0,0.02159347060846407,0.0,0.0,0.0,0.0,0.0,0.0,0.0,0.0,0.044247732058424256,0.0,0.0,0.0,0.0,0.0,0.0,0.0,0.0,0.0,0.0,0.0,0.0,0.0,0.0,0.0,0.0,0.0,0.0,0.0,0.0,0.0,0.0,0.0,0.0,0.0,0.0,0.0,0.0,0.0,0.0,0.0,0.0,0.0,0.0,0.0,0.0,0.0,0.0,0.0,0.0,0.01114384384343339,0.0,0.0,0.0,0.0,0.0,0.0,0.0,0.0,0.0,0.0,0.0,0.0,0.0,0.0,0.0,0.0053713227976304075,0.0,0.0,0.0,0.0,0.0,0.0,0.0,0.0,0.1736514640317424,0.0,0.0,0.0,0.0,0.0,0.0,0.0,0.0,0.0,0.0,0.032793278007138174,0.1415089135213654,0.10212923305481304,0.0,0.08212844390446825,0.0,0.0,0.0,0.0,0.0,0.0,0.0,0.0,0.0,0.0,0.0,0.0,0.0,0.0,0.0,0.0,0.0,0.0,0.0,0.0,0.0,0.0,0.0,0.0,0.0,0.0,0.0,0.0,0.0,0.0,0.0,0.0,0.0,0.0,0.0,0.0,0.0,0.0,0.0,0.0,0.0,0.0,0.0,0.0,0.0,0.0,0.0,0.0,0.0,0.0,0.022956065278478696,0.0978027029365478,0.028179794388089232,0.02306391369943811,0.0,0.0,0.004319631914867472,0.02190485974760506,0.0,0.0050455025692459545,0.0,0.0,0.0,0.0,0.00889879377582948,0.0,0.0,0.07128865334840215,0.0,0.07159268583567234,0.0,0.0,0.0,0.0,0.0,0.0,0.0,0.0,0.0,0.0,0.0,0.0,0.0,0.0,0.0,0.0,0.0,0.0,0.030379694678344293,OSD-281,SAMN06468815
0.0,0.0,0.0,0.0194490293184877,0.0,0.0,0.0,0.0,0.0,0.0,0.0,0.0,0.045349695887752214,0.0,0.0,0.0,0.0,0.0,0.0,0.0,0.0,0.0,0.0,0.0,0.0,0.0,0.0,0.0,0.0,0.0,0.0,0.0,0.0,0.0,0.0,0.0,0.0,0.0,0.0,0.0,0.0,0.0,0.0,0.0,0.0,0.0,0.0,0.0,0.0,0.0,0.0,0.0,0.0,0.010863818217845428,0.0,0.0,0.0,0.0,0.0,0.0,0.0,0.0,0.0,0.0,0.0,0.0,0.0,0.0,0.0,0.008263649979652331,0.0,0.0,0.0,0.0,0.0,0.0,0.0,0.0,0.1769845933332852,0.0,0.0,0.0,0.0,0.0,0.0,0.0,0.0,0.0,0.0,0.027734273923017107,0.14196270609113618,0.10047982304128689,0.0,0.08649610623192701,0.0,0.0,0.0,0.0,0.0,0.0,0.0,0.0,0.0,0.0,0.0,0.0,0.0,0.0,0.0,0.0,0.0,0.0,0.0,0.0,0.0,0.0,0.0,0.0,0.0,0.0,0.0,0.0,0.0,0.0,0.0,0.0,0.0,0.0,0.0,0.0,0.0,0.0,0.0,0.0,0.0,0.0,0.0,0.0,0.0,0.0,0.0,0.0,0.0,0.0,0.028980992445895484,0.1057706097920011,0.025021690547175575,0.023615397166938085,0.0,0.0,0.0,0.018779574875582503,0.0,0.007674259747418678,0.0,0.0,0.0,0.0,0.004046862834531846,0.0,0.0,0.07104283656707147,0.0,0.06918167310051261,0.0,0.0,0.0,0.0,0.0,0.0,0.0,0.0,0.0,0.0,0.0,0.0,0.0,0.0,0.0,0.0,0.0,0.0,0.028302406898482756,OSD-281,SAMN06468816
0.0,0.0,0.0,0.020016541737249635,0.0,0.0,0.0,0.0,0.0,0.0,0.0,0.0,0.04918238590345912,0.0,0.0,0.0,0.0,0.0,0.0,0.0,0.0,0.0,0.0,0.0,0.0,0.0,0.0,0.0,0.0,0.0,0.0,0.0,0.0,0.0,0.0,0.0,0.0,0.0,0.0,0.0,0.0,0.0,0.0,0.0,0.0,0.0,0.0,0.0,0.0,0.0,0.0,0.0,0.0,0.007113681396326719,0.0,0.0,0.0,0.0,0.0,0.0,0.0,0.0,0.0,0.0,0.0,0.0,0.0,0.0,0.0,0.007267541437528016,0.0,0.0,0.0,0.0,0.0,0.0,0.0,0.0,0.17995376579165648,0.0,0.0,0.0,0.0,0.0,0.0,0.0,0.0,0.0,0.0,0.027773422590887945,0.1382588873069742,0.10265377889669151,0.0,0.0854015299053982,0.0,0.0,0.0,0.0,0.0,0.0,0.0,0.0,0.0,0.0,0.0,0.0,0.0,0.0,0.0,0.0,0.0,0.0,0.0,0.0,0.0,0.0,0.0,0.0,0.0,0.0,0.0,0.0,0.0,0.0,0.0,0.0,0.0,0.0,0.0,0.0,0.0,0.0,0.0,0.0,0.0,0.0,0.0,0.0,0.0,0.0,0.0,0.0,0.0,0.0,0.02633150695317564,0.11126782517744745,0.0274830480493523,0.02245450964207349,0.0,0.0,0.00010195887565368146,0.019702731549910174,0.0,0.007439372903408579,0.0,0.0,0.0,0.0,0.004437784405863875,0.0,0.0,0.0692982553904911,0.0,0.06822694503748075,0.0,0.0,0.0,0.0,0.0,0.0,0.0,0.0,0.0,0.0,0.0,0.0,0.0,0.0,0.0,0.0,0.0,0.0,0.025634527048971224,OSD-281,SAMN06468817
0.0,0.0,0.0,0.020477367505717284,0.0,0.0,0.0,0.0,0.0,0.0,0.0,0.0,0.04213239070605099,0.0,0.0,0.0,0.0,0.0,0.0,0.0,0.0,0.0,0.0,0.0,0.0,0.0,0.0,0.0,0.0,0.0,0.0,0.0,0.0,0.0,0.0,0.0,0.0,0.0,0.0,0.0,0.0,0.0,0.0,0.0,0.0,0.0,0.0,0.0,0.0,0.0,0.0,0.0,0.0,0.016518166920682722,0.0,0.0,0.0,0.0,0.0,0.0,0.0,0.0,0.0,0.0,0.0,0.0,0.0,0.0,0.0,0.0,0.0,0.0,0.0,0.0,0.0,0.0,0.0,0.0,0.18521980422800757,0.0,0.0,0.0,0.0,0.0,0.0,0.0,0.0,0.0,0.0,0.031584740366329404,0.1429442999360236,0.09604218972804324,0.0,0.08638844448925129,0.0,0.0,0.0,0.0,0.0,0.0,0.0,0.0,0.0,0.0,0.0,0.0,0.0,0.0,0.0,0.0,0.0,0.0,0.0,0.0,0.0,0.0,0.0,0.0,0.0,0.0,0.0,0.0,0.0,0.0,0.0,0.0,0.0,0.0,0.0,0.0,0.0,0.0,0.0,0.0,0.0,0.0,0.0,0.0,0.0,0.0,0.0,0.0,0.0,0.0,0.028370803058505735,0.09775342966772926,0.028346051476034265,0.019803815755465966,0.0,0.0,0.0024325204990247587,0.020353546705672177,0.0,0.0,0.0,0.0,0.0,0.0,0.0058278198959391524,0.0,0.0,0.07577210100302437,0.0,0.0683479698964975,0.0,0.0,0.0,0.0,0.0,0.0,0.0,0.0,0.0,0.0,0.0,0.0,0.0,0.0,0.0,0.0,0.0,0.0,0.031684538162000744,OSD-281,SAMN06468818
0.0,0.0,0.0,0.020670861389402835,0.0,0.0,0.0,0.0,0.0,0.0,0.0,0.0,0.050799193871824175,0.0,0.0,0.0,0.0,0.0,0.0,0.0,0.0,0.0,0.0,0.0,0.0,0.0,0.0,0.0,0.0,0.0,0.0,0.0,0.0,0.0,0.0,0.0,0.0,0.0,0.0,0.0,0.0,0.0,0.0,0.0,0.0,0.0,0.0,0.0,0.0,0.0,0.0,0.0,0.0,0.0017303713670962424,0.0,0.0,0.0,0.0,0.0,0.0,0.0,0.0,0.0,0.0,0.0,0.0,0.0,0.0,0.0,0.0,0.0,0.0,0.0,0.0,0.0,0.0,0.0,0.0,0.1835784614450107,0.0,0.0,0.0,0.0,0.0,0.0,0.0,0.0,0.0,0.0,0.028074437098984977,0.13456080742947873,0.1101785152052866,0.0,0.08325951582210485,0.0,0.0,0.0,0.0,0.0,0.0,0.0,0.0,0.0,0.0,0.0,0.0,0.0,0.0,0.0,0.0,0.0,0.0,0.0,0.0,0.0,0.0,0.0,0.0,0.0,0.0,0.0,0.0,0.0,0.0,0.0,0.0,0.0,0.0,0.0,0.0,0.0,0.0,0.0,0.0,0.0,0.0,0.0,0.0,0.0,0.0,0.0,0.0,0.0,0.0,0.026377706759065034,0.10318250755570743,0.026085593060930952,0.022898575058120603,0.0,0.0,0.0004846286510250217,0.021137567985610745,0.0,0.011378589608972658,0.0,0.0,0.0,0.0,0.0,0.0,0.0,0.0700952001527273,0.0,0.07319139690117217,0.0,0.0,0.0,0.0,0.0,0.0,0.0,0.0,0.0,0.0,0.0,0.0,0.0,0.0,0.0,0.0,0.0,0.0,0.03231607063747896,OSD-281,SAMN06468819
0.0,0.0,0.0,0.019112474701983607,0.0,0.0,0.0,0.0,0.0,0.0,0.0,0.0,0.04839614070916006,0.0,0.0,0.0,0.0,0.0,0.0,0.0,0.0,0.0,0.0,0.0,0.0,0.0,0.0,0.0,0.0,0.0,0.0,0.0,0.0,0.0,0.0,0.0,0.0,0.0,0.0,0.0,0.0,0.0,0.0,0.0,0.0,0.0,0.0,0.0,0.0,0.0,0.0,0.0,0.0,0.0,0.0,0.0,0.0,0.0,0.0,0.0,0.0,0.0,0.0,0.0,0.0,0.0,0.0,0.0,0.0,0.0,0.0,0.0,0.07614308987631156,0.0,0.0,0.0,0.0,0.0,0.10278924423958416,0.0,0.0,0.0,0.0,0.0,0.0,0.0,0.0,0.0,0.0,0.026930516314697145,0.13825013023970822,0.1037051249115817,0.0,0.08773628131970872,0.0,0.0,0.0,0.0,0.0,0.0,0.0,0.0,0.0,0.0,0.0,0.0,0.0,0.0,0.0,0.0,0.0,0.0,0.0,0.0,0.0,0.0,0.0,0.0,0.0,0.0,0.0,0.0,0.0,0.0,0.0,0.0,0.0,0.0,0.0,0.0,0.0,0.0,0.0,0.0,0.0,0.0,0.0,0.0,0.0,0.0,0.0,0.0,0.0,0.0,0.029814538273148825,0.09797106934364565,0.03209787811945541,0.020969977024718523,0.0,0.0,0.001447101126084125,0.02068374857213719,0.0,0.01598118684933737,0.0,0.0,0.0,0.0,0.011385800080058597,0.0,0.0,0.06971146391684906,0.0,0.07606542551006014,0.0,0.0,0.0,0.0,0.0,0.0,0.0,0.0,0.0,0.0,0.0,0.0,0.0,0.0,0.0,0.0,0.0,0.0,0.020808808871769995,OSD-281,SAMN06468820
0.0,0.0,0.0,0.020147313315055083,0.0,0.0,0.0,0.0,0.0,0.0,0.0,0.0,0.0463403266528515,0.0,0.0,0.0,0.0,0.0,0.0,0.0,0.0,0.0,0.0,0.0,0.0,0.0,0.0,0.0,0.0,0.0,0.0,0.0,0.0,0.0,0.0,0.0,0.0,0.0,0.0,0.0,0.0,0.0,0.0,0.0,0.0,0.0,0.0,0.0,0.0,0.0,0.0,0.0,0.0,0.010573813173234909,0.0,0.0,0.0,0.0,0.0,0.0,0.0,0.0,0.0,0.0,0.0,0.0,0.0,0.0,0.0,0.0064206923970209955,0.0,0.0,0.0,0.0,0.0,0.0,0.0,0.0,0.1767626115804631,0.0,0.0,0.0,0.0,0.0,0.0,0.0,0.0,0.0,0.0,0.030276308579453483,0.13910625318398648,0.10106066607101892,0.0,0.08924595224468487,0.0,0.0,0.0,0.0,0.0,0.0,0.0,0.0,0.0,0.0,0.0,0.0,0.0,0.0,0.0,0.0,0.0,0.0,0.0,0.0,0.0,0.0,0.0,0.0,0.0,0.0,0.0,0.0,0.0,0.0,0.0,0.0,0.0,0.0,0.0,0.0,0.0,0.0,0.0,0.0,0.0,0.0,0.0,0.0,0.0,0.0,0.0,0.0,0.0,0.0,0.027992648726292823,0.10362515672146307,0.025403203923752855,0.021746456644593657,0.0,0.0,0.0006139228800341609,0.019914569039337165,0.0,0.007467080075995872,0.0,0.0,0.0,0.0,0.0037099436561719994,0.0,0.0,0.06910022987551773,0.0,0.06981650163524958,0.0,0.0,0.0,0.0,0.0,0.0,0.0,0.0,0.0,0.0,0.0,0.0,0.0,0.0,0.0,0.0,0.0,0.0,0.0306763496238217,OSD-281,SAMN06468821
0.0,0.0,0.0,0.017666987352794733,0.0,0.0,0.0,0.0,0.0,0.0,0.0,0.0,0.04849364391505202,0.0,0.0,0.0,0.0,0.0,0.0,0.0,0.0,0.0,0.0,0.0,0.0,0.0,0.0,0.0,0.0,0.0,0.0,0.0,0.0,0.0,0.0,0.0,0.0,0.0,0.0,0.0,0.0,0.0,0.0,0.0,0.0,0.0,0.0,0.0,0.0,0.0,0.0,0.0,0.0,0.0,0.0,0.0,0.0,0.0,0.0,0.0,0.0,0.0,0.0,0.0,0.0,0.0,0.0,0.0,0.0,0.0,0.0,0.0,0.08437156861220536,0.0,0.0,0.0,0.0,0.0,0.0998791967532901,0.0,0.0,0.0,0.0,0.0,0.0,0.0,0.0,0.0,0.0,0.022158684014187746,0.137372847769122,0.10379003768041616,0.0,0.0875021562209066,0.0,0.0,0.0,0.0,0.0,0.0,0.0,0.0,0.0,0.0,0.0,0.0,0.0,0.0,0.0,0.0,0.0,0.0,0.0,0.0,0.0,0.0,0.0,0.0,0.0,0.0,0.0,0.0,0.0,0.0,0.0,0.0,0.0,0.0,0.0,0.0,0.0,0.0,0.0,0.0,0.0,0.0,0.0,0.0,0.0,0.0,0.0,0.0,0.0,0.0,0.03377258545190966,0.10262032587048482,0.026477563951373746,0.022112103145082676,0.0,0.0,0.0030608527162434476,0.021078815849503815,0.0,0.01377549051554695,0.001043168610697584,0.0,0.0,0.0,0.008449131487342021,0.0,0.0,0.06263831878318996,0.0,0.07455462766115395,0.0,0.0,0.0,0.0,0.0,0.0,0.0,0.0,0.0,0.0,0.0,0.0,0.0,0.0,0.0,0.0,0.0,0.0,0.02918189363949647,OSD-281,SAMN06468822
0.0,0.0,0.0,0.022962636681885383,0.0,0.0,0.0,0.0,0.0,0.0,0.0,0.0,0.043683192446256326,0.0,0.0,0.0,0.0,0.0,0.0,0.0,0.0,0.0,0.0,0.0,0.0,0.0,0.0,0.0,0.0,0.0,0.0,0.0,0.0,0.0,0.0,0.0,0.0,0.0,0.0,0.0,0.0,0.0,0.0,0.0,0.0,0.0,0.0,0.0,0.0,0.0,0.0,0.0,0.0,0.005880697223487735,0.0,0.0,0.0,0.0,0.0,0.0,0.0,0.0,0.0,0.0,0.0,0.0,0.0,0.0,0.0,0.0053717947787040015,0.0,0.0,0.0,0.0,0.0,0.0,0.0,0.0,0.17809563393166566,0.0,0.0,0.0,0.0,0.0,0.0,0.0,0.0,0.0,0.0,0.0337001761098862,0.13881384762413324,0.10433978271041555,0.0,0.08485197371264444,0.0,0.0,0.0,0.0,0.0,0.0,0.0,0.0,0.0,0.0,0.0,0.0,0.0,0.0,0.0,0.0,0.0,0.0,0.0,0.0,0.0,0.0,0.0,0.0,0.0,0.0,0.0,0.0,0.0,0.0,0.0,0.0,0.0,0.0,0.0,0.0,0.0,0.0,0.0,0.0,0.0,0.0,0.0,0.0,0.0,0.0,0.0,0.0,0.0,0.0,0.026257670558906168,0.10532238463957454,0.027746622123603258,0.0186793049491286,0.0,0.0,0.004959370731615115,0.01971437156514334,0.0,0.011302544999087226,0.0,0.0,0.0,0.0,0.0015887847944767099,0.0,0.0,0.06747492048977992,0.0,0.07248626014472123,0.0,0.0,0.0,0.0,0.0,0.0,0.0,0.0,0.0,0.0,0.0,0.0,0.0,0.0,0.0,0.0,0.0,0.0,0.026768029784885416,OSD-281,SAMN06468823
0.0,0.0,0.0,0.020288210627080652,0.0,0.0,0.0,0.0,0.0,0.0,0.0,0.0,0.04809972740232564,0.0,0.0,0.0,0.0,0.0,0.0,0.0,0.0,0.0,0.0,0.0,0.0,0.0,0.0,0.0,0.0,0.0,0.0,0.0,0.0,0.0,0.0,0.0,0.0,0.0,0.0,0.0,0.0,0.0,0.0,0.0,0.0,0.0,0.0,0.0,0.0,0.0,0.0,0.0,0.0,0.0004731632401031007,0.0,0.0,0.0,0.0,0.0,0.0,0.0,0.0,0.0,0.0,0.0,0.0,0.0,0.0,0.0,0.001630727377027087,0.0,0.0,0.0,0.0,0.0,0.0,0.0,0.0,0.18052046137920993,0.0,0.0,0.0,0.0,0.0,0.0,0.0,0.0,0.0,0.0,0.026691668566358236,0.1372670053507822,0.10949351212671687,0.0,0.08525340435863338,0.0,0.0,0.0,0.0,0.0,0.0,0.0,0.0,0.0,0.0,0.0,0.0,0.0,0.0,0.0,0.0,0.0,0.0,0.0,0.0,0.0,0.0,0.0,0.0,0.0,0.0,0.0,0.0,0.0,0.0,0.0,0.0,0.0,0.0,0.0,0.0,0.0,0.0,0.0,0.0,0.0,0.0,0.0,0.0,0.0,0.0,0.0,0.0,0.0,0.0,0.034647857800770586,0.10288548006714339,0.02476492734469155,0.021914527970054238,0.0,0.0,0.00438540079385614,0.02218329487106379,0.0,0.0030385611269144685,0.0,0.0,0.0,0.0,0.0,0.0,0.0,0.06677866836510533,0.0,0.07267593571923896,0.0,0.0,0.0,0.0,0.0,0.0,0.0,0.0,0.0,0.0,0.0,0.0,0.0,0.0,0.0,0.0,0.0,0.0,0.03700746551292441,OSD-281,SAMN06468824
0.0,0.0,0.0,0.019432024545090472,0.0,0.0,0.0,0.0,0.0,0.0,0.0,0.0,0.045355843964697745,0.0,0.0,0.0,0.0,0.0,0.0,0.0,0.0,0.0,0.0,0.0,0.0,0.0,0.0,0.0,0.0,0.0,0.0,0.0,0.0,0.0,0.0,0.0,0.0,0.0,0.0,0.0,0.0,0.0,0.0,0.0,0.0,0.0,0.0,0.0,0.0,0.0,0.0,0.0,0.0,0.0069996061954829755,0.0,0.0,0.0,0.0,0.0,0.0,0.0,0.0,0.0,0.0,0.0,0.0,0.0,0.0,0.0,0.00309415534062909,0.0,0.0,0.0,0.0,0.0,0.0,0.0,0.0,0.17717892888510658,0.0,0.0,0.0,0.0,0.0,0.0,0.0,0.0,0.0,0.0,0.029071250019931112,0.1450504053926461,0.11300511841237715,0.0,0.0827423252514592,0.0,0.0,0.0,0.0,0.0,0.0,0.0,0.0,0.0,0.0,0.0,0.0,0.0,0.0,0.0,0.0,0.0,0.0,0.0,0.0,0.0,0.0,0.0,0.0,0.0,0.0,0.0,0.0,0.0,0.0,0.0,0.0,0.0,0.0,0.0,0.0,0.0,0.0,0.0,0.0,0.0,0.0,0.0,0.0,0.0,0.0,0.0,0.0,0.0,0.0,0.025102800048027212,0.10965968695380043,0.028681961282502465,0.02042707018999028,0.0,0.0,0.00518544362647691,0.021414043502540482,0.0,0.0,0.0,0.0,0.0,0.0,0.0014727230895724708,0.0,0.0,0.06666447415638523,0.0,0.06959588186350296,0.0,0.0,0.0,0.0,0.0,0.0,0.0,0.0,0.0,0.0,0.0,0.0,0.0,0.0,0.0,0.0,0.0,0.0,0.02986625727978119,OSD-281,SAMN06468825
0.0,0.0,0.0,0.020628261427542992,0.0,0.0,0.0,0.0,0.0,0.0,0.0,0.0,0.045962080422846885,0.0,0.0,0.0,0.0,0.0,0.0,0.0,0.0,0.0,0.0,0.0,0.0,0.0,0.0,0.0,0.0,0.0,0.0,0.0,0.0,0.0,0.0,0.0,0.0,0.0,0.0,0.0,0.0,0.0,0.0,0.0,0.0,0.0,0.0,0.0,0.0,0.0,0.0,0.0,0.0,0.008497999862441595,0.0,0.0,0.0,0.0,0.0,0.0,0.0,0.0,0.0,0.0,0.0,0.0,0.0,0.0,0.0,0.0035743490876317886,0.0,0.0,0.0,0.0,0.0,0.0,0.0,0.0,0.16709922711488542,0.0,0.0,0.0,0.0,0.0,0.0,0.0,0.0,0.0,0.0,0.03915059911315303,0.14076901935026356,0.10560338429896879,0.0,0.07725784880272533,0.0,0.0,0.0,0.0,0.0,0.0,0.0,0.0,0.0,0.0,0.0,0.0,0.0,0.0,0.0,0.0,0.0,0.0,0.0,0.0,0.0,0.0,0.0,0.0,0.0,0.0,0.0,0.0,0.0,0.0,0.0,0.0,0.0,0.0,0.0,0.0,0.0,0.0,0.0,0.0,0.0,0.0,0.0,0.0,0.0,0.0,0.0,0.0,0.0,0.0,0.027068623793879934,0.11055538347708944,0.03187903051333459,0.021612565373316038,0.0,0.0,0.0,0.020520348051984383,0.0,0.0025146990570574673,0.0,0.0,0.0,0.0,0.0015698043824542175,0.0,0.0,0.06558514740699505,0.0,0.07664688633824653,0.0,0.0,0.0,0.0,0.0,0.0,0.0,0.0,0.0,0.0,0.0,0.0,0.0,0.0,0.0,0.0,0.0,0.0,0.03350474212518307,OSD-281,SAMN06468826
0.0,0.0,0.0,0.02022532020606426,0.0,0.0,0.0,0.0,0.0,0.0,0.0,0.0,0.04537717616282578,0.0,0.0,0.0,0.0,0.0,0.0,0.0,0.0,0.0,0.0,0.0,0.0,0.0,0.0,0.0,0.0,0.0,0.0,0.0,0.0,0.0,0.0,0.0,0.0,0.0,0.0,0.0,0.0,0.0,0.0,0.0,0.0,0.0,0.0,0.0,0.0,0.0,0.0,0.0,0.0,0.007816074341806865,0.0,0.0,0.0,0.0,0.0,0.0,0.0,0.0,0.0,0.0,0.0,0.0,0.0,0.0,0.0,0.0060830710556003965,0.0,0.0,0.0,0.0,0.0,0.0,0.0,0.0,0.16719101838774977,0.0,0.0,0.0,0.0,0.0,0.0,0.0,0.0,0.0,0.0,0.030717831835540603,0.14336401035022087,0.11213007166532378,0.0,0.08320972700894977,0.0,0.0,0.0,0.0,0.0,0.0,0.0,0.0,0.0,0.0,0.0,0.0,0.0,0.0,0.0,0.0,0.0,0.0,0.0,0.0,0.0,0.0,0.0,0.0,0.0,0.0,0.0,0.0,0.0,0.0,0.0,0.0,0.0,0.0,0.0,0.0,0.0,0.0,0.0,0.0,0.0,0.0,0.0,0.0,0.0,0.0,0.0,0.0,0.0,0.0,0.022843216478627477,0.1157394789499902,0.02790142326193047,0.02098922400096579,0.0,0.0,0.004562045651418362,0.022208346833959697,0.0,0.0,0.0,0.0,0.0,0.0,0.002538885045322288,0.0,0.0,0.06810928847869566,0.0,0.07051894838944572,0.0,0.0,0.0,0.0,0.0,0.0,0.0,0.0,0.0,0.0,0.0,0.0,0.0,0.0,0.0,0.0,0.0,0.0,0.028474841895562222,OSD-281,SAMN06468827
0.0,0.0,0.0,0.013334706188574207,0.0,0.0,0.0,0.0,0.0,0.0,0.0,0.0,0.03908612012897787,0.0,0.0,0.0,0.0,0.0,0.0,0.0,0.0,0.0,0.0,0.0,0.0,0.0,0.0,0.0,0.0,0.0,0.0,0.0,0.0,0.0,0.0,0.0,0.0,0.0,0.0,0.0,0.0,0.0,0.0,0.0,0.0,0.0,0.0,0.0,0.0,0.0,0.0,0.0,0.0,0.016582024940230332,0.0,0.0,0.0,0.0,0.0,0.0,0.0,0.0,0.0,0.0,0.0,0.0,0.0,0.0,0.0,0.016964412289241188,0.0,0.0,0.0,0.0,0.0,0.0,0.0,0.0,0.18421472338579614,0.0,0.0,0.0,0.0,0.0,0.0,0.0,0.0,0.0,0.0,0.03560874632785592,0.14801698231728827,0.08014701943316802,0.0,0.09463932021333436,0.0,0.0,0.0,0.0,0.0,0.0,0.0,0.0,0.0,0.0,0.0,0.0,0.0,0.0,0.0,0.0,0.0,0.0,0.0,0.0,0.0,0.0,0.0,0.0,0.0,0.0,0.0,0.0,0.0,0.0,0.0,0.0,0.0,0.0,0.0,0.0,0.0,0.0,0.0,0.0,0.0,0.0,0.0,0.0,0.0,0.0,0.0,0.0,0.0,0.0,0.025151029049792033,0.09579004676697732,0.023257512140866833,0.02394529634580815,0.0,0.0,0.00507121918392329,0.02017333529865405,0.0,0.003067360360012241,0.00229264711080647,0.0,0.0,0.0,0.014719856972542331,0.0,0.0,0.06789404644238857,0.0,0.05345933390331585,0.0,0.0,0.0,0.0,0.0,0.0,0.0,0.0,0.0,0.0,0.0,0.0,0.0,0.0,0.0,0.0,0.0,0.0,0.036584261200446486,OSD-281,SAMN06468828
0.0,0.0,0.0,0.007345349032940166,0.0,0.0,0.0,0.0,0.0,0.0,0.0,0.0,0.03963379770670796,0.0,0.0,0.0,0.0,0.0,0.0,0.0,0.0,0.0,0.0,0.0,0.0,0.0,0.0,0.0,0.0,0.0,0.0,0.0,0.0,0.0,0.0,0.0,0.0,0.0,0.0,0.0,0.0,0.0,0.0,0.0,0.0,0.0,0.0,0.0,0.0,0.0,0.0,0.0,0.0,0.01688056352736157,0.0,0.0,0.0,0.0,0.0,0.0,0.0,0.0,0.0,0.0,0.0,0.0,0.0,0.0,0.0,0.0,0.0,0.0,0.1575722773801747,0.0,0.0,0.0,0.0,0.0,0.043946699874525416,0.0,0.0,0.0,0.0,0.0,0.0,0.0,0.0,0.0,0.0,0.021946995198396144,0.1385657351667229,0.07439614875450182,0.01701841289094521,0.08998085437650521,0.0,0.0,0.0,0.0,0.0,0.0,0.0,0.0,0.0,0.0,0.0,0.0,0.0,0.0,0.0,0.0,0.0,0.0,0.0,0.0,0.0,0.0,0.0,0.0,0.0,0.0,0.0,0.0,0.0,0.0,0.0,0.0,0.0,0.0,0.0,0.0,0.0,0.0,0.0,0.0,0.0,0.0,0.0,0.0,0.0,0.0,0.0,0.0,0.0,0.0,0.020031083986861584,0.07079773660793125,0.02283360626661303,0.01609981199378673,0.0,0.0,0.0,0.01772105590332444,0.0,0.006392196196186864,0.012339738373949699,0.0,0.0,0.0,0.0327472527768303,0.0,0.0,0.06426466871518022,0.05776771409374555,0.06345987742358694,0.0,0.0,0.0,0.0,0.0,0.0,0.0,0.0,0.0,0.0,0.0,0.0,0.0,0.0,0.0,0.0,0.0,0.0,0.008258423753222263,OSD-281,SAMN06468829
0.0,0.0,0.0,0.020012401415567732,0.0,0.0,0.0,0.0,0.0,0.0,0.0,0.0,0.040757219671346635,0.0,0.0,0.0,0.0,0.0,0.0,0.0,0.0,0.0,0.0,0.0,0.0,0.0,0.0,0.0,0.0,0.0,0.0,0.0,0.0,0.0,0.0,0.0,0.0,0.0,0.0,0.0,0.0,0.0,0.0,0.0,0.0,0.0,0.0,0.0,0.0,0.0,0.0,0.0,0.0,0.022870773574872983,0.0,0.0,0.0,0.0,0.0,0.0,0.0,0.0,0.0,0.0,0.0,0.0,0.0,0.0,0.0,0.00977003007046519,0.0,0.0,0.0,0.0,0.0,0.0,0.0,0.0,0.18400466369480262,0.0,0.0,0.0,0.0,0.0,0.0,0.0,0.0,0.0,0.0,0.04303042209621637,0.136254879808394,0.08386565956363094,0.0,0.07979231857715371,0.0,0.0,0.0,0.0,0.0,0.0,0.0,0.0,0.0,0.0,0.0,0.0,0.0,0.0,0.0,0.0,0.0,0.0,0.0,0.0,0.0,0.0,0.0,0.0,0.0,0.0,0.0,0.0,0.0,0.0,0.0,0.0,0.0,0.0,0.0,0.0,0.0,0.0,0.0,0.0,0.0,0.0,0.0,0.0,0.0,0.0,0.0,0.0,0.0,0.0,0.023199718033074638,0.09415272064318062,0.028886089880607757,0.021445921844561622,0.0,0.0,0.0,0.02121647215553697,0.0,0.004648208441184253,0.0,0.0,0.0,0.0,0.029513723167138586,0.0,0.0,0.06465508932750955,0.0,0.06856819461875213,0.0,0.0,0.0,0.0,0.0,0.0,0.0,0.0,0.0,0.0,0.0,0.0,0.0,0.0,0.0,0.0,0.0,0.0,0.02335549341600364,OSD-281,SAMN06468830
0.0,0.0,0.0,0.016015234714677102,0.0,0.0,0.0,0.0,0.0,0.0,0.0,0.0,0.03315234325855777,0.0,0.0,0.0,0.0,0.0,0.0,0.0,0.0,0.0,0.0,0.0,0.0,0.0,0.0,0.0,0.0,0.0,0.0,0.0,0.0,0.0,0.0,0.0,0.0,0.0,0.0,0.0,0.0,0.0,0.0,0.0,0.0,0.0,0.0,0.0,0.0,0.0,0.0,0.0,0.0,0.000258637034174608,0.0,0.0,0.0,0.0,0.0,0.0,0.0,0.0,0.0,0.0,0.0,0.0,0.0,0.0,0.0,0.0,0.0,0.0,0.18557814166793732,0.0,0.0,0.0,0.0,0.0,0.010135434578833882,0.0,0.0,0.0,0.0,0.0,0.0,0.0,0.0,0.0,0.0,0.019360052333217106,0.14132382615454894,0.06770092698917082,0.04588633508770096,0.08595679936529835,0.0,0.0,0.0,0.0,0.0,0.0,0.0,0.0,0.0,0.0,0.0,0.0,0.0,0.0,0.0,0.0,0.0,0.0,0.0,0.0,0.0,0.0,0.0,0.0,0.0,0.0,0.0,0.0,0.0,0.0,0.0,0.0,0.0,0.0,0.0,0.0,0.0,0.0,0.0,0.0,0.0,0.0,0.0,0.0,0.0,0.0,0.0,0.0,0.0,0.0,0.021795212751763618,0.06929839331544319,0.02324473209965455,0.01662546143422,0.0,0.0,0.0025493452766035705,0.01901404170289833,0.0,0.0006319151645083495,0.0076852603865595745,0.0,0.0,0.0,0.03351383486435403,0.0,0.0,0.06724538898765009,0.05538893393948264,0.06789407186187271,0.0,0.0,0.0,0.0,0.0,0.0,0.0,0.0,0.0,0.0,0.0,0.0,0.0,0.0,0.0,0.0,0.0,0.0,0.009745677030872509,OSD-281,SAMN06468831
0.0,0.0,0.0,0.019406558086570963,0.0,0.0,0.0,0.0,0.0,0.0,0.0,0.0,0.04595293933463194,0.0,0.0,0.0,0.0,0.0,0.0,0.0,0.0,0.0,0.0,0.0,0.0,0.0,0.0,0.0,0.0,0.0,0.0,0.0,0.0,0.0,0.0,0.0,0.0,0.0,0.0,0.0,0.0,0.0,0.0,0.0,0.0,0.0,0.0,0.0,0.0,0.0,0.0,0.0,0.0,0.015396262131325937,0.0,0.0,0.0,0.0,0.0,0.0,0.0,0.0,0.0,0.0,0.0,0.0,0.0,0.0,0.0,0.007950695125765172,0.0,0.0,0.0,0.0,0.0,0.0,0.0,0.0,0.19163836182045058,0.0,0.0,0.0,0.0,0.0,0.0,0.0,0.0,0.0,0.0,0.03769718375367229,0.136634937980974,0.0851849984402998,0.0,0.08749103785515241,0.0,0.0,0.0,0.0,0.0,0.0,0.0,0.0,0.0,0.0,0.0,0.0,0.0,0.0,0.0,0.0,0.0,0.0,0.0,0.0,0.0,0.0,0.0,0.0,0.0,0.0,0.0,0.0,0.0,0.0,0.0,0.0,0.0,0.0,0.0,0.0,0.0,0.0,0.0,0.0,0.0,0.0,0.0,0.0,0.0,0.0,0.0,0.0,0.0,0.0,0.028485936742435655,0.08297791313031361,0.021479920765186948,0.018484357888008993,0.0,0.0,0.0,0.019404584211322993,0.0,0.016965830130632346,0.0,0.0,0.0,0.0,0.02561928195126438,0.0,0.0,0.0662123460171654,0.0,0.07172741639260548,0.0,0.0,0.0,0.0,0.0,0.0,0.0,0.0,0.0,0.0,0.0,0.0,0.0,0.0,0.0,0.0,0.0,0.0,0.02128943824222117,OSD-281,SAMN06468832
0.0,0.0,0.0,0.013895688611823557,0.0,0.0,0.0,0.0,0.0,0.0,0.0,0.0,0.040134964873129536,0.0,0.0,0.0,0.0,0.0,0.0,0.0,0.0,0.0,0.0,0.0,0.0,0.0,0.0,0.0,0.0,0.0,0.0,0.0,0.0,0.0,0.0,0.0,0.0,0.0,0.0,0.0,0.0,0.0,0.0,0.0,0.0,0.0,0.0,0.0,0.0,0.0,0.0,0.0,0.0,0.008236134251254816,0.0,0.0,0.0,0.0,0.0,0.0,0.0,0.0,0.0,0.0,0.0,0.0,0.0,0.0,0.0,0.0,0.0,0.0,0.13747024642311953,0.0,0.0,0.0,0.0,0.0,0.06793230660671687,0.0,0.0,0.0,0.0,0.0,0.0,0.0,0.0,0.0,0.0,0.02071867538635325,0.13700314862425114,0.07183653546774861,0.02389488197976388,0.09449676983255967,0.0,0.0,0.0,0.0,0.0,0.0,0.0,0.0,0.0,0.0,0.0,0.0,0.0,0.0,0.0,0.0,0.0,0.0,0.0,0.0,0.0,0.0,0.0,0.0,0.0,0.0,0.0,0.0,0.0,0.0,0.0,0.0,0.0,0.0,0.0,0.0,0.0,0.0,0.0,0.0,0.0,0.0,0.0,0.0,0.0,0.0,0.0,0.0,0.0,0.0,0.023618545052924187,0.0684220898199784,0.021784019513763544,0.02005193450821111,0.0,0.0,0.0,0.01996776207999825,0.0,0.0,0.004363662890175075,0.0,0.0,0.0,0.032785434334400065,0.0,0.0,0.06297085776915146,0.051681476426492914,0.06820612942984203,0.0,0.0,0.0,0.0,0.0,0.0,0.0,0.0,0.0,0.0,0.0,0.0,0.0,0.0,0.0,0.0,0.0,0.0,0.010528736118342147,OSD-281,SAMN06468833
0.0,0.0,0.0,0.02143484467630161,0.0,0.0,0.0,0.0,0.0,0.0,0.0,0.0,0.044739264906389645,0.0,0.0,0.0,0.0,0.0,0.0,0.0,0.0,0.0,0.0,0.0,0.0,0.0,0.0,0.0,0.0,0.0,0.0,0.0,0.0,0.0,0.0,0.0,0.0,0.0,0.0,0.0,0.0,0.0,0.0,0.0,0.0,0.0,0.0,0.0,0.0,0.0,0.0,0.0,0.0,0.025371611223573454,0.0,0.0,0.0,0.0,0.0,0.0,0.0,0.0,0.0,0.0,0.0,0.0,0.0,0.0,0.0,0.006127140700644077,0.0,0.0,0.0,0.0,0.0,0.0,0.0,0.0,0.18633697663524162,0.0,0.0,0.0,0.0,0.0,0.0,0.0,0.0,0.0,0.0,0.0512411084687247,0.1426217741058083,0.06584037941575621,0.0,0.0772434154616452,0.0,0.0,0.0,0.0,0.0,0.0,0.0,0.0,0.0,0.0,0.0,0.0,0.0,0.0,0.0,0.0,0.0,0.0,0.0,0.0,0.0,0.0,0.0,0.0,0.0,0.0,0.0,0.0,0.0,0.0,0.0,0.0,0.0,0.0,0.0,0.0,0.0,0.0,0.0,0.0,0.0,0.0,0.0,0.0,0.0,0.0,0.0,0.0,0.0,0.0,0.03647625195223625,0.06103191085059183,0.025162770613251877,0.023354735143797704,0.0,0.0,0.00431396136308799,0.02676530531455266,0.0,0.0224538064396919,0.0,0.0,0.0,0.0,0.020942661691192972,0.0,0.0,0.07491419705880678,0.0,0.07019529985596835,0.0,0.0,0.0,0.0,0.0,0.0,0.0,0.0,0.0,0.0,0.0,0.0,0.0,0.0,0.0,0.0,0.0,0.0,0.013432584122736962,OSD-281,SAMN06468834
0.0,0.0,0.0,0.018639055939711817,0.0,0.0,0.0,0.0,0.0,0.0,0.0,0.0,0.03894825779706654,0.0,0.0,0.0,0.0,0.0,0.0,0.0,0.0,0.0,0.0,0.0,0.0,0.0,0.0,0.0,0.0,0.0,0.0,0.0,0.0,0.0,0.0,0.0,0.0,0.0,0.0,0.0,0.0,0.0,0.0,0.0,0.0,0.0,0.0,0.0,0.0,0.0,0.0,0.0,0.0,0.021141249889472857,0.0,0.0,0.0,0.0,0.0,0.0,0.0,0.0,0.0,0.0,0.0,0.0,0.0,0.0,0.0,0.0064541828305878235,0.0,0.0,0.0,0.0,0.0,0.0,0.0,0.0,0.17960102771818515,0.0,0.0,0.0,0.0,0.0,0.0,0.0,0.0,0.0,0.0,0.02705524905786747,0.16293466963698264,0.08655072789457237,0.0,0.08696033465261081,0.0,0.0,0.0,0.0,0.0,0.0,0.0,0.0,0.0,0.0,0.0,0.0,0.0,0.0,0.0,0.0,0.0,0.0,0.0,0.0,0.0,0.0,0.0,0.0,0.0,0.0,0.0,0.0,0.0,0.0,0.0,0.0,0.0,0.0,0.0,0.0,0.0,0.0,0.0,0.0,0.0,0.0,0.0,0.0,0.0,0.0,0.0,0.0,0.0,0.0,0.034715542872562545,0.08342117804147864,0.0241213042448795,0.01876096826557974,0.0,0.0,0.006516574878975689,0.019895843958078238,0.0,0.014565908225125391,0.0,0.0,0.0,0.0,0.010615929237569011,0.0,0.0,0.07735269673551849,0.0,0.0650124579018364,0.0,0.0,0.0,0.0,0.0,0.0,0.0,0.0,0.0,0.0,0.0,0.0,0.0,0.0,0.0,0.0,0.0,0.0,0.016736840221338905,OSD-281,SAMN06468835
0.0,0.0,0.0,0.021752242738359812,0.0,0.0,0.0,0.0,0.0,0.0,0.0,0.0,0.03714624824997734,0.0,0.0,0.0,0.0,0.0,0.0,0.0,0.0,0.0,0.0,0.0,0.0,0.0,0.0,0.0,0.0,0.0,0.0,0.0,0.0,0.0,0.0,0.0,0.0,0.0,0.0,0.0,0.0,0.0,0.0,0.0,0.0,0.0,0.0,0.0,0.0,0.0,0.0,0.0,0.0,0.01891084572941217,0.0,0.0,0.0,0.0,0.0,0.0,0.0,0.0,0.0,0.0,0.0,0.0,0.0,0.0,0.0,0.010669758446050422,0.0,0.0,0.0,0.0,0.0,0.0,0.0,0.0,0.19866526088628852,0.0,0.0,0.0,0.0,0.0,0.0,0.0,0.0,0.0,0.0,0.030862279076948832,0.15511449001579924,0.06930214199382233,0.0,0.09507681283472785,0.0,0.0,0.0,0.0,0.0,0.0,0.0,0.0,0.0,0.0,0.0,0.0,0.0,0.0,0.0,0.0,0.0,0.0,0.0,0.0,0.0,0.0,0.0,0.0,0.0,0.0,0.0,0.0,0.0,0.0,0.0,0.0,0.0,0.0,0.0,0.0,0.0,0.0,0.0,0.0,0.0,0.0,0.0,0.0,0.0,0.0,0.0,0.0,0.0,0.0,0.034410997906486766,0.08962205586748753,0.025917707327340785,0.01838488551035711,0.0,0.0,0.0,0.016075550451061175,0.0,0.006626036256113626,0.0,0.0,0.0,0.0,0.014776975441676044,0.0,0.0,0.07242547267444012,0.0,0.06529581074616975,0.0,0.0,0.0,0.0,0.0,0.0,0.0,0.0,0.0,0.0,0.0,0.0,0.0,0.0,0.0,0.0,0.0,0.0,0.018964427847480522,OSD-281,SAMN06468836
0.0,0.0,0.0,0.011193552121079422,0.0,0.0,0.0,0.0,0.0,0.0,0.0,0.0,0.0365199891072306,0.0,0.0,0.0,0.0,0.0,0.0,0.0,0.0,0.0,0.0,0.0,0.0,0.0,0.0,0.0,0.0,0.0,0.0,0.0,0.0,0.0,0.0,0.0,0.0,0.0,0.0,0.0,0.0,0.0,0.0,0.0,0.0,0.0,0.0,0.0,0.0,0.0,0.0,0.0,0.0,0.0,0.0,0.0,0.0,0.0,0.0,0.0,0.0,0.0,0.0,0.0,0.0,0.0,0.0,0.0,0.0,0.0,0.0,0.0,0.19401619650624874,0.0,0.0,0.0,0.0,0.0,0.0,0.0,0.0,0.0,0.0,0.0,0.0,0.0,0.0,0.0,0.0,0.01385505501984841,0.14906622991217286,0.06232571470880468,0.04913354059559076,0.09282676854821846,0.0,0.0,0.0,0.0,0.0,0.0,0.0,0.0,0.0,0.0,0.0,0.0,0.0,0.0,0.0,0.0,0.0,0.0,0.0,0.0,0.0,0.0,0.0,0.0,0.0,0.0,0.0,0.0,0.0,0.0,0.0,0.0,0.0,0.0,0.0,0.0,0.0,0.0,0.0,0.0,0.0,0.0,0.0,0.0,0.0,0.0,0.0,0.0,0.0,0.0,0.02546213203282118,0.05566774851867952,0.01938709228906384,0.014489287115028471,0.0,0.0,0.000833090028890259,0.021629275546791536,0.0,0.003290357161732787,0.00954211412943735,0.0,0.0,0.0,0.0279774065306226,0.0,0.0,0.05871853294854617,0.081852769995874,0.0593799925175466,0.0,0.0,0.0,0.0,0.0,0.0,0.0,0.0,0.0,0.0,0.0,0.0,0.0,0.0,0.0,0.0,0.0,0.0,0.01283315466577168,OSD-281,SAMN06468837
0.0,0.0,0.0,0.02209484418057374,0.0,0.0,0.0,0.0,0.0,0.0,0.0,0.0,0.03904274154507552,0.0,0.0,0.0,0.0,0.0,0.0,0.0,0.0,0.0,0.0,0.0,0.0,0.0,0.0,0.0,0.0,0.0,0.0,0.0,0.0,0.0,0.0,0.0,0.0,0.0,0.0,0.0,0.0,0.0,0.0,0.0,0.0,0.0,0.0,0.0,0.0,0.0,0.0,0.0,0.0,0.024168322719299654,0.0,0.0,0.0,0.0,0.0,0.0,0.0,0.0,0.0,0.0,0.0,0.0,0.0,0.0,0.0,0.004630573976293952,0.0,0.0,0.0,0.0,0.0,0.0,0.0,0.0,0.18699787706975124,0.0,0.0,0.0,0.0,0.0,0.0,0.0,0.0,0.0,0.0,0.022732987330430204,0.15255832555571092,0.06867039379701004,0.0,0.08936395152426836,0.0,0.0,0.0,0.0,0.0,0.0,0.0,0.0,0.0,0.0,0.0,0.0,0.0,0.0,0.0,0.0,0.0,0.0,0.0,0.0,0.0,0.0,0.0,0.0,0.0,0.0,0.0,0.0,0.0,0.0,0.0,0.0,0.0,0.0,0.0,0.0,0.0,0.0,0.0,0.0,0.0,0.0,0.0,0.0,0.0,0.0,0.0,0.0,0.0,0.0,0.03566089917840699,0.08385258732132181,0.028077125963369032,0.01862569441397828,0.0,0.0,0.004286370609778272,0.023777382618851123,0.0,0.007691864868633376,0.0,0.0,0.0,0.0,0.013994366619166853,0.0,0.0,0.0798244995970088,0.0,0.07295261233751506,0.0,0.0,0.0,0.0,0.0,0.0,0.0,0.0,0.0,0.0,0.0,0.0,0.0,0.0,0.0,0.0,0.0,0.0,0.020996578773556908,OSD-281,SAMN06468838
0.0,0.0,0.0,0.008170535837808069,0.0,0.0,0.0,0.0,0.0,0.0,0.0,0.0,0.042552617000507165,0.0,0.0,0.0,0.0,0.0,0.0,0.0,0.0,0.0,0.0,0.0,0.0,0.0,0.0,0.0,0.0,0.0,0.0,0.0,0.0,0.0,0.0,0.0,0.0,0.0,0.0,0.0,0.0,0.0,0.0,0.0,0.0,0.0,0.0,0.0,0.0,0.0,0.0,0.0,0.0,0.0002922223223017919,0.0,0.0,0.0,0.0,0.0,0.0,0.0,0.0,0.0,0.0,0.0,0.0,0.0,0.0,0.0,0.0,0.0,0.0,0.1877021685848761,0.0,0.0,0.0,0.0,0.0,0.0,0.0,0.0,0.0,0.0,0.0,0.0,0.0,0.0,0.0,0.0,0.007259349659034951,0.14632107603075226,0.07018308813856242,0.04910498171102249,0.09072074025108012,0.0,0.0,0.0,0.0,0.0,0.0,0.0,0.0,0.0,0.0,0.0,0.0,0.0,0.0,0.0,0.0,0.0,0.0,0.0,0.0,0.0,0.0,0.0,0.0,0.0,0.0,0.0,0.0,0.0,0.0,0.0,0.0,0.0,0.0,0.0,0.0,0.0,0.0,0.0,0.0,0.0,0.0,0.0,0.0,0.0,0.0,0.0,0.0,0.0,0.0,0.022900270952742344,0.06386490445520865,0.021762810168223665,0.02006709367739897,0.0,0.0,0.0,0.019981160056771616,0.0,0.0034511266024997173,0.012690177253652627,0.0,0.0,0.0,0.029690621837085974,0.0,0.0,0.06270744718849867,0.08273723098330903,0.05290368996896079,0.0,0.0,0.0,0.0,0.0,0.0,0.0,0.0,0.0,0.0,0.0,0.0,0.0,0.0,0.0,0.0,0.0,0.0,0.004936687319702666,OSD-281,SAMN06468839
0.0,0.0,0.0,0.02014254681735583,0.0,0.0,0.0,0.0,0.0,0.0,0.0,0.0,0.04236569899958449,0.0,0.0,0.0,0.0,0.0,0.0,0.0,0.0,0.0,0.0,0.0,0.0,0.0,0.0,0.0,0.0,0.0,0.0,0.0,0.0,0.0,0.0,0.0,0.0,0.0,0.0,0.0,0.0,0.0,0.0,0.0,0.0,0.0,0.0,0.0,0.0,0.0,0.0,0.0,0.0,0.02114572174019932,0.0,0.0,0.0,0.0,0.0,0.0,0.0,0.0,0.0,0.0,0.0,0.0,0.0,0.0,0.0,0.007836084276402923,0.0,0.0,0.0,0.0,0.0,0.0,0.0,0.0,0.17285091143937487,0.0,0.0,0.0,0.0,0.0,0.0,0.0,0.0,0.0,0.0,0.03350808913672283,0.15631110632420742,0.07265791286157326,0.00161467598658904,0.08157100014741102,0.0,0.0,0.0,0.0,0.0,0.0,0.0,0.0,0.0,0.0,0.0,0.0,0.0,0.0,0.0,0.0,0.0,0.0,0.0,0.0,0.0,0.0,0.0,0.0,0.0,0.0,0.0,0.0,0.0,0.0,0.0,0.0,0.0,0.0,0.0,0.0,0.007915486877628724,0.0,0.0,0.0,0.0,0.0,0.0,0.0,0.0,0.0,0.0,0.0,0.0,0.0,0.025253874362078235,0.0920750852879227,0.031342507398458584,0.01855272134941593,0.0,0.0,0.004542578072832036,0.022574992396200654,0.0,0.006138949361289293,0.0,0.0,0.0,0.0,0.016404335184428277,0.0,0.0,0.07727222860647369,0.0,0.06416911489850176,0.0,0.0,0.0,0.0,0.0,0.0,0.0,0.0,0.0,0.0,0.0,0.0,0.0,0.0,0.0,0.0,0.0,0.0,0.02375437847534927,OSD-281,SAMN06468840
0.0,0.0,0.0,0.01972557891080649,0.0,0.0,0.0,0.0,0.0,0.0,0.0,0.0,0.05084640188386847,0.0,0.0,0.0,0.0,0.0,0.0,0.0,0.0,0.0,0.0,0.0,0.0,0.0,0.0,0.0,0.0,0.0,0.0,0.0,0.0,0.0,0.0,0.0,0.0,0.0,0.0,0.0,0.0,0.0,0.0,0.0,0.0,0.0,0.0,0.0,0.0,0.0,0.0,0.0,0.0,0.02306463037608366,0.0,0.0,0.0,0.0,0.0,0.0,0.0,0.0,0.0,0.0,0.0,0.0,0.0,0.0,0.0,0.0,0.0,0.0,0.0,0.0,0.0,0.0,0.0,0.0,0.18733253758593785,0.0,0.0,0.0,0.0,0.0,0.0,0.0,0.0,0.0,0.0,0.035460044467303,0.150781215444003,0.0687993727661487,0.0,0.08495434129909428,0.0,0.0,0.0,0.0,0.0,0.0,0.0,0.0,0.0,0.0,0.0,0.0,0.0,0.0,0.0,0.0,0.0,0.0,0.0,0.0,0.0,0.0,0.0,0.0,0.0,0.0,0.0,0.0,0.0,0.0,0.0,0.0,0.0,0.0,0.0,0.0,0.0033328692069558474,0.0,0.0,0.0,0.0,0.0,0.0,0.0,0.0,0.0,0.0,0.0,0.0,0.0,0.02933137742509478,0.08611475480152458,0.026128737285203586,0.01956593541926972,0.0,0.0,0.005443500809408848,0.021601809482693596,0.0,0.006986073972449036,0.0,0.0,0.0,0.0,0.019608219384506548,0.0,0.0,0.07649268094208214,0.0,0.0659285780003404,0.0,0.0,0.0,0.0,0.0,0.0,0.0,0.0,0.0,0.0,0.0,0.0,0.0,0.0,0.0,0.0,0.0,0.0,0.01850134053722535,OSD-281,SAMN06468841
0.0,0.0,0.0,0.018596968382210054,0.0,0.0,0.0,0.0,0.0,0.0,0.0,0.0,0.04231580068321863,0.0,0.0,0.0,0.0,0.0,0.0,0.0,0.0,0.0,0.0,0.0,0.0,0.0,0.0,0.0,0.0,0.0,0.0,0.0,0.0,0.0,0.0,0.0,0.0,0.0,0.0,0.0,0.0,0.0,0.0,0.0,0.0,0.0,0.0,0.0,0.0,0.0,0.0,0.0,0.0,0.023894013495480298,0.0,0.0,0.0,0.0,0.0,0.0,0.0,0.0,0.0,0.0,0.0,0.0,0.0,0.0,0.0,0.004843170786510492,0.0,0.0,0.0,0.0,0.0,0.0,0.0,0.0,0.17019063998161973,0.0,0.0,0.0,0.0,0.0,0.0,0.0,0.0,0.0,0.0,0.028621059784177578,0.1619798106225159,0.07312257503464277,0.0,0.08572860698698231,0.0,0.0,0.0,0.0,0.0,0.0,0.0,0.0,0.0,0.0,0.0,0.0,0.0,0.0,0.0,0.0,0.0,0.0,0.0,0.0,0.0,0.0,0.0,0.0,0.0,0.0,0.0,0.0,0.0,0.0,0.0,0.0,0.0,0.0,0.0,0.0,0.01338076778889574,0.0,0.0,0.0,0.0,0.0,0.0,0.0,0.0,0.0,0.0,0.0,0.0,0.0,0.024616334691942233,0.10791022237894099,0.0365345474834012,0.018274906073975437,0.0,0.0,0.0018055955978254084,0.020205817741969955,0.0,0.0,0.0,0.0,0.0,0.0,0.023524023200582046,0.0,0.0,0.07059018144540757,0.0,0.05417433245542591,0.0,0.0,0.0,0.0,0.0,0.0,0.0,0.0,0.0,0.0,0.0,0.0,0.0,0.0,0.0,0.0,0.0,0.0,0.019690625384275816,OSD-281,SAMN06468842
0.0,0.0,0.0,0.017455746233161946,0.0,0.0,0.0,0.0,0.0,0.0,0.0,0.0,0.03922446425535259,0.0,0.0,0.0,0.0,0.0,0.0,0.0,0.0,0.0,0.0,0.0,0.0,0.0,0.0,0.0,0.0,0.0,0.0,0.0,0.0,0.0,0.0,0.0,0.0,0.0,0.0,0.0,0.0,0.0,0.0,0.0,0.0,0.0,0.0,0.0,0.0,0.0,0.0,0.0,0.0,0.026980167867351044,0.0,0.0,0.0,0.0,0.0,0.0,0.0,0.0,0.0,0.0,0.0,0.0,0.0,0.0,0.0,0.00871422394090596,0.0,0.0,0.0,0.0,0.0,0.0,0.0,0.0,0.17780760435760254,0.0,0.0,0.0,0.0,0.0,0.0,0.0,0.0,0.0,0.0,0.03320033503163253,0.15835685915022582,0.06786672590364225,0.0,0.08770107653945176,0.0,0.0,0.0,0.0,0.0,0.0,0.0,0.0,0.0,0.0,0.0,0.0,0.0,0.0,0.0,0.0,0.0,0.0,0.0,0.0,0.0,0.0,0.0,0.0,0.0,0.0,0.0,0.0,0.0,0.0,0.0,0.0,0.0,0.0,0.0,0.0,0.005742226568091628,0.0,0.0,0.0,0.0,0.0,0.0,0.0,0.0,0.0,0.0,0.0,0.0,0.0,0.03204905499484077,0.08581033992960278,0.02985705100093149,0.01700866207984026,0.0,0.0,0.008108144675110203,0.019676266890021325,0.0,0.003855413858241043,0.0,0.0,0.0,0.0,0.01520061236379853,0.0,0.0,0.0725434688015303,0.0,0.06784433468179421,0.0,0.0,0.0,0.0,0.0,0.0,0.0,0.0,0.0,0.0,0.0,0.0,0.0,0.0,0.0,0.0,0.0,0.0,0.024997220876871007,OSD-281,SAMN06468844
0.0,0.0,0.0,0.021625016408928062,0.0,0.0,0.0,0.0,0.0,0.0,0.0,0.0,0.035745243606291666,0.0,0.0,0.0,0.016681852243632615,0.0,0.0,0.0,0.0,0.0,0.0,0.0,0.0,0.0,0.0,0.011408830875101951,0.0,0.0,0.0,0.0,0.0,0.0,0.0,0.0,0.0,0.0,0.0,0.07266570651356101,0.0,0.0,0.0,0.0,0.0,0.0,0.0,0.0015429137050338587,0.0,0.0,0.0,0.0,0.0,0.038688006806611296,0.0,0.0,0.0,0.0,0.0,0.0,0.0,0.0,0.0,0.0,0.0,0.0,0.0,0.0,0.0,0.0,0.0,0.0,0.0052063762654994475,0.0,0.0,0.0,0.0,0.0,0.09380059358919661,0.0,0.0,0.0,0.0,0.0,0.0,0.0,0.0,0.0,0.0,0.04043908118601391,0.12342977467209137,0.09132743903281541,0.0,0.055402936238313105,0.0,0.0,0.0,0.0,0.0,0.0,0.0,0.0,0.0,0.0,0.0,0.0,0.0,0.0,0.0,0.0,0.0,0.0,0.0,0.0,0.0,0.0,0.0,0.0,0.0,0.0,0.0,0.0,0.0,0.0,0.0,0.0,0.0,0.0,0.0,0.0,0.03750750804016049,0.0,0.0,0.0,0.0,0.0,0.0,0.0,0.0,0.0,0.0,0.0,0.0,0.0,0.02743555165613516,0.07613105815721569,0.030202751007831197,0.03148794426389988,0.00037003737595915105,0.0,0.005602991409521764,0.025088565086738766,0.0,0.01740579881708584,0.0,0.0,0.0,0.0,0.015127274382449494,0.0,0.0,0.05279010185234916,0.0,0.05224577890966835,0.0,0.0,0.0,0.0,0.0,0.0,0.0,0.0,0.0,0.0,0.0,0.0,0.0,0.008757826608762054,0.0,0.0,0.0,0.011883041289132727,0.0,OSD-314,21H5_WT_RED_Col0_1g_Rep1
0.0,0.0,0.0,0.022856785801906955,0.0,0.0,0.0,0.0,0.0,0.0,0.0,0.0,0.038664736290184534,0.0,0.0,0.0,0.027653800990831194,0.0,0.0,0.0,0.0,0.0,0.0,0.0,0.0,0.0,0.0,0.009571028507138129,0.0,0.0,0.0,0.0,0.0,0.0,0.0,0.0,0.0,0.0,0.0,0.06344300869080943,0.0,0.0,0.0,0.0,0.0,0.0,0.0,0.0,0.0,0.0,0.0,0.0,0.0,0.032881428415830125,0.0,0.0,0.0,0.0,0.0,0.0,0.0,0.0,0.0,0.0,0.0,0.0,0.0,0.0,0.0,0.0,0.0,0.0,0.016390297010229808,0.0,0.0,0.0,0.0,0.0,0.08124654309002022,0.0,0.0,0.0,0.0,0.0,0.0,0.0,0.0,0.0,0.0,0.028711827435900877,0.1253827259001578,0.09269962187279801,0.0,0.05722617386257196,0.0,0.0,0.0,0.0,0.0,0.0,0.0,0.0,0.0,0.0,0.0,0.0,0.0,0.0,0.0,0.0,0.0,0.0,0.0,0.0,0.0,0.0,0.0,0.0,0.0,0.0,0.0,0.0,0.0,0.0,0.0,0.0,0.0,0.0,0.0,0.0,0.03314946746984893,0.0,0.0,0.0,0.0,0.0,0.0,0.0,0.0,0.0,0.0,0.0,0.0,0.0,0.026833988599028337,0.07243293098281943,0.028972931979029254,0.02913724008095666,0.0,0.0,0.006473768408479242,0.024495619455315934,0.0,0.018236135236175954,0.0,0.0,0.0,0.0,0.015014566127847443,0.0,0.0,0.05206522438488867,0.0,0.06619626523901753,0.0,0.0,0.0,0.0,0.0,0.0,0.0,0.0,0.0,0.0,0.0,0.0,0.0,0.00280004961614414,0.0,0.0,0.0,0.02726345211959407,0.0002003824324753298,OSD-314,22A6_WT_RED_Col0_1g_Rep2
0.0,0.0,0.0,0.022005197449829827,0.0,0.0,0.0,0.0,0.0,0.0,0.0,0.0,0.03533955266759868,0.0,0.0,0.0,0.023902548968937603,0.0,0.0,0.0,0.0,0.0,0.0,0.0,0.0,0.0,0.0,0.011577021276308837,0.0,0.0,0.0,0.0,0.0,0.0,0.0,0.0,0.0,0.0,0.0,0.0700475134663262,0.0,0.0,0.0,0.0,0.0,0.0,0.0,0.0,0.0,0.0,0.0,0.0,0.0,0.03344296460602712,0.0,0.0,0.0,0.0,0.0,0.0,0.0,0.0,0.0,0.0,0.0,0.0,0.0,0.0,0.0,0.0,0.0,0.0,0.02631529176893262,0.0,0.0,0.0,0.0,0.0,0.07188367819332425,0.0,0.0,0.0,0.0,0.0,0.0,0.0,0.0,0.0,0.0,0.029389359070553085,0.12353204777524357,0.08946752105023258,0.0,0.05817112963824769,0.0,0.0,0.0,0.0,0.0,0.0,0.0,0.0,0.0,0.0,0.0,0.0,0.0,0.0,0.0,0.0,0.0,0.0,0.0,0.0,0.0,0.0,0.0,0.0,0.0,0.0,0.0,0.0,0.0,0.0,0.0,0.0,0.0,0.0,0.0,0.0,0.035985199072375254,0.0,0.0,0.0,0.0,0.0,0.0,0.0,0.0,0.0,0.0,0.0,0.0,0.0,0.026942963632605666,0.07033940514070448,0.031270989012164706,0.029738708528260226,0.0,0.0,0.006685685306029807,0.024671659182220435,0.0,0.018393075175392338,0.0,0.0,0.0,0.0,0.01370371720653455,0.0,0.0,0.05451418436975532,0.0,0.06407688997000424,0.0,0.0,0.0,0.0,0.0,0.0,0.0,0.0,0.0,0.0,0.0,0.0,0.0,0.000556788275650608,0.0,0.0,0.0,0.022860178779441544,0.0051867304172988436,OSD-314,23B6_WT_RED_Col0_1g_Rep3
0.0,0.0,0.0,0.01862420459867784,0.0,0.0,0.0,0.0,0.0,0.0,0.0,0.0,0.03214242493594214,0.0,0.0,0.0,0.0,0.0,0.0,0.0,0.0,0.0,0.0,0.0,0.0,0.0,0.0,0.0072525016828604095,0.0,0.0,0.0,0.0,0.0,0.0,0.0,0.0,0.0,0.0,0.0,0.08642224956920942,0.0,0.0,0.0,0.0,0.0,0.0,0.0,0.0,0.0,0.0,0.0,0.0,0.0,0.015643403992403944,0.0,0.0,0.0,0.0,0.0,0.0,0.0,0.0,0.0,0.0,0.0,0.0,0.0,0.0,0.0,0.0,0.0,0.0,0.0763400179077015,0.0,0.0,0.0,0.0,0.0,0.027725953400992823,0.0,0.0,0.0,0.0,0.0,0.0,0.0,0.0,0.0,0.0,0.03915964524741292,0.10462053289458362,0.08269629799020524,0.02072496893389585,0.07123764080731156,0.0,0.0,0.0,0.0,0.0,0.0,0.0,0.0,0.0,0.0,0.0,0.0,0.0,0.0,0.0,0.0,0.0,0.0,0.0,0.0,0.0,0.0,0.0,0.0,0.0,0.0,0.0,0.0,0.0,0.0,0.0,0.0,0.0,0.0,0.0,0.0,0.047290768233900736,0.0,0.0,0.0,0.0,0.0,0.0,0.0,0.0,0.0,0.0,0.0,0.0,0.0,0.028795167574465555,0.045620787359469596,0.032216673241553785,0.0378063088276563,0.012188959563314731,0.0,0.0021502487179768564,0.028722617450538314,0.0,0.03335014719624211,0.0,0.0,0.0,0.0,0.03134717928045566,0.0,0.0,0.036662687842253135,0.0,0.02928210375362121,0.0,0.0,0.02174975127939917,0.0,0.0,0.0,0.0,0.0,0.0,0.0,0.0,0.0,0.0,0.02464091651946439,0.0,0.0,0.0,0.0,0.005585841198491126,OSD-314,30H7_WT_DARK_Col0_1g_Rep1
0.0,0.0,0.0,0.02011518002879725,0.0,0.0,0.0,0.0,0.0,0.0,0.0,0.0,0.03445824331881267,0.0,0.0,0.0,0.0,0.0,0.0,0.0,0.0,0.0,0.0,0.0,0.0,0.0,0.0,0.003533737047325477,0.0,0.0,0.0,0.0,0.0,0.0,0.0,0.0,0.0,0.0,0.0,0.07632725690293932,0.0,0.0,0.0,0.0,0.0,0.0,0.0,0.0,0.0,0.0,0.0,0.0,0.0,0.01585789761300077,0.0,0.0,0.0,0.0,0.0,0.0,0.0,0.0,0.0,0.0,0.0,0.0,0.0,0.0,0.0,0.0,0.0,0.0,0.04818881205785242,0.0,0.0,0.0,0.0,0.0,0.0570096530707021,0.0,0.0,0.0,0.0,0.0,0.0,0.0,0.0,0.0,0.0,0.0381128305159987,0.12067696036702259,0.09059400985542368,0.01276324911247274,0.06904784399304373,0.0,0.0,0.0,0.0,0.0,0.0,0.0,0.0,0.0,0.0,0.0,0.0,0.0,0.0,0.0,0.0,0.0,0.0,0.0,0.0,0.0,0.0,0.0,0.0,0.0,0.0,0.0,0.0,0.0,0.0,0.0,0.0,0.0,0.0,0.0,0.0,0.047676204345240975,0.0,0.0,0.0,0.0,0.0,0.0,0.0,0.0,0.0,0.0,0.0,0.0,0.0,0.027016033100382295,0.05025773612552243,0.03282820859139242,0.033090680311563446,0.00831441592152389,0.0,0.01114026654065952,0.024472445102898966,0.0,0.01937736953347663,0.0,0.0,0.0,0.0,0.023412313132916432,0.0,0.0,0.04446877550997606,0.0,0.041208820352100176,0.0,0.0,0.019476276303310912,0.0,0.0,0.0,0.0,0.0,0.0,0.0,0.0,0.0,0.0,0.020659377243397094,0.0,0.0,0.0,0.0,0.00991540400224721,OSD-314,31A8_WT_DARK_Col0_1g_Rep2
0.0,0.0,0.0,0.020584378704280284,0.0,0.0,0.0,0.0,0.0,0.0,0.0,0.0,0.031335648247233124,0.0,0.0,0.0,0.0,0.0,0.0,0.0,0.0,0.0,0.0,0.0,0.0,0.0,0.0,0.008855047078091524,0.0,0.0,0.0,0.0,0.0,0.0,0.0,0.0,0.0,0.0,0.0,0.08525292888126025,0.0,0.0,0.0,0.0,0.0,0.0,0.0,0.0,0.0,0.0,0.0,0.0,0.0,0.009044689592891909,0.0,0.0,0.0,0.0,0.0,0.0,0.0,0.0,0.0,0.0,0.0,0.0,0.0,0.0,0.0,0.0,0.0,0.0,0.05838198656360861,0.0,0.0,0.0,0.0,0.0,0.044317529959151586,0.0,0.0,0.0,0.0,0.0,0.0,0.0,0.0,0.0,0.0,0.04131927071832478,0.11575087746085175,0.08534197152839766,0.01271104017196054,0.07061700387420271,0.0,0.0,0.0,0.0,0.0,0.0,0.0,0.0,0.0,0.0,0.0,0.0,0.0,0.0,0.0,0.0,0.0,0.0,0.0,0.0,0.0,0.0,0.0,0.0,0.0,0.0,0.0,0.0,0.0,0.0,0.0,0.0,0.0,0.0,0.0,0.0,0.04886903038363282,0.0,0.0,0.0,0.0,0.0,0.0,0.0,0.0,0.0,0.0,0.0,0.0,0.0,0.030113797549611597,0.05083756928481135,0.03127808762227532,0.034465153892862935,0.007975140885707561,0.0,0.007810954275918201,0.02428344115792997,0.0,0.029117221439689023,0.0,0.0,0.0,0.0,0.02431124475629604,0.0,0.0,0.04094415951161639,0.0,0.03845119100014314,0.0,0.0,0.019251574162971886,0.0,0.0,0.0,0.0,0.0,0.0,0.0,0.0,0.0,0.0,0.023176859302627313,0.0,0.0,0.0,0.0,0.005602201993651666,OSD-314,32B8_WT_DARK_Col0_1g_Rep3
0.0,0.0,0.0,0.020240887778554612,0.0,0.0,0.0,0.0,0.0,0.0,0.0,0.0,0.02966199357206895,0.0,0.0,0.0,0.0,0.0,0.0,0.0,0.0,0.0,0.0,0.0,0.0,0.0,0.0,0.009453979184669906,0.0,0.0,0.0,0.0,0.0,0.0,0.0,0.0,0.0,0.0,0.0,0.10495847152547891,0.0,0.0,0.0,0.0,0.0,0.0,0.0,0.0,0.0,0.0,0.0,0.0,0.0,0.02416134069431813,0.0,0.0,0.0,0.0,0.0,0.0,0.0,0.0,0.0,0.0,0.0,0.0,0.0,0.0,0.0,0.0,0.0,0.0,0.08488563745269771,0.0,0.0,0.0,0.0,0.0,0.025240914463454205,0.0,0.0,0.0,0.0,0.0,0.0,0.0,0.0,0.0,0.0,0.028945971732160472,0.13174817952708842,0.09745338112379565,0.0003630150228152798,0.05009913405780867,0.0,0.0,0.0,0.0,0.0,0.0,0.0,0.0,0.0,0.0,0.0,0.0,0.0,0.0,0.0,0.0,0.0,0.0,0.0,0.0,0.0,0.0,0.0,0.0,0.0,0.0,0.0,0.0,0.0,0.0,0.0,0.0,0.0,0.0,0.0,0.0,0.03092884680166791,0.0,0.0,0.0,0.0,0.0,0.0,0.0,0.0,0.0,0.0,0.0,0.0,0.0,0.01534757374907113,0.07028886141103471,0.032591352508564216,0.03157641274080354,0.0,0.0,0.009450242643466574,0.023861279046535493,0.0,0.025383398156660474,0.0,0.0,0.0,0.0,0.034463695708775506,0.0,0.0,0.042816179954599576,0.0,0.04388163944800446,0.0,0.0,0.0,0.0,0.0,0.0,0.0,0.0,0.0,0.0,0.0,0.0,0.0,0.032197611695905425,0.0,0.0,0.0,0.0,0.0,OSD-314,05G4_WT_RED_Col0_03g_Rep1
0.0,0.0,0.0,0.01956165479333303,0.0,0.0,0.0,0.0,0.0,0.0,0.0,0.0,0.03208735075153995,0.0,0.0,0.0,0.0,0.0,0.0,0.0,0.0,0.0,0.0,0.0,0.0,0.0,0.0,0.010541768719083158,0.0,0.0,0.0,0.0,0.0,0.0,0.0,0.0,0.0,0.0,0.0,0.09959601947863102,0.0,0.0,0.0,0.0,0.0,0.0,0.0,0.0,0.0,0.0,0.0,0.0,0.0,0.033525041921940044,0.0,0.0,0.0,0.0,0.0,0.0,0.0,0.0,0.0,0.0,0.0,0.0,0.0,0.0,0.0,0.0,0.0,0.0,0.0621697199406841,0.0,0.0,0.0,0.0,0.0,0.04293029996246461,0.0,0.0,0.0,0.0,0.0,0.0,0.0,0.0,0.0,0.0,0.024926718006224664,0.12448066216723942,0.09900202465201358,0.0,0.0544376345215037,0.0,0.0,0.0,0.0,0.0,0.0,0.0,0.0,0.0,0.0,0.0,0.0,0.0,0.0,0.0,0.0,0.0,0.0,0.0,0.0,0.0,0.0,0.0,0.0,0.0,0.0,0.0,0.0,0.0,0.0,0.0,0.0,0.0,0.0,0.0,0.0,0.029498903943561302,0.0,0.0,0.0,0.0,0.0,0.0,0.0,0.0,0.0,0.0,0.0,0.0,0.0,0.01900784202366158,0.07159214158648879,0.03267929052407577,0.029533188209443652,0.0,0.0,0.009738376753393362,0.02571598070044544,0.0,0.028364036456209486,0.0,0.0,0.0,0.0,0.034687990558873213,0.0,0.0,0.043311707307479734,0.0,0.04195192868052025,0.0,0.0,0.0005639676590019732,0.0,0.0,0.0,0.0,0.0,0.0,0.0,0.0,0.0,0.0,0.03009575068218804,0.0,0.0,0.0,0.0,0.0,OSD-314,06H4_WT_RED_Col0_03g_Rep2
0.0,0.0,0.0,0.018528514934793613,0.0,0.0,0.0,0.0,0.0,0.0,0.0,0.0,0.0254447840103488,0.0,0.0,0.0,0.0,0.0,0.0,0.0,0.0,0.0,0.0,0.0,0.0,0.0,0.0,0.004317553908510276,0.0,0.0,0.0,0.0,0.0,0.0,0.0,0.0,0.0,0.0,0.0,0.10166639871294515,0.0,0.0,0.0,0.0,0.0,0.0,0.0,0.0,0.0,0.0,0.0,0.0,0.0,0.016333277831590033,0.0,0.0,0.0,0.0,0.0,0.0,0.0,0.0,0.0,0.0,0.0,0.0,0.0,0.0,0.0,0.0,0.0,0.0,0.11851787231530199,0.0,0.0,0.0,0.0,0.0,0.0,0.0,0.0,0.0,0.0,0.0,0.0,0.0,0.0,0.0,0.0,0.009678897081732132,0.13111728016787735,0.10367600803413976,0.0016183528590331642,0.06053481803979714,0.0,0.0,0.0,0.0,0.0,0.0,0.0,0.0,0.0,0.0,0.0,0.0,0.0,0.0,0.0,0.0,0.0,0.0,0.0,0.0,0.0,0.0,0.0,0.0,0.0,0.0,0.0,0.0,0.0,0.0,0.0,0.0,0.0,0.0,0.0,0.0,0.03115927654977919,0.0,0.0,0.0,0.0,0.0,0.0,0.0,0.0,0.0,0.0,0.0,0.0,0.0,0.01595056083121666,0.07380454764409883,0.03255517688815961,0.02461488957282993,0.0,0.0,0.013262474660995597,0.024217460578545912,0.0,0.02436917796801616,0.0,0.0,0.0,0.0,0.029623904462644842,0.0,0.0,0.050960783772222434,0.0,0.05052179395793584,0.0,0.0,0.0,0.0,0.0,0.0,0.0,0.0,0.0,0.0,0.0,0.0,0.0,0.017919165726545505,0.0,0.0,0.0,0.014761300567907518,0.0048457289230326465,OSD-314,07A5_WT_RED_Col0_03g_Rep3
0.0,0.0,0.0,0.01909415503894593,0.0,0.0,0.0,0.0,0.0,0.0,0.0,0.0,0.027950541540440202,0.0,0.0,0.0,0.0,0.0,0.0,0.0,0.0,0.0,0.0,0.0,0.0,0.0,0.0,0.008617589092422917,0.0,0.0,0.0,0.0,0.0,0.0,0.0,0.0,0.0,0.0,0.0,0.09677934698092508,0.0,0.0,0.0,0.0,0.0,0.0,0.0,0.0,0.0,0.0,0.0,0.0,0.0,0.002901472169103603,0.0,0.0,0.0,0.0,0.0,0.0,0.0,0.0,0.0,0.0,0.0,0.0,0.0,0.0,0.0,0.0,0.0,0.0,0.09427993540006602,0.0,0.0,0.0,0.0,0.0,0.02961381741954098,0.0,0.0,0.0,0.0,0.0,0.0,0.0,0.0,0.0,0.0,0.051022395010802093,0.12466755727080671,0.08559554463804642,0.007109752356378685,0.05633413522550917,0.0,0.0,0.0,0.0,0.0,0.0,0.0,0.0,0.0,0.0,0.0,0.0,0.0,0.0,0.0,0.0,0.0,0.0,0.0,0.0,0.0,0.0,0.0,0.0,0.0,0.0,0.0,0.0,0.0,0.0,0.0,0.0,0.0,0.0,0.0,0.0,0.03482479205985365,0.0,0.0,0.0,0.0,0.0,0.0,0.0,0.0,0.0,0.0,0.0,0.0,0.0,0.027124489677756256,0.03707637255516235,0.03076250386591643,0.035984041355085164,0.005135045204396159,0.0,0.011649008429319234,0.028313288893383005,0.0,0.031010357858528067,0.0,0.0,0.0,0.0,0.0435038275674105,0.0,0.0,0.03797625023868175,0.0,0.02946446416706142,0.0,0.0,0.00491639920267744,0.0,0.0,0.0,0.0,0.0,0.0,0.0,0.0,0.0,0.0,0.0334969394079839,0.0,0.0,0.0,0.0,0.0047959773737969195,OSD-314,13I4_WT_DARK_Col0_03g_Rep1
0.0,0.0,0.0,0.018720082715706746,0.0,0.0,0.0,0.0,0.0,0.0,0.0,0.0,0.029685476800320635,0.0,0.0,0.0,0.0,0.0,0.0,0.0,0.0,0.0,0.0,0.0,0.0,0.0,0.0,0.0060516579064295445,0.0,0.0,0.0,0.0,0.0,0.0,0.0,0.0,0.0,0.0,0.0,0.09486749058454029,0.0,0.0,0.0,0.0,0.0,0.0,0.0,0.0006793486343410163,0.0,0.0,0.0,0.0,0.0,0.010512044379164755,0.0,0.0,0.0,0.0,0.0,0.0,0.0,0.0,0.0,0.0,0.0,0.0,0.0,0.0,0.0,0.0,0.0,0.0,0.05421484275297642,0.0,0.0,0.0,0.0,0.0,0.06077450076529764,0.0,0.0,0.0,0.0,0.0,0.0,0.0,0.0,0.0,0.0,0.04376570636904673,0.1298540839409925,0.08550961073116653,0.004517330046373891,0.0532622571647405,0.0,0.0,0.0,0.0,0.0,0.0,0.0,0.0,0.0,0.0,0.0,0.0,0.0,0.0,0.0,0.0,0.0,0.0,0.0,0.0,0.0,0.0,0.0,0.0,0.0,0.0,0.0,0.0,0.0,0.0,0.0,0.0,0.0,0.0,0.0,0.0,0.04245133240792405,0.0,0.0,0.0,0.0,0.0,0.0,0.0,0.0,0.0,0.0,0.0,0.0,0.0,0.027096499513822165,0.02976465455245325,0.031648366420275756,0.03553333338879972,0.007616756190437844,0.0,0.016289303696338592,0.024326197162893807,0.0,0.04089302705966328,0.0,0.0,0.0,0.0,0.043780863005321524,0.0,0.0,0.03614739669466128,0.0,0.03159155154253238,0.0,0.0,0.004676506227634405,0.0,0.0,0.0,0.0,0.0,0.0,0.0,0.0,0.0,0.0,0.03233599276077114,0.0,0.0,0.0,0.0,0.003433786585373525,OSD-314,14J4_WT_DARK_Col0_03g_Rep2
0.0,0.0,0.0,0.01951240090817033,0.0,0.0,0.0,0.0,0.0,0.0,0.0,0.0,0.02956449857651577,0.0,0.0,0.0,0.0,0.0,0.0,0.0,0.0,0.0,0.0,0.0,0.0,0.0,0.0,0.008684543538902469,0.0,0.0,0.0,0.0,0.0,0.0,0.0,0.0,0.0,0.0,0.0,0.09003755526186782,0.0,0.0,0.0,0.0,0.0,0.0,0.0,0.0,0.0,0.0,0.0,0.0,0.0,0.0,0.0,0.0,0.0,0.0,0.0,0.0,0.0,0.0,0.0,0.0,0.0,0.0,0.0,0.0,0.0,0.0,0.0,0.0,0.10254036257291277,0.0,0.0,0.0,0.0,0.0,0.015903955647572864,0.0,0.0,0.0,0.0,0.0,0.0,0.0,0.0,0.0,0.0,0.04842048491601056,0.12717754394147393,0.08179934582081995,0.005420092065235712,0.0604813250656612,0.0,0.0,0.0,0.0,0.0,0.0,0.0,0.0,0.0,0.0,0.0,0.0,0.0,0.0,0.0,0.0,0.0,0.0,0.0,0.0,0.0,0.0,0.0,0.0,0.0,0.0,0.0,0.0,0.0,0.0,0.0,0.0,0.0,0.0,0.0,0.0,0.03750759740745754,0.0,0.0,0.0,0.0,0.0,0.0,0.0,0.0,0.0,0.0,0.0,0.0,0.0,0.021416992480862013,0.03706788520492913,0.0303427607463477,0.029887237819500825,0.003409251492444085,0.0,0.019872204163386382,0.025180442263997873,0.0,0.0397592925932486,0.0,0.0,0.0,0.0,0.04105097709177968,0.0,0.0,0.03884736813487369,0.0,0.04005359615698126,0.0,0.0,0.006045465309427497,0.0,0.0,0.0,0.0,0.0,0.0,0.0,0.0,0.0,0.0,0.03698067702392261,0.0,0.0,0.0,0.0,0.003036143795698056,OSD-314,15A7_WT_DARK_Col0_03g_Rep3
0.0,0.0,0.0,0.019555679101043857,0.0,0.0,0.0,0.0,0.0,0.0,0.0,0.0,0.03440437053523069,0.0,0.0,0.0,0.0,0.0,0.0,0.0,0.0,0.0,0.0,0.0,0.0,0.0,0.0,0.0,0.0,0.0,0.0,0.0,0.0,0.0,0.0,0.0,0.0,0.0,0.0,0.06896928044542032,0.0,0.0,0.0,0.0,0.0,0.0,0.0,0.0,0.0,0.0,0.0,0.0,0.0,0.0,0.0,0.0,0.0,0.0,0.0,0.0,0.0,0.0,0.0,0.0,0.0,0.0,0.0,0.0,0.0,0.0,0.0,0.0,0.12234169262864537,0.0,0.0,0.0,0.0,0.0,0.0,0.0,0.0,0.0,0.0,0.0,0.0,0.0,0.0,0.0,0.0,0.024098435132451204,0.11373262947445868,0.10802566156620663,0.013969280529981249,0.07614284297875094,0.0,0.0,0.0,0.0,0.0,0.0,0.0,0.0,0.0,0.0,0.0,0.0,0.0,0.0,0.0,0.0,0.0,0.0,0.0,0.0,0.0,0.0,0.0,0.0,0.0,0.0,0.0,0.0,0.0,0.0,0.0,0.0,0.0,0.0,0.0,0.0,0.04488898275948083,0.0,0.0,0.0,0.0,0.0,0.0,0.0,0.0,0.0,0.0,0.0,0.0,0.0,0.02154571633054674,0.07835916018016897,0.033905320789336224,0.02899892416653528,0.0031639800612569494,0.0,0.008198643179763264,0.025337042212615457,0.0,0.02221426416890865,0.0,0.0,0.0,0.0,0.02755615444607976,0.0,0.0,0.050267063444947475,0.0,0.01991640379949578,0.0,0.0,0.019726071915416813,0.0,0.0,0.0,0.0,0.0,0.0,0.0,0.0,0.0,0.0,0.015701287533936417,0.0,0.0,0.0,0.016843943467232593,0.002137169152089753,OSD-314,JBA1_WT_DARK_Col0_0g_Rep1
0.0,0.0,0.0,0.017842018981235077,0.0,0.0,0.0,0.0,0.0,0.0,0.0,0.0,0.03456891538333704,0.0,0.0,0.0,0.0,0.0,0.0,0.0,0.0,0.0,0.0,0.0,0.0,0.0,0.0,0.0,0.0,0.0,0.0,0.0,0.0,0.0,0.0,0.0,0.0,0.0,0.0,0.05920150671056036,0.0,0.0,0.0,0.0,0.0,0.0,0.0,0.0,0.0,0.0,0.0,0.0,0.0,0.005981782101397934,0.0,0.0,0.0,0.0,0.0,0.0,0.0,0.0,0.0,0.0,0.0,0.0,0.0,0.0,0.0,0.0,0.0,0.0,0.11850423317947573,0.0,0.0,0.0,0.0,0.0,0.0,0.0,0.0,0.0,0.0,0.0,0.0,0.0,0.0,0.0,0.0,0.028847023262837074,0.09104908081354993,0.1118227263498368,0.02097117290500589,0.07511488846200187,0.0,0.0,0.0,0.0,0.0,0.0,0.0,0.0,0.0,0.0,0.0,0.0,0.0,0.0,0.0,0.0,0.0,0.0,0.0,0.0,0.0,0.0,0.0,0.0,0.0,0.0,0.0,0.0,0.0,0.0,0.0,0.0,0.0,0.0,0.0,0.0,0.05737426853688611,0.0,0.0,0.0,0.0,0.0,0.0,0.0,0.0,0.0,0.0,0.0,0.0,0.0,0.01707080594285875,0.09434288308219828,0.03217134870530332,0.03332933520145517,0.009985481011366601,0.0,0.008805545209217815,0.021089461224876867,0.0,0.021386381128913497,0.0,0.0,0.0,0.0,0.029660451771016044,0.0,0.0,0.043311454132478,0.0,0.011002895513908323,0.0,0.0,0.017220354918543568,0.0,0.0,0.0,0.0,0.0,0.0,0.0,0.0,0.0,0.0,0.013386392777607125,0.0,0.0,0.0,0.010285619591670944,0.015673973102461915,OSD-314,JBB1_WT_DARK_Col0_0g_Rep2
0.0,0.0,0.0,0.017870387250975325,0.0,0.0,0.0,0.0,0.0,0.0,0.0,0.0,0.03326370656306646,0.0,0.0,0.0,0.0,0.0,0.0,0.0,0.0,0.0,0.0,0.0,0.0,0.0,0.0,0.0031948367150785406,0.0,0.0,0.0,0.0,0.0,0.0,0.0,0.0,0.0,0.0,0.0,0.06865036228475348,0.0,0.0,0.0,0.0,0.0,0.0,0.0,0.0,0.0,0.0,0.0,0.0,0.0,0.016788252510561222,0.0,0.0,0.0,0.0,0.0,0.0,0.0,0.0,0.0,0.0,0.0,0.0,0.0,0.0,0.0,0.0,0.0,0.0,0.09384792571736693,0.0,0.0,0.0,0.0,0.0,0.023748915265940786,0.0,0.0,0.0,0.0,0.0,0.0,0.0,0.0,0.0,0.0,0.0043666252307218755,0.1317439347932821,0.11037378049546961,0.0014444277952459833,0.07105011710702545,0.0,0.0,0.0,0.0,0.0,0.0,0.0,0.0,0.0,0.0,0.0,0.0,0.0,0.0,0.0,0.0,0.0,0.0,0.0,0.0,0.0,0.0,0.0,0.0,0.0,0.0,0.0,0.0,0.0,0.0,0.0,0.0,0.0,0.0,0.0,0.0,0.04054555821764262,0.0,0.0,0.0,0.0,0.0,0.0,0.0,0.0,0.0,0.0,0.0,0.0,0.0,0.0178915499878216,0.08558743105033573,0.030253518137697975,0.023780721451912002,0.0,0.0,0.012732461374490975,0.024239865593726945,0.0,0.020182822636659634,0.0,0.0,0.0,0.0,0.017775759187609572,0.0,0.0,0.050083950943105845,0.0,0.05118682198271422,0.0,0.0,0.006761047173364398,0.0,0.0,0.0,0.0,0.0,0.0,0.0,0.0,0.0,0.0,0.0,0.0,0.0,0.0,0.04263522053343079,0.0,OSD-314,JBH2_WT_RED_Col0_0g_Rep1
0.0,0.0,0.0,0.018910159457787668,0.0,0.0,0.0,0.0,0.0,0.0,0.0,0.0,0.03372722709568098,0.0,0.0,0.0,0.0,0.0,0.0,0.0,0.0,0.0,0.0,0.0,0.0,0.0,0.0,0.0,0.0,0.0,0.0,0.0,0.0,0.0,0.0,0.0,0.0,0.0,0.0,0.06676365122049212,0.0,0.0,0.0,0.0,0.0,0.0,0.0,0.0,0.0,0.0,0.0,0.0,0.0,0.014501605312600046,0.0,0.0,0.0,0.0,0.0,0.0,0.0,0.0,0.0,0.0,0.0,0.0,0.0,0.0,0.0,0.0,0.0,0.0,0.11440265337908076,0.0,0.0,0.0,0.0,0.0,0.00397356271169577,0.0,0.0,0.0,0.0,0.0,0.0,0.0,0.0,0.0,0.0,0.006177895064694166,0.1272446898653412,0.11792880580594378,0.007332534524227587,0.06573621476154048,0.0,0.0,0.0,0.0,0.0,0.0,0.0,0.0,0.0,0.0,0.0,0.0,0.0,0.0,0.0,0.0,0.0,0.0,0.0,0.0,0.0,0.0,0.0,0.0,0.0,0.0,0.0,0.0,0.0,0.0,0.0,0.0,0.0,0.0,0.0,0.0,0.03694218133387866,0.0,0.0,0.0,0.0,0.0,0.0,0.0,0.0,0.0,0.0,0.0,0.0,0.0,0.017804402517339862,0.09244863755331605,0.0322919420588446,0.02203068774025213,0.0,0.0,0.013634990698599391,0.022123282254024393,0.0,0.020885981292509057,0.0,0.0,0.0,0.0,0.027264188354817632,0.0,0.0,0.056347843025783946,0.0,0.03957696927335963,0.0,0.0,0.0002839035768623121,0.0,0.0,0.0,0.0,0.0,0.0,0.0,0.0,0.0,0.0,0.0,0.0,0.0,0.0,0.04090347804414261,0.000762513077185112,OSD-314,JBA3_WT_RED_Col0_0g_Rep2
0.0,0.0,0.0,0.017926442209364783,0.0,0.0,0.0,0.0,0.0,0.0,0.0,0.0,0.0354173116228303,0.0,0.0,0.0,0.0,0.0,0.0,0.0,0.0,0.0,0.0,0.0,0.0,0.0,0.0,0.0,0.0,0.0,0.0,0.0,0.0,0.0,0.0,0.0,0.0,0.0,0.0,0.056939305112731764,0.0,0.0,0.0,0.0,0.0,0.0,0.0,0.0,0.0,0.0,0.0,0.0,0.0,0.023989531818211438,0.0,0.0,0.0,0.0,0.0,0.0,0.0,0.0,0.0,0.0,0.0,0.0,0.0,0.0,0.0,0.0,0.0,0.0,0.044477959880785616,0.0,0.0,0.0,0.0,0.0,0.06709199415038593,0.0,0.0,0.0,0.0,0.0,0.0,0.0,0.0,0.0,0.0,0.002664240154556625,0.14342503648420446,0.11838426169441904,0.0,0.06183854717398918,0.0,0.0,0.0,0.0,0.0,0.0,0.0,0.0,0.0,0.0,0.0,0.0,0.0,0.0,0.0,0.0,0.0,0.0,0.0,0.0,0.0,0.0,0.0,0.0,0.0,0.0,0.0,0.0,0.0,0.0,0.0,0.0,0.0,0.0,0.0,0.0,0.04035515936121989,0.0,0.0,0.0,0.0,0.0,0.0,0.0,0.0,0.0,0.0,0.0,0.0,0.0,0.020639894776281902,0.08988540351655686,0.030980514555259908,0.025458462987716556,0.0,0.0,0.010229636099079627,0.0203001243025397,0.0,0.017606222023741937,0.0,0.0,0.0,0.0,0.01898778882333077,0.0,0.0,0.05549610297567408,0.0,0.04799083565749434,0.0,0.0,0.0,0.0,0.0,0.0,0.0,0.0,0.0,0.0,0.0,0.0,0.0,0.0,0.0,0.0,0.0,0.04756671633390818,0.0023485082857171045,OSD-314,JBB3_WT_RED_Col0_0g_Rep3
0.0,0.0,0.0,0.019055716009130627,0.0,0.0,0.0,0.0,0.0,0.0,0.0,0.0,0.051200605892171375,0.0,0.0,0.0,0.0,0.0,0.0,0.0,0.0,0.0,0.0,0.0,0.0,0.0,0.0,0.0,0.0,0.0,0.0,0.0,0.0,0.0,0.0,0.0,0.0,0.0,0.0,0.04695207949119763,0.0,0.0,0.0,0.0,0.0,0.0,0.0,0.0,0.0,0.0,0.0,0.0,0.0,0.01658447053493159,0.0,0.0,0.0,0.0,0.0,0.0,0.0,0.0,0.0,0.0,0.0,0.0,0.0,0.0,0.0,0.04409381905451343,0.0,0.0,0.0,0.0,0.0,0.0,0.0,0.0,0.08059159531464151,0.0,0.0,0.0,0.0,0.0,0.0,0.0,0.0,0.0,0.0,0.06084674933439966,0.10111478507692036,0.09742682091608842,0.011240120451661942,0.06793481444893537,0.0,0.0,0.0,0.0,0.0,0.0,0.0,0.0,0.0,0.0,0.0,0.0,0.0,0.0,0.0,0.0,0.0,0.0,0.0,0.0,0.0,0.0,0.0,0.0,0.0,0.0,0.0,0.0,0.0,0.0,0.0,0.0,0.0,0.0,0.0,0.0,0.008181333696896486,0.0,0.0,0.0,0.0,0.0,0.0,0.0,0.0,0.0,0.0,0.0,0.0,0.0,0.04838768919826181,0.08323896276442952,0.028531279915639866,0.02818890432503343,0.0012715412091689126,0.0,0.0,0.020347200184772242,0.0,0.01859796658683745,0.0,0.0,0.0,0.0,0.007254109019752248,0.0,0.0,0.03951152915670929,0.0,0.059047250433255635,0.0,0.0,0.0030878918786914986,0.0,0.0,0.0,0.0,0.0,0.0,0.0,0.0,0.0,0.0,0.0050708616038236285,0.0,0.0,0.0,0.0028171209550422595,0.04942478254709372,OSD-321,GSM4486031
0.0,0.0,0.0,0.01846664821413423,0.0,0.0,0.0,0.0,0.0,0.0,0.0,0.0,0.05204273577841924,0.0,0.0,0.0,0.0,0.0,0.0,0.0,0.0,0.0,0.0,0.0,0.0,0.0,0.0,0.0005912138050905795,0.0,0.0,0.0,0.0,0.0,0.0,0.0,0.0,0.0,0.0,0.0,0.0514622717824608,0.0,0.0,0.0,0.0,0.0,0.0,0.0,0.0,0.0,0.0,0.0,0.0,0.0,0.01805279802501387,0.0,0.0,0.0,0.0,0.0,0.0,0.0,0.0,0.0,0.0,0.0,0.0,0.0,0.0,0.0,0.04730898576706133,0.0,0.0,0.0,0.0,0.0,0.0,0.0,0.0,0.07522828628282306,0.0,0.001756346452742326,0.0,0.0,0.0,0.0,0.0,0.0,0.0,0.0,0.06495747937512625,0.09234554498464431,0.09070926559810898,0.013104048563566824,0.06828259971202565,0.0,0.0,0.0,0.0,0.0,0.0,0.0,0.0,0.0,0.0,0.0,0.0,0.0,0.0,0.0,0.0,0.0,0.0,0.0,0.0,0.0,0.0,0.0,0.0,0.0,0.0,0.0,0.0,0.0,0.0,0.0,0.0,0.0,0.0,0.0,0.0,0.008721310576403109,0.0,0.0,0.0,0.0,0.0,0.0,0.0,0.0,0.0,0.0,0.0,0.0,0.0,0.04494410478075649,0.07825323323254077,0.02711625811924242,0.02635498545159859,0.006602421891090098,0.0,0.0,0.02103195819338979,0.0,0.021281207860955415,0.0,0.0,0.0,0.0,0.00828192284105175,0.0,0.0,0.04038271017483823,0.0,0.057702456109262605,0.0,0.0,0.005260497270074285,0.0,0.0,0.0,0.0,0.0,0.0,0.0,0.0,0.0,0.0,0.013447558281581578,0.0,0.0,0.0,0.0,0.046311150875997235,OSD-321,GSM4486032
0.0,0.0,0.0,0.019137656868871488,0.0,0.0,0.0,0.0,0.0,0.0,0.0,0.0,0.05276788345024575,0.0,0.0,0.0,0.0,0.0,0.0,0.0,0.0,0.0,0.0,0.0,0.0,0.0,0.0,0.0,0.0,0.0,0.0,0.0,0.0,0.0,0.0,0.0,0.0,0.0,0.0,0.055504957387826195,0.0,0.0,0.0,0.0,0.0,0.0,0.0,0.0,0.0,0.0,0.0,0.0,0.0,0.019511970492118908,0.0,0.0,0.0,0.0,0.0,0.0,0.0,0.0,0.0,0.0,0.0,0.0,0.0,0.0,0.0,0.04799586770885409,0.0,0.0,0.0,0.0,0.0,0.0,0.0,0.0,0.07447733702945748,0.0,0.0,0.0,0.0,0.0,0.0,0.0,0.0,0.0,0.0,0.05798911401178297,0.0866635306357262,0.08891706063586802,0.020298283830764423,0.06793812478438932,0.0,0.0,0.0,0.0,0.0,0.0,0.0,0.0,0.0,0.0,0.0,0.0,0.0,0.0,0.0,0.0,0.0,0.0,0.0,0.0,0.0,0.0,0.0,0.0,0.0,0.0,0.0,0.0,0.0,0.0,0.0,0.0,0.0,0.0,0.0,0.0,0.009494736438907907,0.0,0.0,0.0,0.0,0.0,0.0,0.0,0.0,0.0,0.0,0.0,0.0,0.0,0.04905222403125846,0.07867169190851339,0.0249955038880539,0.026278738355657805,0.006414291691082849,0.0,0.0,0.020794834638855095,0.0,0.020419490853286093,0.0,0.0,0.0,0.0,0.018050250560639344,0.0,0.0,0.035230143726958665,0.0,0.05777365734981053,0.0,0.0,0.0008624169170009312,0.0,0.0,0.0,0.0,0.0,0.0,0.0,0.0,0.0,0.0,0.015723132314744072,0.0,0.0,0.0,0.0,0.045037100489325854,OSD-321,GSM4486033
0.0,0.0,0.0,0.01943219373052199,0.0,0.0,0.0,0.0,0.0,0.0,0.0,0.0,0.05425740730234538,0.0,0.0,0.0,0.0,0.0,0.0,0.0,0.0,0.0,0.0,0.0,0.0,0.0,0.0,0.0,0.0,0.0,0.0,0.0,0.0,0.0,0.0,0.0,0.0,0.0,0.0,0.05666688836857264,0.0,0.0,0.0,0.0,0.0,0.0,0.0,0.0,0.0,0.0,0.0,0.0,0.0,0.015723774707765096,0.0,0.0,0.0,0.0,0.0,0.0,0.0,0.0,0.0,0.0,0.0,0.0,0.0,0.0,0.0,0.04305814227884245,0.0,0.0,0.0,0.0,0.0,0.0,0.0,0.0,0.07800226332446554,0.0,0.0,0.0,0.0,0.0,0.0,0.0,0.0,0.0,0.0,0.04601047263756333,0.09105517886344033,0.08618924106914093,0.02830090155636411,0.06594237350581497,0.0,0.0,0.0,0.0,0.0,0.0,0.0,0.0,0.0,0.0,0.0,0.0,0.0,0.0,0.0,0.0,0.0,0.0,0.0,0.0,0.0,0.0,0.0,0.0,0.0,0.0,0.0,0.0,0.0,0.0,0.0,0.0,0.0,0.0,0.0,0.0,0.013139925426335923,0.0,0.0,0.0,0.0,0.0,0.0,0.0,0.0,0.0,0.0,0.0,0.0,0.0,0.0444030663458152,0.07201304182959828,0.028846683908817707,0.026068978410914316,0.006709635323889134,0.0,0.0,0.021293626987214518,0.0,0.02033826165809934,0.0,0.0,0.0,0.0,0.028843733355223593,0.0,0.0,0.03362724868319094,0.0,0.05633888751238126,0.0,0.0,0.004011817378784385,0.0,0.0,0.0,0.0,0.0,0.0,0.0,0.0,0.0,0.0,0.015911535224759518,0.0,0.0,0.0,0.0,0.043814720610139184,OSD-321,GSM4486034
0.0,0.0,0.0,0.0175979999665156,0.0,0.0,0.0,0.0,0.0,0.0,0.0,0.0,0.044371669654229506,0.0,0.0,0.0,0.0,0.0,0.0,0.0,0.0,0.0,0.0,0.0,0.0,0.0,0.0,0.0,0.0,0.0,0.0,0.0,0.0,0.0,0.0,0.0,0.0,0.0,0.0,0.05449379070559968,0.0,0.0,0.0,0.0,0.0,0.0,0.0,0.0,0.0,0.0,0.0,0.0,0.0,0.005692373893461109,0.0,0.0,0.0,0.0,0.0,0.0,0.0,0.0,0.0,0.0,0.0,0.0,0.0,0.0,0.0,0.03547254969787446,0.0,0.0,0.0,0.0,0.0,0.0,0.0,0.0,0.10274274708142664,0.0,0.0,0.0,0.0,0.0,0.0,0.0,0.0,0.0,0.0,0.09037808514413109,0.09512717519080689,0.08227737867072345,0.04421059345882579,0.053752780494346564,0.0,0.0,0.0,0.0,0.0,0.0,0.0,0.0,0.0,0.0,0.0,0.0,0.0,0.0,0.0,0.0,0.0,0.0,0.0,0.0,0.0,0.0,0.0,0.0,0.0,0.0,0.0,0.0,0.0,0.0,0.0,0.0,0.0,0.0,0.0,0.0,0.017163833131284178,0.0,0.0,0.0,0.0,0.0,0.0,0.0,0.0,0.0,0.0,0.0,0.0,0.0,0.046138464536763006,0.06611330017707474,0.025445324554343514,0.029385339666557746,0.010036941308227028,0.0,0.0,0.015506936033231881,0.0,0.007832521754752419,0.0,0.0,0.0,0.0,0.04212226481630769,0.0,0.0,0.05080883625796309,0.0,0.028359755117162294,0.0,0.0,0.0,0.0,0.0,0.0,0.0,0.0,0.0,0.0,0.0,0.0,0.0,0.019876143960551606,0.0,0.0,0.0,0.0,0.015093194727840037,OSD-321,GSM4486035
0.0,0.0,0.0,0.01881586111513185,0.0,0.0,0.0,0.0,0.0,0.0,0.0,0.0,0.04782902338766091,0.0,0.0,0.0,0.0,0.0,0.0,0.0,0.0,0.0,0.0,0.0,0.0,0.0,0.0,0.0,0.0,0.0,0.0,0.0,0.0,0.0,0.0,0.0,0.0,0.0,0.0,0.06529923597867957,0.0,0.0,0.0,0.0,0.0,0.0,0.0,0.0,0.0,0.0,0.0,0.0,0.0,0.010987104401921952,0.0,0.0,0.0,0.0,0.0,0.0,0.0,0.0,0.0,0.0,0.0,0.0,0.0,0.0,0.0,0.04342111253111024,0.0,0.0,0.0,0.0,0.0,0.0,0.0,0.0,0.08973262416018604,0.0,0.0,0.0,0.0,0.0,0.0,0.0,0.0,0.0,0.0,0.09561733512392075,0.09225045771768656,0.0749329315827727,0.04933626486493599,0.050274098573987104,0.0,0.0,0.0,0.0,0.0,0.0,0.0,0.0,0.0,0.0,0.0,0.0,0.0,0.0,0.0,0.0,0.0,0.0,0.0,0.0,0.0,0.0,0.0,0.0,0.0,0.0,0.0,0.0,0.0,0.0,0.0,0.0,0.0,0.0,0.0,0.0,0.020641970605500028,0.0,0.0,0.0,0.0,0.0,0.0,0.0,0.0,0.0,0.0,0.0,0.0,0.0,0.03557921495269292,0.07642578610748209,0.029279883958709542,0.03065050127372763,0.013243010506565579,0.0,0.0,0.018223928554070037,0.0,0.0,0.0,0.0,0.0,0.0,0.03904486601718319,0.0,0.0,0.052162481926556994,0.0,0.02783937217217857,0.0,0.0,0.0,0.0,0.0,0.0,0.0,0.0,0.0,0.0,0.0,0.0,0.0,0.012482678319494669,0.0,0.0,0.0,0.0,0.005930256167845208,OSD-321,GSM4486036
0.0,0.0,0.0,0.016041664335958595,0.0,0.0,0.0,0.0,0.0,0.0,0.0,0.0,0.05292163627189065,0.0,0.0,0.0,0.0,0.0,0.0,0.0,0.0,0.0,0.0,0.0,0.0,0.0,0.0,0.0,0.0,0.0,0.0,0.0,0.0,0.0,0.0,0.0,0.0,0.0,0.0,0.054618279503449586,0.0,0.0,0.0,0.0,0.0,0.0,0.0,0.0,0.0,0.0,0.0,0.0,0.0,0.0016852863051059722,0.0,0.0,0.0,0.0,0.0,0.0,0.0,0.0,0.0,0.0,0.0,0.0,0.0,0.0,0.0,0.03040569900508848,0.0,0.0,0.020951727149528754,0.0,0.0,0.0,0.0,0.0,0.08249123788280005,0.0,0.0,0.0,0.0,0.0,0.0,0.0,0.0,0.0,0.0,0.10461043381902849,0.0927933207340673,0.07239303531288858,0.049344299313608106,0.0512274037709209,0.0,0.0,0.0,0.0,0.0,0.0,0.0,0.0,0.0,0.0,0.0,0.0,0.0,0.0,0.0,0.0,0.0,0.0,0.0,0.0,0.0,0.0,0.0,0.0,0.0,0.0,0.0,0.0,0.0,0.0,0.0,0.0,0.0,0.0,0.0,0.0,0.01695071524769023,0.0,0.0,0.0,0.0,0.0,0.0,0.0,0.0,0.0,0.0,0.0,0.0,0.0,0.03627858518777208,0.08041769251023251,0.0254831669273077,0.03153423852808401,0.007684098161264692,0.0,0.0,0.021230976874795207,0.0,0.004207202918557926,0.0,0.0,0.0,0.0,0.03735419505753675,0.0,0.0,0.05042411012456455,0.0,0.021058312240275302,0.0,0.0,0.0024857347281153413,0.0,0.0,0.0,0.0,0.0,0.0,0.0,0.0,0.0,0.0,0.017124289222516527,0.0,0.0,0.0,0.0,0.018282658866951712,OSD-321,GSM4486037
0.0,0.0,0.0,0.01812632018944939,0.0,0.0,0.0,0.0,0.0,0.0,0.0,0.0,0.046798337693646025,0.0,0.0,0.0,0.0,0.0,0.0,0.0,0.0,0.0,0.0,0.0,0.0,0.0,0.0,0.0,0.0,0.0,0.0,0.0,0.0,0.0,0.0,0.0,0.0,0.0,0.0,0.06998049240255866,0.0,0.0,0.0,0.0,0.0,0.0,0.0,0.0,0.0,0.0,0.0,0.0,0.0,0.006566896612841707,0.0,0.0,0.0,0.0,0.0,0.0,0.0,0.0,0.0,0.0,0.0,0.0,0.0,0.0,0.0,0.038596005119063,0.0,0.0,0.0,0.0,0.0,0.0,0.0,0.0,0.08962080147974404,0.0,0.0,0.0,0.0,0.0,0.0,0.0,0.0,0.0,0.0,0.0986770440876604,0.08635109615193409,0.06926463280931908,0.0498174431285336,0.04988454883451773,0.0,0.0,0.0,0.0,0.0,0.0,0.0,0.0,0.0,0.0,0.0,0.0,0.0,0.0,0.0,0.0,0.0,0.0,0.0,0.0,0.0,0.0,0.0,0.0,0.0,0.0,0.0,0.0,0.0,0.0,0.0,0.0,0.0,0.0,0.0,0.0,0.020147235891603155,0.0,0.0,0.0,0.0,0.0,0.0,0.0,0.0,0.0,0.0,0.0,0.0,0.0,0.03988450576556332,0.07032871742432915,0.026184840676453755,0.02873809163053334,0.012388096262802196,0.0,0.0,0.01885344947484639,0.0,0.008079857268552378,0.0,0.0,0.0,0.0,0.044258280250454037,0.0,0.0,0.04544013709877365,0.0,0.03113912223788386,0.0,0.0,0.0,0.0,0.0,0.0,0.0,0.0,0.0,0.0,0.0,0.0,0.0,0.016534643982056698,0.0,0.0,0.0,0.0,0.014339403526880436,OSD-321,GSM4486038
0.0,0.0,0.0,0.019087957668406666,0.0,0.0,0.0,0.0,0.0,0.0,0.0,0.0,0.05514947395276953,0.0,0.0,0.0,0.0,0.0,0.0,0.0,0.0,0.0,0.0,0.0,0.0,0.0,0.0,0.0,0.0,0.0,0.0,0.0,0.0,0.0,0.0,0.0,0.0,0.0,0.0,0.0379154980753879,0.0,0.0,0.0,0.0,0.0,0.0,0.0,0.0,0.0,0.0,0.0,0.0,0.0,0.01592114158665657,0.0,0.0,0.0,0.0,0.0,0.0,0.0,0.0,0.0,0.0,0.0,0.0,0.0,0.0,0.0,0.04366711902472021,0.0,0.0,0.0,0.0,0.0,0.0,0.0,0.0,0.07971687060388828,0.0,2.2606923881270166e-05,0.0,0.0,0.0,0.0,0.0,0.0,0.0,0.0,0.04305135771971352,0.09307927775185319,0.09588437480624246,0.03462492780053069,0.0726225802870351,0.0,0.0,0.0,0.0,0.0,0.0,0.0,0.0,0.0,0.0,0.0,0.0,0.0,0.0,0.0,0.0,0.0,0.0,0.0,0.0,0.0,0.0,0.0,0.0,0.0,0.0,0.0,0.0,0.0,0.0,0.0,0.0,0.0,0.0,0.0,0.0,0.008933278137066751,0.0,0.0,0.0,0.0,0.0,0.0,0.0,0.0,0.0,0.0,0.0,0.0,0.0,0.05430906035429979,0.0815919232116357,0.026389780207277228,0.026774676171886478,0.0042423201050660045,0.0,0.0,0.017689517764824983,0.0,0.01976396191179296,0.0,0.0,0.0,0.0,0.011044336544423496,0.0,0.0,0.03669602314427784,0.0,0.05924154987721658,0.0,0.0,0.0070670023858230525,0.0,0.0,0.0,0.0,0.0,0.0,0.0,0.0,0.0,0.0,0.00440460350377467,0.0,0.0,0.0,0.0,0.051108780479549,OSD-321,GSM4486039
0.0,0.0,0.0,0.018494593769166495,0.0,0.0,0.0,0.0,0.0,0.0,0.0,0.0,0.05205073884738327,0.0,0.0,0.0,0.0,0.0,0.0,0.0,0.0,0.0,0.0,0.0,0.0,0.0,0.0,0.0,0.0,0.0,0.0,0.0,0.0,0.0,0.0,0.0,0.0,0.0,0.0,0.05288266614955431,0.0,0.0,0.0,0.0,0.0,0.0,0.0,0.0,0.0,0.0,0.0,0.0,0.0,0.02014176835795849,0.0,0.0,0.0,0.0,0.0,0.0,0.0,0.0,0.0,0.0,0.0,0.0,0.0,0.0,0.0,0.045802396573142376,0.0,0.0,0.0,0.0,0.0,0.0,0.0,0.0,0.07802867319969388,0.0,0.0,0.0,0.0,0.0,0.0,0.0,0.0,0.0,0.0,0.06118158831481312,0.09048960848017992,0.09756765423298287,0.005575245156384052,0.0700354020097041,0.0,0.0,0.0,0.0,0.0,0.0,0.0,0.0,0.0,0.0,0.0,0.0,0.0,0.0,0.0,0.0,0.0,0.0,0.0,0.0,0.0,0.0,0.0,0.0,0.0,0.0,0.0,0.0,0.0,0.0,0.0,0.0,0.0,0.0,0.0,0.0,0.0071266017565341745,0.0,0.0,0.0,0.0,0.0,0.0,0.0,0.0,0.0,0.0,0.0,0.0,0.0,0.05030515481267558,0.08170661084325735,0.030205579019856738,0.02833118016199354,0.006267469577795222,0.0,0.0,0.01898908462265938,0.0,0.0194733482795959,0.0,0.0,0.0,0.0,0.006412817365085364,0.0,0.0,0.037720663025492374,0.0,0.05829124244177037,0.0,0.0,0.006687156943602863,0.0,0.0,0.0,0.0,0.0,0.0,0.0,0.0,0.0,0.0,0.004492081227230008,0.0,0.0,0.0,0.0,0.051740674831488184,OSD-321,GSM4486040
0.0,0.0,0.0,0.020437059440475382,0.0,0.0,0.0,0.0,0.0,0.0,0.0,0.0,0.05288493851243392,0.0,0.0,0.0,0.0,0.0,0.0,0.0,0.0,0.0,0.0,0.0,0.0,0.0,0.0,0.0,0.0,0.0,0.0,0.0,0.0,0.0,0.0,0.0,0.0,0.0,0.0,0.049339243103826105,0.0,0.0,0.0,0.0,0.0,0.0,0.0,0.0,0.0,0.0,0.0,0.0,0.0,0.019125032814989014,0.0,0.0,0.0,0.0,0.0,0.0,0.0,0.0,0.0,0.0,0.0,0.0,0.0,0.0,0.0,0.044601315745232885,0.0,0.0,0.0,0.0,0.0,0.0,0.0,0.0,0.07733337176481155,0.0,0.0006504823693862694,0.0,0.0,0.0,0.0,0.0,0.0,0.0,0.0,0.05465071366216488,0.08356836821776717,0.09740516168723888,0.012079193123732335,0.07096744932387207,0.0,0.0,0.0,0.0,0.0,0.0,0.0,0.0,0.0,0.0,0.0,0.0,0.0,0.0,0.0,0.0,0.0,0.0,0.0,0.0,0.0,0.0,0.0,0.0,0.0,0.0,0.0,0.0,0.0,0.0,0.0,0.0,0.0,0.0,0.0,0.0,0.007025546390576095,0.0,0.0,0.0,0.0,0.0,0.0,0.0,0.0,0.0,0.0,0.0,0.0,0.0,0.04963848823788532,0.0760708669089167,0.029384956872140506,0.025946036318587697,0.006498048050095551,0.0,0.0,0.019985808354314325,0.0,0.019999903662610213,0.0,0.0,0.0,0.0,0.013650832527287039,0.0,0.0,0.03794709939595612,0.0,0.0629002565848266,0.0,0.0,0.005462776564022515,0.0,0.0,0.0,0.0,0.0,0.0,0.0,0.0,0.0,0.0,0.01106483472715503,0.0,0.0,0.0,0.0006147289301297506,0.05076748670956595,OSD-321,GSM4486041
0.0,0.0,0.0,0.018336022217211798,0.0,0.0,0.0,0.0,0.0,0.0,0.0,0.0,0.054562045629943386,0.0,0.0,0.0,0.0,0.0,0.0,0.0,0.0,0.0,0.0,0.0,0.0,0.0,0.0,0.0,0.0,0.0,0.0,0.0,0.0,0.0,0.0,0.0,0.0,0.0,0.0,0.04500054043594069,0.0,0.0,0.0,0.0,0.0,0.0,0.0,0.0,0.0,0.0,0.0,0.0,0.0,0.0193239716031303,0.0,0.0,0.0,0.0,0.0,0.0,0.0,0.0,0.0,0.0,0.0,0.0,0.0,0.0,0.0,0.04712369152229543,0.0,0.0,0.0,0.0,0.0,0.0,0.0,0.0,0.07699046810899195,0.0,0.0,0.0,0.0,0.0,0.0,0.0,0.0,0.0,0.0,0.05122987412592609,0.08856403055543062,0.09558547874340356,0.015359428961877277,0.0716093244556618,0.0,0.0,0.0,0.0,0.0,0.0,0.0,0.0,0.0,0.0,0.0,0.0,0.0,0.0,0.0,0.0,0.0,0.0,0.0,0.0,0.0,0.0,0.0,0.0,0.0,0.0,0.0,0.0,0.0,0.0,0.0,0.0,0.0,0.0,0.0,0.0,0.00843732278833658,0.0,0.0,0.0,0.0,0.0,0.0,0.0,0.0,0.0,0.0,0.0,0.0,0.0,0.049708341909076505,0.07763211484683148,0.026659749405632892,0.027265068846199645,0.005784082969215075,0.0,0.0,0.022332750586862127,0.0,0.02254656538677864,0.0,0.0,0.0,0.0,0.010769998389852804,0.0,0.0,0.037299047363906275,0.0,0.06216180237076192,0.0,0.0,0.004973044445815532,0.0,0.0,0.0,0.0,0.0,0.0,0.0,0.0,0.0,0.0,0.012613144216199626,0.0,0.0,0.0,0.0,0.048132090114717904,OSD-321,GSM4486042
0.0,0.0,0.0,0.020984683183598633,0.0,0.0,0.0,0.0,0.0,0.0,0.0,0.0,0.05354819693817827,0.0,0.0,0.0,0.0,0.0,0.0,0.0,0.0,0.0,0.0,0.0,0.0,0.0,0.0,0.0,0.0,0.0,0.0,0.0,0.0,0.0,0.0,0.0,0.0,0.0,0.0,0.05120894821637406,0.0,0.0,0.0,0.0,0.0,0.0,0.0,0.0,0.0,0.0,0.0,0.0,0.0,0.006846969382488131,0.0,0.0,0.0,0.0,0.0,0.0,0.0,0.0,0.0,0.0,0.0,0.0,0.0,0.0,0.0,0.03282266759149019,0.0,0.0,0.0,0.0,0.0,0.0,0.0,0.0,0.09713467744919085,0.0,0.0,0.0,0.0,0.0,0.0,0.0,0.0,0.0,0.0,0.0835562168589608,0.08849940222648205,0.09004015634608419,0.03802475442718245,0.05051600558822862,0.0,0.0,0.0,0.0,0.0,0.0,0.0,0.0,0.0,0.0,0.0,0.0,0.0,0.0,0.0,0.0,0.0,0.0,0.0,0.0,0.0,0.0,0.0,0.0,0.0,0.0,0.0,0.0,0.0,0.0,0.0,0.0,0.0,0.0,0.0,0.0,0.025384889424584445,0.0,0.0,0.0,0.0,0.0,0.0,0.0,0.0,0.0,0.0,0.0,0.0,0.0,0.04467318973130505,0.0751022751328138,0.02739045928796913,0.03147938046302979,0.009108570561632412,0.0,0.0,0.026550517138888688,0.0,0.0,0.0,0.0,0.0,0.0,0.03933774545246329,0.0,0.0,0.0483254491590149,0.0,0.025221460454906107,0.0,0.0,0.0,0.0,0.0,0.0,0.0,0.0,0.0,0.0,0.0,0.0,0.0,0.017239762023965776,0.0,0.0,0.0,0.0,0.017003622961168533,OSD-321,GSM4486043
0.0,0.0,0.0,0.022016657352294817,0.0,0.0,0.0,0.0,0.0,0.0,0.0,0.0,0.04657731603953766,0.0,0.0,0.0,0.0,0.0,0.0,0.0,0.0,0.0,0.0,0.0,0.0,0.0,0.0,0.0,0.0,0.0,0.0,0.0,0.0,0.0,0.0,0.0,0.0,0.0,0.0,0.05828605889098746,0.0,0.0,0.0,0.0,0.0,0.0,0.0,0.0,0.0,0.0,0.0,0.0,0.0,0.012827003957548364,0.0,0.0,0.0,0.0,0.0,0.0,0.0,0.0,0.0,0.0,0.0,0.0,0.0,0.0,0.0,0.03666280726423495,0.0,0.0,0.0,0.0,0.0,0.0,0.0,0.0,0.0959947130619302,0.0,0.0,0.0,0.0,0.0,0.0,0.0,0.0,0.0,0.0,0.10371358383385737,0.07854860872204307,0.07745780318420546,0.04215116068978033,0.049113712135923776,0.0,0.0,0.0,0.0,0.0,0.0,0.0,0.0,0.0,0.0,0.0,0.0,0.0,0.0,0.0,0.0,0.0,0.0,0.0,0.0,0.0,0.0,0.0,0.0,0.0,0.0,0.0,0.0,0.0,0.0,0.0,0.0,0.0,0.0,0.0,0.0,0.021582408354105333,0.0,0.0,0.0,0.0,0.0,0.0,0.0,0.0,0.0,0.0,0.0,0.0,0.0,0.03511913713174486,0.08275121212029062,0.027629936201006643,0.031197210274475244,0.019377648410899024,0.0,0.0,0.027222775993065336,0.0,0.0,0.0,0.0,0.0,0.0,0.03422259355395528,0.0,0.0,0.03821613684563661,0.0,0.027612180524224064,0.0,0.0,0.007943172085494743,0.0,0.0,0.0,0.0,0.0,0.0,0.0,0.0,0.0,0.0,0.01913984383575077,0.0,0.0,0.0,0.0,0.004636319537008146,OSD-321,GSM4486044
0.0,0.0,0.0,0.018171708462836063,0.0,0.0,0.0,0.0,0.0,0.0,0.0,0.0,0.050054809260685396,0.0,0.0,0.0,0.0,0.0,0.0,0.0,0.0,0.0,0.0,0.0,0.0,0.0,0.0,0.0,0.0,0.0,0.0,0.0,0.0,0.0,0.0,0.0,0.0,0.0,0.0,0.0539304201731747,0.0,0.0,0.0,0.0,0.0,0.0,0.0,0.0,0.0,0.0,0.0,0.0,0.0,0.007174744832418186,0.0,0.0,0.0,0.0,0.0,0.0,0.0,0.0,0.0,0.0,0.0,0.0,0.0,0.0,0.0,0.03465406810795092,0.0,0.0,0.0,0.0,0.0,0.0,0.0,0.0,0.0957313583944365,0.0,0.0,0.0,0.0,0.0,0.0,0.0,0.0,0.0,0.0,0.09611891485710207,0.0969744817078642,0.07651804139213304,0.043514732526617916,0.04980844317995022,0.0,0.0,0.0,0.0,0.0,0.0,0.0,0.0,0.0,0.0,0.0,0.0,0.0,0.0,0.0,0.0,0.0,0.0,0.0,0.0,0.0,0.0,0.0,0.0,0.0,0.0,0.0,0.0,0.0,0.0,0.0,0.0,0.0,0.0,0.0,0.0,0.021766268799829604,0.0,0.0,0.0,0.0,0.0,0.0,0.0,0.0,0.0,0.0,0.0,0.0,0.0,0.040140666577174945,0.07653889169749922,0.026887165924215223,0.033273119092303474,0.004545229639050616,0.0,0.0014545228698954456,0.020644709078917477,0.0,0.006517428388976502,0.0,0.0,0.0,0.0,0.034362212866701346,0.0,0.0,0.0541754323804065,0.0,0.027228389546328058,0.0,0.0,0.0,0.0,0.0,0.0,0.0,0.0,0.0,0.0,0.0,0.0,0.0,0.011713287030770807,0.0,0.0,0.0,0.0,0.018100953212761398,OSD-321,GSM4486045
0.0,0.0,0.0,0.019793964111124638,0.0,0.0,0.0,0.0,0.0,0.0,0.0,0.0,0.051239586895383556,0.0,0.0,0.0,0.0,0.0,0.0,0.0,0.0,0.0,0.0,0.0,0.0,0.0,0.0,0.0,0.0,0.0,0.0,0.0,0.0,0.0,0.0,0.0,0.0,0.0,0.0,0.06527414679152098,0.0,0.0,0.0,0.0,0.0,0.0,0.0,0.0,0.0,0.0,0.0,0.0,0.0,0.0025891083437110285,0.0,0.0,0.0,0.0,0.0,0.0,0.0,0.0,0.0,0.0,0.0,0.0,0.0,0.0,0.0,0.03387778647872895,0.0,0.0,0.0,0.0,0.0,0.0,0.0,0.0,0.09307936792746163,0.0,0.0,0.0,0.0,0.0,0.0,0.0,0.0,0.0,0.0,0.09142619866192814,0.08488734895104358,0.08478626617775974,0.03868068288722631,0.049543020542273344,0.0,0.0,0.0,0.0,0.0,0.0,0.0,0.0,0.0,0.0,0.0,0.0,0.0,0.0,0.0,0.0,0.0,0.0,0.0,0.0,0.0,0.0,0.0,0.0,0.0,0.0,0.0,0.0,0.0,0.0,0.0,0.0,0.0,0.0,0.0,0.0,0.021373835275913817,0.0,0.0,0.0,0.0,0.0,0.0,0.0,0.0,0.0,0.0,0.0,0.0,0.0,0.03866043369499827,0.0749749169444248,0.027808214665354172,0.031543840072699364,0.018698142235975206,0.0,0.0,0.02015108542541244,0.0,0.007096270830864618,0.0,0.0,0.0,0.0,0.037350883333311755,0.0,0.0,0.04279881629376382,0.0,0.028439834884954145,0.0,0.0,0.0,0.0,0.0,0.0,0.0,0.0,0.0,0.0,0.0,0.0,0.0,0.016264756356117117,0.0,0.0,0.0,0.0,0.019661492218048547,OSD-321,GSM4486046
0.0,0.0,0.0,0.01914952862893126,0.0,0.0,0.0,0.0,0.0,0.0,0.0,0.0,0.05443593954605785,0.0,0.0,0.0,0.0,0.0,0.0,0.0,0.0,0.0,0.0,0.0,0.0,0.0,0.0,0.0,0.0,0.0,0.0,0.0,0.0,0.0,0.0,0.0,0.0,0.0,0.0,0.05188282148331942,0.0,0.0,0.0,0.0,0.0,0.0,0.0,0.0,0.0,0.0,0.0,0.0,0.0,0.01508445396676269,0.0,0.0,0.0,0.0,0.0,0.0,0.0,0.0,0.0,0.0,0.0,0.0,0.0,0.0,0.0,0.04159151869446538,0.0,0.0,0.0,0.0,0.0,0.0,0.0,0.0,0.07818855964305646,0.0,0.002745659444422385,0.0,0.0,0.0,0.0,0.0,0.0,0.0,0.0,0.05177721216385873,0.08705735066572944,0.10160552079631426,0.01436850782316503,0.06876885775773828,0.0,0.0,0.0,0.0,0.0,0.0,0.0,0.0,0.0,0.0,0.0,0.0,0.0,0.0,0.0,0.0,0.0,0.0,0.0,0.0,0.0,0.0,0.0,0.0,0.0,0.0,0.0,0.0,0.0,0.0,0.0,0.0,0.0,0.0,0.0,0.0,0.010977001755431964,0.0,0.0,0.0,0.0,0.0,0.0,0.0,0.0,0.0,0.0,0.0,0.0,0.0,0.04920383297856535,0.07968149541748959,0.027887728899523654,0.027802624732922453,0.006457544629609508,0.0,0.0,0.021231651047541253,0.0,0.018269661060321126,0.0,0.0,0.0,0.0,0.00884211406161666,0.0,0.0,0.03673159521260722,0.0,0.06378316984580734,0.0,0.0,0.0036990724668783627,0.0,0.0,0.0,0.0,0.0,0.0,0.0,0.0,0.0,0.0,0.008045325083384134,0.0,0.0,0.0,0.0,0.05073125219448029,OSD-321,GSM4486047
0.0,0.0,0.0,0.019038969979621786,0.0,0.0,0.0,0.0,0.0,0.0,0.0,0.0,0.055415619862807255,0.0,0.0,0.0,0.0,0.0,0.0,0.0,0.0,0.0,0.0,0.0,0.0,0.0,0.0,0.0,0.0,0.0,0.0,0.0,0.0,0.0,0.0,0.0,0.0,0.0,0.0,0.042717415309881906,0.0,0.0,0.0,0.0,0.0,0.0,0.0,0.0,0.0,0.0,0.0,0.0,0.0,0.018141686067250203,0.0,0.0,0.0,0.0,0.0,0.0,0.0,0.0,0.0,0.0,0.0,0.0,0.0,0.0,0.0,0.04389643594603978,0.0,0.0,0.0,0.0,0.0,0.0,0.0,0.0,0.07546720352233031,0.0,0.002627730709445001,0.0,0.0,0.0,0.0,0.0,0.0,0.0,0.0,0.04806363811419828,0.08167823312919613,0.09906147570242005,0.018004413596973554,0.0740045883079347,0.0,0.0,0.0,0.0,0.0,0.0,0.0,0.0,0.0,0.0,0.0,0.0,0.0,0.0,0.0,0.0,0.0,0.0,0.0,0.0,0.0,0.0,0.0,0.0,0.0,0.0,0.0,0.0,0.0,0.0,0.0,0.0,0.0,0.0,0.0,0.0,0.015186141543611158,0.0,0.0,0.0,0.0,0.0,0.0,0.0,0.0,0.0,0.0,0.0,0.0,0.0,0.05083802080868579,0.07796835334921011,0.026636878989184237,0.026954762653949034,0.006946403591789326,0.0,0.0,0.017519304550513485,0.0,0.019486910399275238,0.0,0.0,0.0,0.0,0.015324965735078903,0.0,0.0,0.04159328080907414,0.0,0.05734376219761809,0.0,0.0,0.0061008822144980384,0.0,0.0,0.0,0.0,0.0,0.0,0.0,0.0,0.0,0.0,0.007057415119773357,0.0,0.0,0.0,0.0,0.05292550778964003,OSD-321,GSM4486048
0.0,0.0,0.0,0.018928502272071653,0.0,0.0,0.0,0.0,0.0,0.0,0.0,0.0,0.05409354232558436,0.0,0.0,0.0,0.0,0.0,0.0,0.0,0.0,0.0,0.0,0.0,0.0,0.0,0.0,0.0031626506371839054,0.0,0.0,0.0,0.0,0.0,0.0,0.0,0.0,0.0,0.0,0.0,0.051451445585995285,0.0,0.0,0.0,0.0,0.0,0.0,0.0,0.0,0.0,0.0,0.0,0.0,0.0,0.015705068850025417,0.0,0.0,0.0,0.0,0.0,0.0,0.0,0.0,0.0,0.0,0.0,0.0,0.0,0.0,0.0,0.04565909444345421,0.0,0.0,0.0,0.0,0.0,0.0,0.0,0.0,0.07797963337434184,0.0,0.0,0.0,0.0,0.0,0.0,0.0,0.0,0.0,0.0,0.05892726350161741,0.0909962241274652,0.09517632644676725,0.011112031619379138,0.06857402950788752,0.0,0.0,0.0,0.0,0.0,0.0,0.0,0.0,0.0,0.0,0.0,0.0,0.0,0.0,0.0,0.0,0.0,0.0,0.0,0.0,0.0,0.0,0.0,0.0,0.0,0.0,0.0,0.0,0.0,0.0,0.0,0.0,0.0,0.0,0.0,0.0,0.008325506310147538,0.0,0.0,0.0,0.0,0.0,0.0,0.0,0.0,0.0,0.0,0.0,0.0,0.0,0.04909650085299265,0.08431987563796112,0.027481779779943198,0.02556506345549003,0.004835398812812369,0.0,0.0,0.01905519749757549,0.0,0.019388072079203563,0.0,0.0,0.0,0.0,0.01124701155581734,0.0,0.0,0.03449418254717014,0.0,0.059586370448143376,0.0,0.0,0.003515582777292446,0.0,0.0,0.0,0.0,0.0,0.0,0.0,0.0,0.0,0.0,0.01255718870307561,0.0,0.0,0.0,0.0,0.048766456850601936,OSD-321,GSM4486049
0.0,0.0,0.0,0.01980612262861922,0.0,0.0,0.0,0.0,0.0,0.0,0.0,0.0,0.053953635438306745,0.0,0.0,0.0,0.0,0.0,0.0,0.0,0.0,0.0,0.0,0.0,0.0,0.0,0.0,0.0,0.0,0.0,0.0,0.0,0.0,0.0,0.0,0.0,0.0,0.0,0.0,0.04689247770492712,0.0,0.0,0.0,0.0,0.0,0.0,0.0,0.0,0.0,0.0,0.0,0.0,0.0,0.015286427970234153,0.0,0.0,0.0,0.0,0.0,0.0,0.0,0.0,0.0,0.0,0.0,0.0,0.0,0.0,0.0,0.043022516624083934,0.0,0.0,0.0,0.0,0.0,0.0,0.0,0.0,0.07866423956487717,0.0,0.003076101177668658,0.0,0.0,0.0,0.0,0.0,0.0,0.0,0.0,0.05983630391762357,0.0848405726368533,0.09584002402358686,0.015516185578062851,0.06979196990222518,0.0,0.0,0.0,0.0,0.0,0.0,0.0,0.0,0.0,0.0,0.0,0.0,0.0,0.0,0.0,0.0,0.0,0.0,0.0,0.0,0.0,0.0,0.0,0.0,0.0,0.0,0.0,0.0,0.0,0.0,0.0,0.0,0.0,0.0,0.0,0.0,0.008866109361529028,0.0,0.0,0.0,0.0,0.0,0.0,0.0,0.0,0.0,0.0,0.0,0.0,0.0,0.04944038137675821,0.07578057840656517,0.027168047838504118,0.02820157929649668,0.009173304071681737,0.0,0.0,0.02728214123287971,0.0,0.01658320967860308,0.0,0.0,0.0,0.0,0.016312560578081312,0.0,0.0,0.035854982005203956,0.0,0.056573237016198236,0.0,0.0,0.0016362834811120691,0.0,0.0,0.0,0.0,0.0,0.0,0.0,0.0,0.0,0.0,0.01472041772170605,0.0,0.0,0.0,0.0,0.04588059076761197,OSD-321,GSM4486050
0.0,0.0,0.0,0.019926946026173967,0.0,0.0,0.0,0.0,0.0,0.0,0.0,0.0,0.053167869377604676,0.0,0.0,0.0,0.0,0.0,0.0,0.0,0.0,0.0,0.0,0.0,0.0,0.0,0.0,0.0,0.0,0.0,0.0,0.0,0.0,0.0,0.0,0.0,0.0,0.0,0.0,0.04760614503937931,0.0,0.0,0.0,0.0,0.0,0.0,0.0,0.0,0.0,0.0,0.0,0.0,0.0,0.01515956643533928,0.0,0.0,0.0,0.0,0.0,0.0,0.0,0.0,0.0,0.0,0.0,0.0,0.0,0.0,0.0,0.043882817125103515,0.0,0.0,0.0,0.0,0.0,0.0,0.0,0.0,0.07701751294063434,0.0,0.0029843338941238614,0.0,0.0,0.0,0.0,0.0,0.0,0.0,0.0,0.05041822623877934,0.0891041165743222,0.09933858008977393,0.015331512126890892,0.07082850247022277,0.0,0.0,0.0,0.0,0.0,0.0,0.0,0.0,0.0,0.0,0.0,0.0,0.0,0.0,0.0,0.0,0.0,0.0,0.0,0.0,0.0,0.0,0.0,0.0,0.0,0.0,0.0,0.0,0.0,0.0,0.0,0.0,0.0,0.0,0.0,0.0,0.012025799001278249,0.0,0.0,0.0,0.0,0.0,0.0,0.0,0.0,0.0,0.0,0.0,0.0,0.0,0.04848348400136353,0.08248083569789891,0.03138973882215571,0.02663647514259147,0.006098668051245365,0.0,0.0,0.020024640510143014,0.0,0.012065625089197441,0.0,0.0,0.0,0.0,0.015464648680443635,0.0,0.0,0.03600201750447825,0.0,0.05949020880016524,0.0,0.0,0.002784035107955172,0.0,0.0,0.0,0.0,0.0,0.0,0.0,0.0,0.0,0.0,0.01484847404795784,0.0,0.0,0.0,0.0,0.04743922120477812,OSD-321,GSM4486051
0.0,0.0,0.0,0.01934572177915564,0.0,0.0,0.0,0.0,0.0,0.0,0.0,0.0,0.054050392388004055,0.0,0.0,0.0,0.0,0.0,0.0,0.0,0.0,0.0,0.0,0.0,0.0,0.0,0.0,0.0,0.0,0.0,0.0,0.0,0.0,0.0,0.0,0.0,0.0,0.0,0.0,0.06053311760480779,0.0,0.0,0.0,0.0,0.0,0.0,0.0,0.0,0.0,0.0,0.0,0.0,0.0,0.0023430050971988527,0.0,0.0,0.0,0.0,0.0,0.0,0.0,0.0,0.0,0.0,0.0,0.0,0.0,0.0,0.0,0.03765923979321923,0.0,0.0,0.0,0.0,0.0,0.0,0.0,0.0,0.09007125128363445,0.0,0.0,0.0,0.0,0.0,0.0,0.0,0.0,0.0,0.0,0.07750179900258924,0.09734867219222983,0.0840664847527847,0.04001929919130132,0.0488999932949618,0.0,0.0,0.0,0.0,0.0,0.0,0.0,0.0,0.0,0.0,0.0,0.0,0.0,0.0,0.0,0.0,0.0,0.0,0.0,0.0,0.0,0.0,0.0,0.0,0.0,0.0,0.0,0.0,0.0,0.0,0.0,0.0,0.0,0.0,0.0,0.0,0.01875780637383261,0.0,0.0,0.0,0.0,0.0,0.0,0.0,0.0,0.0,0.0,0.0,0.0,0.0,0.04038022795564275,0.07256623619829554,0.027661821440826354,0.030898045954250154,0.01437719769401808,0.0,0.0,0.02357670543504486,0.0,0.00285872094690597,0.0,0.0,0.0,0.0,0.03878622890041566,0.0,0.0,0.04564831641543587,0.0,0.03036087505573398,0.0,0.0,0.0,0.0,0.0,0.0,0.0,0.0,0.0,0.0,0.0,0.0,0.0,0.017408372147659616,0.0,0.0,0.0,0.0,0.024880469102051588,OSD-321,GSM4486052
0.0,0.0,0.0,0.019122197125413975,0.0,0.0,0.0,0.0,0.0,0.0,0.0,0.0,0.05397692471016502,0.0,0.0,0.0,0.0,0.0,0.0,0.0,0.0,0.0,0.0,0.0,0.0,0.0,0.0,0.0,0.0,0.0,0.0,0.0,0.0,0.0,0.0,0.0,0.0,0.0,0.0,0.05118999215532427,0.0,0.0,0.0,0.0,0.0,0.0,0.0,0.0,0.0,0.0,0.0,0.0,0.0,0.008927740120866895,0.0,0.0,0.0,0.0,0.0,0.0,0.0,0.0,0.0,0.0,0.0,0.0,0.0,0.0,0.0,0.03933243597282341,0.0,0.0,0.0,0.0,0.0,0.0,0.0,0.0,0.09089376791662289,0.0,0.0,0.0,0.0,0.0,0.0,0.0,0.0,0.0,0.0,0.0943336521124037,0.08582405502113141,0.08336583113597058,0.03600509681239938,0.05393087579817736,0.0,0.0,0.0,0.0,0.0,0.0,0.0,0.0,0.0,0.0,0.0,0.0,0.0,0.0,0.0,0.0,0.0,0.0,0.0,0.0,0.0,0.0,0.0,0.0,0.0,0.0,0.0,0.0,0.0,0.0,0.0,0.0,0.0,0.0,0.0,0.0,0.022268144905701982,0.0,0.0,0.0,0.0,0.0,0.0,0.0,0.0,0.0,0.0,0.0,0.0,0.0,0.037325355721701876,0.07053391194279093,0.02914260063817637,0.030075977085058003,0.012961832722814284,0.0,0.0,0.019909410095389744,0.0,0.007914756896979108,0.0,0.0,0.0,0.0,0.03637035751400842,0.0,0.0,0.04780770830795774,0.0,0.03154788111731822,0.0,0.0,0.0,0.0,0.0,0.0,0.0,0.0,0.0,0.0,0.0,0.0,0.0,0.01770079201374605,0.0,0.0,0.0,0.0,0.019538702157058302,OSD-321,GSM4486053
0.0,0.0,0.0,0.018630540612542032,0.0,0.0,0.0,0.0,0.0,0.0,0.0,0.0,0.04776563041736325,0.0,0.0,0.0,0.0,0.0,0.0,0.0,0.0,0.0,0.0,0.0,0.0,0.0,0.0,0.0,0.0,0.0,0.0,0.0,0.0,0.0,0.0,0.0,0.0,0.0,0.0,0.057649668005896826,0.0,0.0,0.0,0.0,0.0,0.0,0.0,0.0,0.0,0.0,0.0,0.0,0.0,0.009837262546114384,0.0,0.0,0.0,0.0,0.0,0.0,0.0,0.0,0.0,0.0,0.0,0.0,0.0,0.0,0.0,0.04500999034642065,0.0,0.0,0.0,0.0,0.0,0.0,0.0,0.0,0.08719350399902773,0.0,0.0,0.0,0.0,0.0,0.0,0.0,0.0,0.0,0.0,0.08888630992130955,0.0926752153207461,0.0905193583579246,0.03988908485860191,0.04599372361482188,0.0,0.0,0.0,0.0,0.0,0.0,0.0,0.0,0.0,0.0,0.0,0.0,0.0,0.0,0.0,0.0,0.0,0.0,0.0,0.0,0.0,0.0,0.0,0.0,0.0,0.0,0.0,0.0,0.0,0.0,0.0,0.0,0.0,0.0,0.0,0.0,0.026387604393104155,0.0,0.0,0.0,0.0,0.0,0.0,0.0,0.0,0.0,0.0,0.0,0.0,0.0,0.03741785056889821,0.07478802386244152,0.026800522560137045,0.03176231642268083,0.019256648931472192,0.0,0.0,0.018571720013881507,0.0,0.0,0.0,0.0,0.0,0.0,0.032959040273638086,0.0,0.0,0.045340953232184456,0.0,0.03286755151459472,0.0,0.0,0.003403106549005418,0.0,0.0,0.0,0.0,0.0,0.0,0.0,0.0,0.0,0.0,0.013783238535113687,0.0,0.0,0.0,0.0,0.012611135142079136,OSD-321,GSM4486054
0.0,0.0,0.0,0.01816807217864546,0.0,0.0,0.0,0.0,0.0,0.0,0.0,0.0,0.051253271010741605,0.0,0.0,0.0,0.0,0.0,0.0,0.0,0.0,0.0,0.0,0.0,0.0,0.0,0.0,0.0,0.0,0.0,0.0,0.0,0.0,0.0,0.0,0.0,0.0,0.0,0.0,0.05676950867208106,0.0,0.0,0.0,0.0,0.0,0.0,0.0,0.0,0.0,0.0,0.0,0.0,0.0,0.004186105041744401,0.0,0.0,0.0,0.0,0.0,0.0,0.0,0.0,0.0,0.0,0.0,0.0,0.0,0.0,0.0,0.03852561397326184,0.0,0.0,0.0,0.0,0.0,0.0,0.0,0.0,0.0953358774884015,0.0,0.0,0.0,0.0,0.0,0.0,0.0,0.0,0.0,0.0,0.09291347926978981,0.09143129123594672,0.08343946624360532,0.046402873010136486,0.047368474371222456,0.0,0.0,0.0,0.0,0.0,0.0,0.0,0.0,0.0,0.0,0.0,0.0,0.0,0.0,0.0,0.0,0.0,0.0,0.0,0.0,0.0,0.0,0.0,0.0,0.0,0.0,0.0,0.0,0.0,0.0,0.0,0.0,0.0,0.0,0.0,0.0,0.02508026336464398,0.0,0.0,0.0,0.0,0.0,0.0,0.0,0.0,0.0,0.0,0.0,0.0,0.0,0.037017559555215206,0.08059445723432575,0.024040071972837838,0.03202233466849492,0.010325882737068583,0.0,0.0,0.018917105133197727,0.0,0.0010418169396959494,0.0,0.0,0.0,0.0,0.04110160522670075,0.0,0.0,0.0410765653040506,0.0,0.02632868092257152,0.0,0.0,0.0,0.0,0.0,0.0,0.0,0.0,0.0,0.0,0.0,0.0,0.0,0.014890217199348141,0.0,0.0,0.0,0.0,0.021769407246272354,OSD-321,GSM4486055
0.0,0.0,0.0,0.020412256352535945,0.0,0.0,0.0,0.0,0.0,0.0,0.0,0.0,0.05255211034435639,0.0,0.0,0.0,0.0,0.0,0.0,0.0,0.0,0.0,0.0,0.0,0.0,0.0,0.0,0.0,0.0,0.0,0.0,0.0,0.0,0.0,0.0,0.0,0.0,0.0,0.0,0.05674329716891356,0.0,0.0,0.0,0.0,0.0,0.0,0.0,0.0,0.0,0.0,0.0,0.0,0.0,0.0022391184847512374,0.0,0.0,0.0,0.0,0.0,0.0,0.0,0.0,0.0,0.0,0.0,0.0,0.0,0.0,0.0,0.03687828834266004,0.0,0.0,0.0,0.0,0.0,0.0,0.0,0.0,0.09027961860716124,0.0,0.0,0.0,0.0,0.0,0.0,0.0,0.0,0.0,0.0,0.08990993278037752,0.08925795401635926,0.08591983340440851,0.04164873416458739,0.04743384445276345,0.0,0.0,0.0,0.0,0.0,0.0,0.0,0.0,0.0,0.0,0.0,0.0,0.0,0.0,0.0,0.0,0.0,0.0,0.0,0.0,0.0,0.0,0.0,0.0,0.0,0.0,0.0,0.0,0.0,0.0,0.0,0.0,0.0,0.0,0.0,0.0,0.022391817536918112,0.0,0.0,0.0,0.0,0.0,0.0,0.0,0.0,0.0,0.0,0.0,0.0,0.0,0.039265947902441777,0.08012573274884456,0.03069040584671775,0.030334300996869974,0.011879688214250025,0.0,0.0,0.021999910920525997,0.0,0.0032633292932227145,0.0,0.0,0.0,0.0,0.039203055896573136,0.0,0.0,0.04589798609870732,0.0,0.030024713383368682,0.0,0.0,0.0,0.0,0.0,0.0,0.0,0.0,0.0,0.0,0.0,0.0,0.0,0.014143965281302769,0.0,0.0,0.0,0.0,0.017504157761382526,OSD-321,GSM4486056
0.0,0.0,0.0,0.01806930836432652,0.0,0.0,0.0,0.0,0.0,0.0,0.0,0.0,0.055447414117347056,0.0,0.0,0.0,0.0,0.0,0.0,0.0,0.0,0.0,0.0,0.0,0.0,0.0,0.0,0.0,0.0,0.0,0.0,0.0,0.0,0.0,0.0,0.0,0.0,0.0,0.0,0.04708987188411319,0.0,0.0,0.0,0.0,0.0,0.0,0.0,0.0,0.0,0.0,0.0,0.0,0.0,0.012781933461995174,0.0,0.0,0.0,0.0,0.0,0.0,0.0,0.0,0.0,0.0,0.0,0.0,0.0,0.0,0.0,0.043202680238095946,0.0,0.0,0.0,0.0,0.0,0.0,0.0,0.0,0.07781673933714353,0.0,0.0020345185548774217,0.0,0.0,0.0,0.0,0.0,0.0,0.0,0.0,0.06549068262744158,0.09103410832626631,0.09130283500029936,0.015139652205965613,0.06914468862469735,0.0,0.0,0.0,0.0,0.0,0.0,0.0,0.0,0.0,0.0,0.0,0.0,0.0,0.0,0.0,0.0,0.0,0.0,0.0,0.0,0.0,0.0,0.0,0.0,0.0,0.0,0.0,0.0,0.0,0.0,0.0,0.0,0.0,0.0,0.0,0.0,0.011029975998309391,0.0,0.0,0.0,0.0,0.0,0.0,0.0,0.0,0.0,0.0,0.0,0.0,0.0,0.049569170015740696,0.07973157206556492,0.028911197006414625,0.02697044918014738,0.004191715092150871,0.0,0.0,0.020543165891090474,0.0,0.022031277075778396,0.0,0.0,0.0,0.0,0.010094288561315034,0.0,0.0,0.03737162803823454,0.0,0.057420747044421544,0.0,0.0,0.008877588246092987,0.0,0.0,0.0,0.0,0.0,0.0,0.0,0.0,0.0,0.0,0.002500370940365113,0.0,0.0,0.0,0.0,0.052202422101804945,OSD-321,GSM4486057
0.0,0.0,0.0,0.0197816695891237,0.0,0.0,0.0,0.0,0.0,0.0,0.0,0.0,0.05234436636152988,0.0,0.0,0.0,0.0,0.0,0.0,0.0,0.0,0.0,0.0,0.0,0.0,0.0,0.0,0.002591541376129478,0.0,0.0,0.0,0.0,0.0,0.0,0.0,0.0,0.0,0.0,0.0,0.04519514759866377,0.0,0.0,0.0,0.0,0.0,0.0,0.0,0.0,0.0,0.0,0.0,0.0,0.0,0.018555245807342146,0.0,0.0,0.0,0.0,0.0,0.0,0.0,0.0,0.0,0.0,0.0,0.0,0.0,0.0,0.0,0.045656641969704696,0.0,0.0,0.0,0.0,0.0,0.0,0.0,0.0,0.07822162737555967,0.0,0.0,0.0,0.0,0.0,0.0,0.0,0.0,0.0,0.0,0.05966191606796346,0.09213220466746969,0.09378111822745687,0.013388068518279554,0.06864272542739483,0.0,0.0,0.0,0.0,0.0,0.0,0.0,0.0,0.0,0.0,0.0,0.0,0.0,0.0,0.0,0.0,0.0,0.0,0.0,0.0,0.0,0.0,0.0,0.0,0.0,0.0,0.0,0.0,0.0,0.0,0.0,0.0,0.0,0.0,0.0,0.0,0.0075494547069171435,0.0,0.0,0.0,0.0,0.0,0.0,0.0,0.0,0.0,0.0,0.0,0.0,0.0,0.051100195654220366,0.08022356732183258,0.030153732792339072,0.026498698523171608,0.00515088361767513,0.0,0.0,0.021145657597232703,0.0,0.01896557417369296,0.0,0.0,0.0,0.0,0.009296658304021368,0.0,0.0,0.03550231152542639,0.0,0.06000299472912956,0.0,0.0,0.005624633417372377,0.0,0.0,0.0,0.0,0.0,0.0,0.0,0.0,0.0,0.0,0.00840477480029366,0.0,0.0,0.0,0.0,0.05042858985005738,OSD-321,GSM4486058
0.0,0.0,0.0,0.020176777280000353,0.0,0.0,0.0,0.0,0.0,0.0,0.0,0.0,0.054567590519611534,0.0,0.0,0.0,0.0,0.0,0.0,0.0,0.0,0.0,0.0,0.0,0.0,0.0,0.0,0.0020867326214478333,0.0,0.0,0.0,0.0,0.0,0.0,0.0,0.0,0.0,0.0,0.0,0.05449049254407358,0.0,0.0,0.0,0.0,0.0,0.0,0.0,0.0008016563063178108,0.0,0.0,0.0,0.0,0.0,0.013968676574193931,0.0,0.0,0.0,0.0,0.0,0.0,0.0,0.0,0.0,0.0,0.0,0.0,0.0,0.0,0.0,0.04717511764081548,0.0,0.0,0.0,0.0,0.0,0.0,0.0,0.0,0.0717862130780735,0.0,0.003280545602513544,0.0,0.0,0.0,0.0,0.0,0.0,0.0,0.0,0.06315406560621034,0.07940624801379825,0.09110687242432898,0.011771748481141275,0.0721807987622138,0.0,0.0,0.0,0.0,0.0,0.0,0.0,0.0,0.0,0.0,0.0,0.0,0.0,0.0,0.0,0.0,0.0,0.0,0.0,0.0,0.0,0.0,0.0,0.0,0.0,0.0,0.0,0.0,0.0,0.0,0.0,0.0,0.0,0.0,0.0,0.0,0.00987588220864998,0.0,0.0,0.0,0.0,0.0,0.0,0.0,0.0,0.0,0.0,0.0,0.0,0.0,0.048603396071387694,0.07915014356013333,0.03140421803955083,0.026003277667159683,0.007279230370831916,0.0,0.0,0.020672516508836003,0.0,0.027949715021809523,0.0,0.0,0.0,0.0,0.009890204663122988,0.0,0.0,0.03547423430434665,0.0,0.05697683566802036,0.0,0.0,0.0022752445398748146,0.0,0.0,0.0,0.0,0.0,0.0,0.0,0.0,0.0,0.0,0.005156892012394521,0.0,0.0,0.0,0.0,0.05333467390914152,OSD-321,GSM4486059
0.0,0.0,0.0,0.0188598478435507,0.0,0.0,0.0,0.0,0.0,0.0,0.0,0.0,0.05528302951424678,0.0,0.0,0.0,0.0,0.0,0.0,0.0,0.0,0.0,0.0,0.0,0.0,0.0,0.0,0.0,0.0,0.0,0.0,0.0,0.0,0.0,0.0,0.0,0.0,0.0,0.0,0.046325085232547844,0.0,0.0,0.0,0.0,0.0,0.0,0.0,0.0,0.0,0.0,0.0,0.0,0.0,0.016730757101360717,0.0,0.0,0.0,0.0,0.0,0.0,0.0,0.0,0.0,0.0,0.0,0.0,0.0,0.0,0.0,0.04352646173645092,0.0,0.0,0.0,0.0,0.0,0.0,0.0,0.0,0.07781755491142352,0.0,0.0,0.0,0.0,0.0,0.0,0.0,0.0,0.0,0.0,0.0531342849268667,0.08961071483291735,0.09793537017967972,0.017664969563304538,0.07045362521017692,0.0,0.0,0.0,0.0,0.0,0.0,0.0,0.0,0.0,0.0,0.0,0.0,0.0,0.0,0.0,0.0,0.0,0.0,0.0,0.0,0.0,0.0,0.0,0.0,0.0,0.0,0.0,0.0,0.0,0.0,0.0,0.0,0.0,0.0,0.0,0.0,0.0094015154029345,0.0,0.0,0.0,0.0,0.0,0.0,0.0,0.0,0.0,0.0,0.0,0.0,0.0,0.052692614860422045,0.0810257936605898,0.028306450702741993,0.025866808321523625,0.004274533666952134,0.0,0.0,0.02282337588123905,0.0,0.0164891636622855,0.0,0.0,0.0,0.0,0.011871414832893607,0.0,0.0,0.03761113276262705,0.0,0.05753873538246305,0.0,0.0,0.0032325935294701715,0.0,0.0,0.0,0.0,0.0,0.0,0.0,0.0,0.0,0.0,0.006949349667367618,0.0,0.0,0.0,0.002279201055149816,0.05229561555881426,OSD-321,GSM4486060
0.0,0.0,0.0,0.020754525796914034,0.0,0.0,0.0,0.0,0.0,0.0,0.0,0.0,0.04927182552024665,0.0,0.0,0.0,0.0,0.0,0.0,0.0,0.0,0.0,0.0,0.0,0.0,0.0,0.0,0.0,0.0,0.0,0.0,0.0,0.0,0.0,0.0,0.0,0.0,0.0,0.0,0.048435632988696964,0.0,0.0,0.0,0.0,0.0,0.0,0.0,0.0,0.0,0.0,0.0,0.0,0.0,0.0031918113354356846,0.0,0.0,0.0,0.0,0.0,0.0,0.0,0.0,0.0,0.0,0.0,0.0,0.0,0.0,0.0,0.03978295070885958,0.0,0.0,0.0,0.0,0.0,0.0,0.0,0.0,0.09451713656283839,0.0,0.0,0.0,0.0,0.0,0.0,0.0,0.0,0.0,0.0,0.08920675675133827,0.08631914980299249,0.09019772017977061,0.039111052649954216,0.0559158733314661,0.0,0.0,0.0,0.0,0.0,0.0,0.0,0.0,0.0,0.0,0.0,0.0,0.0,0.0,0.0,0.0,0.0,0.0,0.0,0.0,0.0,0.0,0.0,0.0,0.0,0.0,0.0,0.0,0.0,0.0,0.0,0.0,0.0,0.0,0.0,0.0,0.02080532767752258,0.0,0.0,0.0,0.0,0.0,0.0,0.0,0.0,0.0,0.0,0.0,0.0,0.0,0.03782730014310468,0.06843814977848987,0.025647023927121197,0.029929684164370852,0.012649524262718035,0.0,0.0,0.01608897929752623,0.0,0.007493251502137261,0.0,0.0,0.0,0.0,0.041499515337952195,0.0,0.0,0.05125757630127511,0.0,0.026169073471650355,0.0,0.0,0.0,0.0,0.0,0.0,0.0,0.0,0.0,0.0,0.0,0.0,0.0,0.020019164783530594,0.0,0.0,0.0,0.0,0.025470993724088047,OSD-321,GSM4486061
0.0,0.0,0.0,0.017048374851403134,0.0,0.0,0.0,0.0,0.0,0.0,0.0,0.0,0.05356886047358982,0.0,0.0,0.0,0.0,0.0,0.0,0.0,0.0,0.0,0.0,0.0,0.0,0.0,0.0,0.0,0.0,0.0,0.0,0.0,0.0,0.0,0.0,0.0,0.0,0.0,0.0,0.05209543386887212,0.0,0.0,0.0,0.0,0.0,0.0,0.0,0.0,0.0,0.0,0.0,0.0,0.0,0.006021277179981706,0.0,0.0,0.0,0.0,0.0,0.0,0.0,0.0,0.0,0.0,0.0,0.0,0.0,0.0,0.0,0.04243342458013773,0.0,0.0,0.0,0.0,0.0,0.0,0.0,0.0,0.08795174553937025,0.0,0.0,0.0,0.0,0.0,0.0,0.0,0.0,0.0,0.0,0.09328488440839222,0.08079530122544251,0.098861978042876,0.04061987755554395,0.05173868261664485,0.0,0.0,0.0,0.0,0.0,0.0,0.0,0.0,0.0,0.0,0.0,0.0,0.0,0.0,0.0,0.0,0.0,0.0,0.0,0.0,0.0,0.0,0.0,0.0,0.0,0.0,0.0,0.0,0.0,0.0,0.0,0.0,0.0,0.0,0.0,0.0,0.026499766161417405,0.0,0.0,0.0,0.0,0.0,0.0,0.0,0.0,0.0,0.0,0.0,0.0,0.0,0.04131673399370033,0.07650949580485711,0.024477656205622082,0.029990826180420167,0.01416030912564169,0.0,0.0,0.020698702499277483,0.0,0.0,0.0,0.0,0.0,0.0,0.031044526827782668,0.0,0.0,0.0556186155382033,0.0,0.03135924008487226,0.0,0.0,0.0,0.0,0.0,0.0,0.0,0.0,0.0,0.0,0.0,0.0,0.0,0.007285312208523155,0.0,0.0,0.0,0.0,0.016618975027428283,OSD-321,GSM4486062
0.0,0.0,0.0,0.017404793565886444,0.0,0.0,0.0,0.0,0.0,0.0,0.0,0.0,0.049888182843092654,0.0,0.0,0.0,0.0,0.0,0.0,0.0,0.0,0.0,0.0,0.0,0.0,0.0,0.0,0.0,0.0,0.0,0.0,0.0,0.0,0.0,0.0,0.0,0.0,0.0,0.0,0.06340084231507566,0.0,0.0,0.0,0.0,0.0,0.0,0.0,0.0,0.0,0.0,0.0,0.0,0.0,0.0,0.0,0.0,0.0,0.0,0.0,0.0,0.0,0.0,0.0,0.0,0.0,0.0,0.0,0.0,0.0,0.03376611594676565,0.0,0.0,0.0,0.0,0.0,0.0,0.0,0.0,0.09944674865174266,0.0,0.0,0.0,0.0,0.0,0.0,0.0,0.0,0.0,0.0,0.10223119273402176,0.09436411018158254,0.08125600964610331,0.041523562694551604,0.047136158173274274,0.0,0.0,0.0,0.0,0.0,0.0,0.0,0.0,0.0,0.0,0.0,0.0,0.0,0.0,0.0,0.0,0.0,0.0,0.0,0.0,0.0,0.0,0.0,0.0,0.0,0.0,0.0,0.0,0.0,0.0,0.0,0.0,0.0,0.0,0.0,0.0,0.02146199588927531,0.0,0.0,0.0,0.0,0.0,0.0,0.0,0.0,0.0,0.0,0.0,0.0,0.0,0.035975869014892484,0.07590150419193388,0.02590468391355347,0.03105192690619094,0.009108846507684693,0.0,0.00024610199223602396,0.021629577377541644,0.0,0.0,0.0,0.0,0.0,0.0,0.041507937443309495,0.0,0.0,0.05394676298303052,0.0,0.024588881944922203,0.0,0.0,0.0,0.0,0.0,0.0,0.0,0.0,0.0,0.0,0.0,0.0,0.0,0.009563109945880544,0.0,0.0,0.0,0.0,0.018695085137452248,OSD-321,GSM4486063
0.0,0.0,0.0,0.019692247077089338,0.0,0.0,0.0,0.0,0.0,0.0,0.0,0.0,0.0501589265785996,0.0,0.0,0.0,0.0,0.0,0.0,0.0,0.0,0.0,0.0,0.0,0.0,0.0,0.0,0.0,0.0,0.0,0.0,0.0,0.0,0.0,0.0,0.0,0.0,0.0,0.0,0.06926895787374714,0.0,0.0,0.0,0.0,0.0,0.0,0.0,0.0,0.0,0.0,0.0,0.0,0.0,0.0,0.0,0.0,0.0,0.0,0.0,0.0,0.0,0.0,0.0,0.0,0.0,0.0,0.0,0.0,0.0,0.025931542054452517,0.0,0.0,0.015307688462813359,0.0,0.0,0.0,0.0,0.0,0.08828340324986128,0.0,0.0,0.0,0.0,0.0,0.0,0.0,0.0,0.0,0.0,0.10825741936309811,0.07988001187678796,0.07747347835523845,0.0475146661060892,0.044217848096073924,0.0,0.0,0.0,0.0,0.0,0.0,0.0,0.0,0.0,0.0,0.0,0.0,0.0,0.0,0.0,0.0,0.0,0.0,0.0,0.0,0.0,0.0,0.0,0.0,0.0,0.0,0.0,0.0,0.0,0.0,0.0,0.0,0.0,0.0,0.0,0.0,0.02298545981340318,0.0,0.0,0.0,0.0,0.0,0.0,0.0,0.0,0.0,0.0,0.0,0.0,0.0,0.03363488031216543,0.07865092361448855,0.027971539022729097,0.03481820174718863,0.01287108472811965,0.0,0.0,0.0278267214852769,0.0,0.007378737772398433,0.0,0.0,0.0,0.0,0.047756292963198034,0.0,0.0,0.03238876319995117,0.0,0.012832430955046239,0.0,0.0,1.9585412433014278e-05,0.0,0.0,0.0,0.0,0.0,0.0,0.0,0.0,0.0,0.0,0.021377847245178213,0.0,0.0,0.0,0.0,0.013501342634572576,OSD-321,GSM4486064
0.0,0.0,0.0,0.020109013299672848,0.0,0.0,0.0,0.0,0.0,0.0,0.0,0.0,0.056144639936546316,0.0,0.0,0.0,0.0,0.0,0.0,0.0,0.0,0.0,0.0,0.0,0.0,0.0,0.0,0.0,0.0,0.0,0.0,0.0,0.0,0.0,0.0,0.0,0.0,0.0,0.0,0.04693755037885636,0.0,0.0,0.0,0.0,0.0,0.0,0.0,0.0,0.0,0.0,0.0,0.0,0.0,0.018095038478098506,0.0,0.0,0.0,0.0,0.0,0.0,0.0,0.0,0.0,0.0,0.0,0.0,0.0,0.0,0.0,0.04561014897556487,0.0,0.0,0.0,0.0,0.0,0.0,0.0,0.0,0.07757875285341224,0.0,0.0,0.0,0.0,0.0,0.0,0.0,0.0,0.0,0.0,0.06209109975355485,0.0765574451790725,0.10197365582857601,0.010688396754407104,0.0725361829745014,0.0,0.0,0.0,0.0,0.0,0.0,0.0,0.0,0.0,0.0,0.0,0.0,0.0,0.0,0.0,0.0,0.0,0.0,0.0,0.0,0.0,0.0,0.0,0.0,0.0,0.0,0.0,0.0,0.0,0.0,0.0,0.0,0.0,0.0,0.0,0.0,0.0058503202538433795,0.0,0.0,0.0,0.0,0.0,0.0,0.0,0.0,0.0,0.0,0.0,0.0,0.0,0.04936794946747004,0.0779872396601804,0.026625298723268496,0.026025079483623686,0.005812412040982468,0.0,0.0,0.019495182085368528,0.0,0.024290485180202163,0.0,0.0,0.0,0.0,0.009126882897361419,0.0,0.0,0.04329745469722756,0.0,0.05778929496725693,0.0,0.0,0.003362577914785355,0.0,0.0,0.0,0.0,0.0,0.0,0.0,0.0,0.0,0.0,0.010129258280237212,0.0,0.0,0.0,0.0,0.05251863993592924,OSD-321,GSM4486065
0.0,0.0,0.0,0.02033075864901495,0.0,0.0,0.0,0.0,0.0,0.0,0.0,0.0,0.05334345548042953,0.0,0.0,0.0,0.0,0.0,0.0,0.0,0.0,0.0,0.0,0.0,0.0,0.0,0.0,0.000964301794105481,0.0,0.0,0.0,0.0,0.0,0.0,0.0,0.0,0.0,0.0,0.0,0.05330975448822847,0.0,0.0,0.0,0.0,0.0,0.0,0.0,0.0,0.0,0.0,0.0,0.0,0.0,0.01600688741901671,0.0,0.0,0.0,0.0,0.0,0.0,0.0,0.0,0.0,0.0,0.0,0.0,0.0,0.0,0.0,0.041332736485490365,0.0,0.0,0.0,0.0,0.0,0.0,0.0,0.0,0.07999035900007442,0.0,0.002052983718185629,0.0,0.0,0.0,0.0,0.0,0.0,0.0,0.0,0.06498337044502316,0.09148518956773276,0.09937302851767554,0.012344502865447634,0.06483639975938083,0.0,0.0,0.0,0.0,0.0,0.0,0.0,0.0,0.0,0.0,0.0,0.0,0.0,0.0,0.0,0.0,0.0,0.0,0.0,0.0,0.0,0.0,0.0,0.0,0.0,0.0,0.0,0.0,0.0,0.0,0.0,0.0,0.0,0.0,0.0,0.0,0.005705747862861445,0.0,0.0,0.0,0.0,0.0,0.0,0.0,0.0,0.0,0.0,0.0,0.0,0.0,0.04929108675102241,0.08415846914224494,0.026761350920091596,0.027552024957050683,0.004512968086598838,0.0,0.0,0.020181767890359276,0.0,0.019976421045766142,0.0,0.0,0.0,0.0,0.0066541429530653185,0.0,0.0,0.040333214249579405,0.0,0.058774810894595644,0.0,0.0,0.0007225060159854829,0.0,0.0,0.0,0.0,0.0,0.0,0.0,0.0,0.0,0.0,0.006276761786332368,0.0,0.0,0.0,0.0,0.048744999254640854,OSD-321,GSM4486066
0.0,0.0,0.0,0.021149803477774055,0.0,0.0,0.0,0.0,0.0,0.0,0.0,0.0,0.054158685200683926,0.0,0.0,0.0,0.0,0.0,0.0,0.0,0.0,0.0,0.0,0.0,0.0,0.0,0.0,0.0024559011143249414,0.0,0.0,0.0,0.0,0.0,0.0,0.0,0.0,0.0,0.0,0.0,0.052416997836366455,0.0,0.0,0.0,0.0,0.0,0.0,0.0,0.0,0.0,0.0,0.0,0.0,0.0,0.018726055558360745,0.0,0.0,0.0,0.0,0.0,0.0,0.0,0.0,0.0,0.0,0.0,0.0,0.0,0.0,0.0,0.04016943882950961,0.0,0.0,0.0,0.0,0.0,0.0,0.0,0.0,0.0813578375871937,0.0,0.004594039895311635,0.0,0.0,0.0,0.0,0.0,0.0,0.0,0.0,0.07142896327295094,0.08928884426046087,0.09516897979987034,0.01032408049586464,0.06561703853245357,0.0,0.0,0.0,0.0,0.0,0.0,0.0,0.0,0.0,0.0,0.0,0.0,0.0,0.0,0.0,0.0,0.0,0.0,0.0,0.0,0.0,0.0,0.0,0.0,0.0,0.0,0.0,0.0,0.0,0.0,0.0,0.0,0.0,0.0,0.0,0.0,0.0075583933350014815,0.0,0.0,0.0,0.0,0.0,0.0,0.0,0.0,0.0,0.0,0.0,0.0,0.0,0.04474938452968426,0.08010165735403069,0.02801727907431803,0.02960971782908478,0.003942308413356686,0.0,0.0,0.020565714436205095,0.0,0.019510769543714595,0.0,0.0,0.0,0.0,0.006894195645617991,0.0,0.0,0.03970447600339436,0.0,0.05068887371230464,0.0,0.0,0.006936149383231409,0.0,0.0,0.0,0.0,0.0,0.0,0.0,0.0,0.0,0.0,0.009574544003203758,0.0,0.0,0.0,0.0,0.04528987087572667,OSD-321,GSM4486067
0.0,0.0,0.0,0.019455244587177314,0.0,0.0,0.0,0.0,0.0,0.0,0.0,0.0,0.05529038158433218,0.0,0.0,0.0,0.0,0.0,0.0,0.0,0.0,0.0,0.0,0.0,0.0,0.0,0.0,0.0,0.0,0.0,0.0,0.0,0.0,0.0,0.0,0.0,0.0,0.0,0.0,0.049327408556901875,0.0,0.0,0.0,0.0,0.0,0.0,0.0,0.0,0.0,0.0,0.0,0.0,0.0,0.01774855930995067,0.0,0.0,0.0,0.0,0.0,0.0,0.0,0.0,0.0,0.0,0.0,0.0,0.0,0.0,0.0,0.04482615592803912,0.0,0.0,0.0,0.0,0.0,0.0,0.0,0.0,0.07844307598822561,0.0,0.0,0.0,0.0,0.0,0.0,0.0,0.0,0.0,0.0,0.056404933632488524,0.0865461392599552,0.09547074425210472,0.01689231508427762,0.06822351968244356,0.0,0.0,0.0,0.0,0.0,0.0,0.0,0.0,0.0,0.0,0.0,0.0,0.0,0.0,0.0,0.0,0.0,0.0,0.0,0.0,0.0,0.0,0.0,0.0,0.0,0.0,0.0,0.0,0.0,0.0,0.0,0.0,0.0,0.0,0.0,0.0,0.010145747460160255,0.0,0.0,0.0,0.0,0.0,0.0,0.0,0.0,0.0,0.0,0.0,0.0,0.0,0.046543150579856765,0.07573160376233112,0.03072073138369228,0.026342645327877747,0.0057904281680436305,0.0,0.0,0.02098430109499143,0.0,0.023255916604899157,0.0,0.0,0.0,0.0,0.013154262806208347,0.0,0.0,0.042458486019906226,0.0,0.05851218214098069,0.0,0.0,0.0008840167470187728,0.0,0.0,0.0,0.0,0.0,0.0,0.0,0.0,0.0,0.0,0.008180934262992469,0.0,0.0,0.0,0.0,0.04866711577514469,OSD-321,GSM4486068
0.0,0.0,0.0,0.018459125887906276,0.0,0.0,0.0,0.0,0.0,0.0,0.0,0.0,0.057872016089445165,0.0,0.0,0.0,0.0,0.0,0.0,0.0,0.0,0.0,0.0,0.0,0.0,0.0,0.0,0.0037162945833714976,0.0,0.0,0.0,0.0,0.0,0.0,0.0,0.0,0.0,0.0,0.0,0.04380663911826907,0.0,0.0,0.0,0.0,0.0,0.0,0.0,0.0,0.0,0.0,0.0,0.0,0.0,0.017220992768668,0.0,0.0,0.0,0.0,0.0,0.0,0.0,0.0,0.0,0.0,0.0,0.0,0.0,0.0,0.0,0.04984929363314728,0.0,0.0,0.0,0.0,0.0,0.0,0.0,0.0,0.07318015803774724,0.0,0.0020473673379632616,0.0,0.0,0.0,0.0,0.0,0.0,0.0,0.0,0.06350073821840628,0.08692800364714502,0.09689618480115138,0.01141376315286761,0.06841169084520451,0.0,0.0,0.0,0.0,0.0,0.0,0.0,0.0,0.0,0.0,0.0,0.0,0.0,0.0,0.0,0.0,0.0,0.0,0.0,0.0,0.0,0.0,0.0,0.0,0.0,0.0,0.0,0.0,0.0,0.0,0.0,0.0,0.0,0.0,0.0,0.0,0.009919932472944893,0.0,0.0,0.0,0.0,0.0,0.0,0.0,0.0,0.0,0.0,0.0,0.0,0.0,0.049362322199094366,0.07381984867140026,0.029898286801074557,0.027536511645035885,0.002070399260405961,0.0,0.0,0.021469854253214554,0.0,0.02674344649806125,0.0,0.0,0.0,0.0,0.0087004255297726,0.0,0.0,0.0422385408880402,0.0,0.05413333946496422,0.0,0.0,0.0036739342527866547,0.0,0.0,0.0,0.0,0.0,0.0,0.0,0.0,0.0,0.0,0.007350176387779819,0.0,0.0,0.0,0.0,0.04978071355413221,OSD-321,GSM4486069
0.0,0.0,0.0,0.02445118571992912,0.0,0.0,0.0,0.0,0.0,0.0,0.0,0.0,0.05517581450137837,0.0,0.0,0.0,0.0,0.0,0.0,0.0,0.0,0.0,0.0,0.0,0.0,0.0,0.0,0.0,0.0,0.0,0.0,0.0,0.0,0.0,0.0,0.0,0.0,0.0,0.0,0.046927402900560376,0.0,0.0,0.0,0.0,0.0,0.0,0.0,0.0,0.0,0.0,0.0,0.0,0.0,0.0,0.0,0.0,0.0,0.0,0.0,0.0,0.0,0.0,0.0,0.0,0.0,0.0,0.0,0.0,0.0,0.024241939805921403,0.0,0.0,0.0,0.0,0.0,0.0,0.0,0.0,0.10491252538171598,0.0,0.0,0.0,0.0,0.0,0.0,0.0,0.0,0.0,0.0,0.09287351427915912,0.08043331170696635,0.09388218591112181,0.038670278113255074,0.043776047032286665,0.0,0.0,0.0,0.0,0.0,0.0,0.0,0.0,0.0,0.0,0.0,0.0,0.0,0.0,0.0,0.0,0.0,0.0,0.0,0.0,0.0,0.0,0.0,0.0,0.0,0.0,0.0,0.0,0.0,0.0,0.0,0.0,0.0,0.0,0.0,0.0,0.027759235359703753,0.0,0.0,0.0,0.0,0.0,0.0,0.0,0.0,0.0,0.0,0.0,0.0,0.0,0.026518352764538487,0.06745742562508464,0.02190023218103718,0.030967979916684187,0.011190312133654914,0.0,0.0,0.07923744790259853,0.0,0.0,0.0,0.0,0.0,0.0,0.038556963599447484,0.0,0.0,0.042012583922940064,0.0,0.017043086750782702,0.0,0.0,0.0,0.0,0.0,0.0,0.0,0.0,0.0,0.0,0.0,0.0,0.0,0.021037429623286627,0.0,0.0,0.0,0.0,0.010974744867946968,OSD-321,GSM4486070
0.0,0.0,0.0,0.019658416203933445,0.0,0.0,0.0,0.0,0.0,0.0,0.0,0.0,0.0496278185475857,0.0,0.0,0.0,0.0,0.0,0.0,0.0,0.0,0.0,0.0,0.0,0.0,0.0,0.0,0.0,0.0,0.0,0.0,0.0,0.0,0.0,0.0,0.0,0.0,0.0,0.0,0.05609606792760371,0.0,0.0,0.0,0.0,0.0,0.0,0.0,0.0,0.0,0.0,0.0,0.0,0.0,0.004221988076518958,0.0,0.0,0.0,0.0,0.0,0.0,0.0,0.0,0.0,0.0,0.0,0.0,0.0,0.0,0.0,0.04021235812830297,0.0,0.0,0.00016189339567847366,0.0,0.0,0.0,0.0,0.0,0.09417376833184113,0.0,0.0,0.0,0.0,0.0,0.0,0.0,0.0,0.0,0.0,0.08507237814240656,0.08030172415934805,0.09549665574892426,0.04339714917747458,0.053649705645977874,0.0,0.0,0.0,0.0,0.0,0.0,0.0,0.0,0.0,0.0,0.0,0.0,0.0,0.0,0.0,0.0,0.0,0.0,0.0,0.0,0.0,0.0,0.0,0.0,0.0,0.0,0.0,0.0,0.0,0.0,0.0,0.0,0.0,0.0,0.0,0.0,0.030580317197176295,0.0,0.0,0.0,0.0,0.0,0.0,0.0,0.0,0.0,0.0,0.0,0.0,0.0,0.03713243072693114,0.07798658872901491,0.027306068800841753,0.030973899411393162,0.016869607831270096,0.0,0.0007919397024978471,0.018066629799600407,0.0,0.0,0.0,0.0,0.0,0.0,0.04883982404802485,0.0,0.0,0.038193605069339255,0.0,0.02056803436576277,0.0,0.0,0.0007577841542307938,0.0,0.0,0.0,0.0,0.0,0.0,0.0,0.0,0.0,0.0,0.015184447568581685,0.0,0.0,0.0,0.0,0.014678899109739305,OSD-321,GSM4486071
0.0,0.0,0.0,0.019824502081179276,0.0,0.0,0.0,0.0,0.0,0.0,0.0,0.0,0.05402806405414435,0.0,0.0,0.0,0.0,0.0,0.0,0.0,0.0,0.0,0.0,0.0,0.0,0.0,0.0,0.0,0.0,0.0,0.0,0.0,0.0,0.0,0.0,0.0,0.0,0.0,0.0,0.058227832532568455,0.0,0.0,0.0,0.0,0.0,0.0,0.0,0.0,0.0,0.0,0.0,0.0,0.0,0.0,0.0,0.0,0.0,0.0,0.0,0.0,0.0,0.0,0.0,0.0,0.0,0.0,0.0,0.0,0.0,0.035896160795030385,0.0,0.0,0.0,0.0,0.0,0.0,0.0,0.0,0.09415589938949342,0.0,0.0,0.0,0.0,0.0,0.0,0.0,0.0,0.0,0.0,0.08600840941488345,0.09247213887500315,0.09238371890700404,0.038021158092310506,0.04840913519694609,0.0,0.0,0.0,0.0,0.0,0.0,0.0,0.0,0.0,0.0,0.0,0.0,0.0,0.0,0.0,0.0,0.0,0.0,0.0,0.0,0.0,0.0,0.0,0.0,0.0,0.0,0.0,0.0,0.0,0.0,0.0,0.0,0.0,0.0,0.0,0.0,0.019443387036026837,0.0,0.0,0.0,0.0,0.0,0.0,0.0,0.0,0.0,0.0,0.0,0.0,0.0,0.03768169602308965,0.06958902713020307,0.029491368310610822,0.028323377510112196,0.01069267600852484,0.0,0.0,0.020615787455622078,0.0,0.0038996479761694916,0.0,0.0,0.0,0.0,0.04087135038096336,0.0,0.0,0.052215964827502424,0.0,0.033953420644103886,0.0,0.0,0.0,0.0,0.0,0.0,0.0,0.0,0.0,0.0,0.0,0.0,0.0,0.012734440624350585,0.0,0.0,0.0,0.0,0.021060836734157675,OSD-321,GSM4486072
0.0,0.0,0.0,0.017474144924858024,0.0,0.0,0.0,0.0,0.0,0.0,0.0,0.0,0.051038052857869325,0.0,0.0,0.0,0.0,0.0,0.0,0.0,0.0,0.0,0.0,0.0,0.0,0.0,0.0,0.0,0.0,0.0,0.0,0.0,0.0,0.0,0.0,0.0,0.0,0.0,0.0,0.05551559095682965,0.0,0.0,0.0,0.0,0.0,0.0,0.0,0.0,0.0,0.0,0.0,0.0,0.0,0.0,0.0,0.0,0.0,0.0,0.0,0.0,0.0,0.0,0.0,0.0,0.0,0.0,0.0,0.0,0.0,0.024006475950094624,0.0,0.0,0.0,0.0,0.0,0.0,0.0,0.0,0.10832247814412885,0.0,0.0,0.0,0.0,0.0,0.0,0.0,0.0,0.0,0.0,0.09505802209533949,0.09174890786276457,0.09082365920689733,0.04181875267702627,0.04222350248715466,0.0,0.0,0.0,0.0,0.0,0.0,0.0,0.0,0.0,0.0,0.0,0.0,0.0,0.0,0.0,0.0,0.0,0.0,0.0,0.0,0.0,0.0,0.0,0.0,0.0,0.0,0.0,0.0,0.0,0.0,0.0,0.0,0.0,0.0,0.0,0.0,0.03156459943346088,0.0,0.0,0.0,0.0,0.0,0.0,0.0,0.0,0.0,0.0,0.0,0.0,0.0,0.036833321665788364,0.08062809580979874,0.029854522509763896,0.03379513428970216,0.005002631337001692,0.0,0.0,0.02025558527403162,0.0,0.0,0.0,0.0,0.0,0.0,0.04873004509760123,0.0,0.0,0.047462261199462764,0.0,0.022028183845523873,0.0,0.0,0.0,0.0,0.0,0.0,0.0,0.0,0.0,0.0,0.0,0.0,0.0,0.010624563498265818,0.0,0.0,0.0,0.0,0.015191468876636223,OSD-321,GSM4486073
0.0,0.0,0.0,0.01945129659812456,0.0,0.0,0.0,0.0,0.0,0.0,0.0,0.0,0.048088912697827335,0.0,0.0,0.0,0.0,0.0,0.0,0.0,0.0,0.0,0.0,0.0,0.0,0.0,0.0,0.0,0.0,0.0,0.0,0.0,0.0,0.0,0.0,0.0,0.0,0.0,0.0,0.05615610132454826,0.0,0.0,0.0,0.0,0.0,0.0,0.0,0.0,0.0,0.0,0.0,0.0,0.0,0.001450934232475168,0.0,0.0,0.0,0.0,0.0,0.0,0.0,0.0,0.0,0.0,0.0,0.0,0.0,0.0,0.0,0.04144416295203477,0.0,0.0,0.0,0.0,0.0,0.0,0.0,0.0,0.09030523276121312,0.0,0.0,0.0,0.0,0.0,0.0,0.0,0.0,0.0,0.0,0.09632423277921795,0.0735151535052459,0.09613096786532509,0.04490268380614845,0.05099844153403072,0.0,0.0,0.0,0.0,0.0,0.0,0.0,0.0,0.0,0.0,0.0,0.0,0.0,0.0,0.0,0.0,0.0,0.0,0.0,0.0,0.0,0.0,0.0,0.0,0.0,0.0,0.0,0.0,0.0,0.0,0.0,0.0,0.0,0.0,0.0,0.0,0.037588110336974706,0.0,0.0,0.0,0.0,0.0,0.0,0.0,0.0,0.0,0.0,0.0,0.0,0.0,0.03415966889498874,0.0813627291222947,0.029952192586465115,0.029703533363744282,0.016657675209857198,0.0,0.005551097504076405,0.018067473581877002,0.0,0.0,0.0,0.0,0.0,0.0,0.0375943549081569,0.0,0.0,0.04952012099132617,0.0,0.017991637349392617,0.0,0.0,0.0,0.0,0.0,0.0,0.0,0.0,0.0,0.0,0.0,0.0,0.0,0.004852060552329194,0.0,0.0,0.0,0.0,0.018231225542325667,OSD-321,GSM4486074
0.0,0.0,0.0,0.01727911347852521,0.0,0.0,0.0,0.0,0.0,0.0,0.0,0.0,0.04741931319644015,0.0,0.0,0.0,0.0,0.0,0.0,0.0,0.0,0.0,0.0,0.0,0.0,0.0,0.0,0.0,0.0,0.0,0.0,0.0,0.0,0.0,0.0,0.0,0.0,0.0,0.0,0.0583512302256272,0.0,0.0,0.0,0.0,0.0,0.0,0.0,0.0,0.0,0.0,0.0,0.0,0.0,0.031694067360029984,0.0,0.0,0.0,0.0,0.0,0.0,0.0,0.0,0.0,0.0,0.0,0.0,0.0,0.0,0.0,0.0,0.0,0.0,0.12529755309733479,0.0,0.0,0.0,0.0,0.0,0.0,0.0,0.0,0.0,0.0,0.0,0.0,0.0,0.0,0.0,0.0,0.0419586837323968,0.07859986980660162,0.04356969699814096,0.04049817843280017,0.0881226768664181,0.0,0.0,0.0,0.0,0.0,0.0,0.0,0.0,0.0,0.0,0.0,0.0,0.0,0.0,0.0,0.0,0.0,0.0,0.0,0.0,0.0,0.0,0.0,0.0,0.0,0.0,0.0,0.0,0.0,0.0,0.0,0.0,0.0,0.0,0.0,0.0,0.03243226417556513,0.0,0.0,0.0,0.0,0.0,0.0,0.0,0.0,0.0,0.0,0.0,0.0,0.0,0.039870189729929346,0.027772492326985847,0.02021332931323934,0.030263464611182775,0.011359732188563369,0.0,0.0,0.033927567362530074,0.0,0.01731853685199409,0.0,0.0,0.0,0.0,0.05073575310633061,0.0,0.0,0.012991095541798281,0.029199490512293494,0.04301168383549431,0.0,0.0,0.025505747302724938,0.0,0.0,0.0,0.0,0.0,0.0,0.0,0.0,0.0,0.0,0.046306865663765476,0.0,0.0,0.0,0.0,0.00630140428328808,OSD-37,Atha_Ws-2_sl-pool_FLT_Rep1_R1-FL-C1
0.0,0.0,0.0,0.016688220560702176,0.0,0.0,0.0,0.0,0.0,0.0,0.0,0.0,0.047871181607591,0.0,0.0,0.0,0.0,0.0,0.0,0.0,0.0,0.0,0.0,0.0,0.0,0.0,0.0,0.0,0.0,0.0,0.0,0.0,0.0,0.0,0.0,0.0,0.0,0.0,0.0,0.05577124487870973,0.0,0.0,0.0,0.0,0.0,0.0,0.0,0.0,0.0,0.0,0.0,0.0,0.0,0.023280814721101193,0.0,0.0,0.0,0.0,0.0,0.0,0.0,0.0,0.0,0.0,0.0,0.0,0.0,0.0,0.0,0.0,0.0,0.0,0.12563205191677015,0.0,0.0,0.0,0.0,0.0,0.0,0.0,0.0,0.0,0.0,0.0,0.0,0.0,0.0,0.0,0.0,0.0379106039601944,0.07907209406169735,0.04842403885491906,0.06187717391620009,0.08121662562938503,0.0,0.0,0.0,0.0,0.0,0.0,0.0,0.0,0.0,0.0,0.0,0.0,0.0,0.0,0.0,0.0,0.0,0.0,0.0,0.0,0.0,0.0,0.0,0.0,0.0,0.0,0.0,0.0,0.0,0.0,0.0,0.0,0.0,0.0,0.0,0.0,0.0370350857639106,0.0,0.0,0.0,0.0,0.0,0.0,0.0,0.0,0.0,0.0,0.0,0.0,0.0,0.035346850336252976,0.03343919192704742,0.02771128292494917,0.029027102189178377,0.008081275225641442,0.0,0.0,0.03559616083793391,0.0,0.0,0.0,0.0,0.0,0.0,0.03950070349082642,0.0,0.0,0.024309070801012928,0.045195732238124287,0.05030181158898429,0.0,0.0,0.026642450167889145,0.0,0.0,0.0,0.0,0.0,0.0,0.0,0.0,0.0,0.0,0.030069232400978762,0.0,0.0,0.0,0.0,0.0,OSD-37,Atha_Ler-0_sl-pool_FLT_Rep1_R1-FL-C2
0.0,0.0,0.0,0.016619352787567016,0.0,0.0,0.0,0.0,0.0,0.0,0.0,0.0,0.04728318715544024,0.0,0.0,0.0,0.0,0.0,0.0,0.0,0.0,0.0,0.0,0.0,0.0,0.0,0.0,0.005378890817149645,0.0,0.0,0.0,0.0,0.0,0.0,0.0,0.0,0.0,0.0,0.0,0.07380974697222002,0.0,0.0,0.0,0.0,0.0,0.0,0.0,0.0,0.0,0.0,0.0,0.0,0.0,0.02779957000529013,0.0,0.0,0.0,0.0,0.0,0.0,0.0,0.0,0.0,0.0,0.0,0.0,0.0,0.0,0.0,0.05152162974690764,0.0,0.0,0.009739813264143075,0.0,0.0,0.0,0.0,0.0,0.05754995423072477,0.0,0.0,0.0,0.0,0.0,0.0,0.0,0.0,0.0,0.0,0.020638040465537626,0.08790077801835111,0.0439729357694901,0.058892123210202464,0.07995166091222315,0.0,0.0,0.0,0.0,0.0,0.0,0.0,0.0,0.0,0.0,0.0,0.0,0.0,0.0,0.0,0.0,0.0,0.0,0.0,0.0,0.0,0.0,0.0,0.0,0.0,0.0,0.0,0.0,0.0,0.0,0.0,0.0,0.0,0.0,0.0,0.0,0.0474191516427152,0.0,0.0,0.0,0.0,0.0,0.0,0.0,0.0,0.0,0.0,0.0,0.0,0.0,0.04570470840137619,0.030314471714900305,0.02117117513002826,0.03587999675258404,0.007261463485396474,0.0,0.0,0.03570700232593538,0.0,0.010448474294056365,0.0,0.0,0.0,0.0,0.044293503611708224,0.0,0.0,0.023997315673339917,0.0,0.05233262725448735,0.0,0.0,0.025922821211695337,0.0,0.0,0.0,0.0,0.0,0.0,0.0,0.0,0.0,0.0,0.02960656401351826,0.0,0.0,0.0,0.0,0.008883041133011634,OSD-37,Atha_Cvi-0_sl-pool_FLT_Rep1_R1-FL-C3
0.0,0.0,0.0,0.019524584096767193,0.0,0.0,0.0,0.0,0.0,0.0,0.0,0.0,0.051650145222312586,0.0,0.0,0.0,0.0,0.0,0.0,0.0,0.0,0.0,0.0,0.0,0.0,0.0,0.0,0.0,0.0,0.0,0.0,0.0,0.0,0.0,0.0,0.0,0.0,0.0,0.0,0.06089219721719294,0.0,0.0,0.0,0.0,0.0,0.0,0.0,0.0,0.0,0.0,0.0,0.0,0.0,0.017967747903241307,0.0,0.0,0.0,0.0,0.0,0.0,0.0,0.0,0.0,0.0,0.0,0.0,0.0,0.0,0.0,0.03670689938066553,0.0,0.0,0.04171612454008594,0.0,0.0,0.0,0.0,0.0,0.0387831333155106,0.0,0.0,0.0,0.0,0.0,0.0,0.0,0.0,0.0,0.0,0.052908917610000154,0.08561330549526801,0.04039732555022596,0.04356553608748805,0.08191078986176419,0.0,0.0,0.0,0.0,0.0,0.0,0.0,0.0,0.0,0.0,0.0,0.0,0.0,0.0,0.0,0.0,0.0,0.0,0.0,0.0,0.0,0.0,0.0,0.0,0.0,0.0,0.0,0.0,0.0,0.0,0.0,0.0,0.0,0.0,0.0,0.0,0.03935275700710497,0.0,0.0,0.0,0.0,0.0,0.0,0.0,0.0,0.0,0.0,0.0,0.0,0.0,0.030042503169231308,0.026307562639338956,0.025154951213435764,0.03743766238922747,0.0065555182115817675,0.0,0.0,0.039798864957073334,0.0,0.013605423353407997,0.0,0.0066398995875420275,0.0,0.0,0.06875857804670794,0.0,0.0,0.008814441735689968,0.0,0.03625995979721939,0.0,0.0,0.018980650892230277,0.0,0.0,0.0,0.004347383171765811,0.0,0.0,0.0,0.0,0.0,0.0,0.06164860299391344,0.0,0.0,0.0,0.0,0.004658534554007061,OSD-37,Atha_Ws-2_sl-pool_FLT_Rep2_R1-FL-C4
0.0,0.0,0.0,0.016614435342070435,0.0,0.0,0.0,0.0,0.0,0.0,0.0,0.0,0.04860546250482057,0.0,0.0,0.0,0.0,0.0,0.0,0.0,0.0,0.0,0.0,0.0,0.0,0.0,0.0,0.0,0.0,0.0,0.0,0.0,0.0,0.0,0.0,0.0,0.0,0.0,0.0,0.06193461025457821,0.0,0.0,0.0,0.0,0.0,0.0,0.0,0.0,0.0,0.0,0.0,0.0,0.0,0.03296586483866761,0.0,0.0,0.0,0.0,0.0,0.0,0.0,0.0,0.0,0.0,0.0,0.0,0.0,0.0,0.0,0.0,0.0,0.0,0.12391885872844029,0.0,0.0,0.0,0.0,0.0,0.0,0.0,0.0,0.0,0.0,0.0,0.0,0.0,0.0,0.0,0.0,0.03870484308899064,0.07010321986582038,0.042202884477621286,0.06538126175507304,0.070436312690258,0.0,0.0,0.0,0.0,0.0,0.0,0.0,0.0,0.0,0.0,0.0,0.0,0.0,0.0,0.0,0.0,0.0,0.0,0.0,0.0,0.0,0.0,0.0,0.0,0.0,0.0,0.0,0.0,0.0,0.0,0.0,0.0,0.0,0.0,0.0,0.0,0.04821962535380257,0.0,0.0,0.0,0.0,0.0,0.0,0.0,0.0,0.0,0.0,0.0,0.0,0.0,0.02955799912026585,0.030053235586496436,0.023402462154229434,0.03273976244223178,0.010917852523759892,0.0,0.0,0.03677003236367965,0.0,0.0,0.0,0.0,0.0,0.0,0.04505830823876195,0.0,0.0,0.01696718802929907,0.05979807818467832,0.03650565115913829,0.0,0.0,0.028166127739348023,0.0,0.0,0.0,0.0,0.0,0.0,0.0,0.0,0.0,0.0,0.030975923557968243,0.0,0.0,0.0,0.0,0.0,OSD-37,Atha_Ler-0_sl-pool_FLT_Rep2_R1-FL-C5
0.0,0.0,0.0,0.018494345421345055,0.0,0.0,0.0,0.0,0.0,0.0,0.0,0.0,0.05488199017634165,0.0,0.0,0.0,0.0,0.0,0.0,0.0,0.0,0.0,0.0,0.0,0.0,0.0,0.0,0.0,0.0,0.0,0.0,0.0,0.0,0.0,0.0,0.0,0.0,0.0,0.0,0.047436673720568846,0.0,0.0,0.0,0.0,0.0,0.0,0.0,0.0,0.0,0.0,0.0,0.0,0.0,0.01899919341539972,0.0,0.0,0.0,0.0,0.0,0.0,0.0,0.0,0.0,0.0,0.0,0.0,0.0,0.0,0.0,0.0612888796680366,0.0,0.0,0.007387762650138277,0.0,0.0,0.0,0.0,0.0,0.0484970290665082,0.0,0.0,0.0,0.0,0.0,0.0,0.0,0.0,0.0,0.0,0.057454663897859824,0.08783562062838565,0.04944820452444041,0.038485346645976984,0.08208389366376483,0.0,0.0,0.0,0.0,0.0,0.0,0.0,0.0,0.0,0.0,0.0,0.0,0.0,0.0,0.0,0.0,0.0,0.0,0.0,0.0,0.0,0.0,0.0,0.0,0.0,0.0,0.0,0.0,0.0,0.0,0.0,0.0,0.0,0.0,0.0,0.0,0.03747665754677939,0.0,0.0,0.0,0.0,0.0,0.0,0.0,0.0,0.0,0.0,0.0,0.0,0.0,0.03554224093844982,0.03855824480277552,0.020260486399274948,0.03271860030618179,0.006664259614642824,0.0,0.0,0.033045637308455784,0.0,0.015801298326865956,0.0,0.0011085270315225053,0.0,0.0,0.06416869826337807,0.0,0.0,0.01262846748981658,0.0,0.041948823384930195,0.0,0.0,0.017959779504748526,0.0,0.0,0.0,0.014307733034879247,0.0,0.0,0.0,0.0,0.0,0.0,0.05105857235524337,0.0,0.0,0.0,0.0,0.004458370213289355,OSD-37,Atha_Ws-2_sl-pool_FLT_Rep3_R1-FL-D1
0.0,0.0,0.0,0.016939843924570687,0.0,0.0,0.0,0.0,0.0,0.0,0.0,0.0,0.05509055385961476,0.0,0.0,0.0,0.005560604089493636,0.0,0.0,0.0,0.0,0.0,0.0,0.0,0.0,0.0,0.0,0.0015729307494355134,0.0,0.0,0.0,0.0,0.0,0.0,0.0,0.0,0.0,0.0,0.0,0.05666150824473072,0.0,0.0,0.0,0.0,0.0,0.0,0.0,0.0,0.0,0.0,0.0,0.0,0.0,0.029501385043180534,0.0,0.0,0.0,0.0,0.0,0.0,0.0,0.0,0.0,0.0,0.0,0.0,0.0,0.0,0.0,0.04950462875109195,0.0,0.0,0.0,0.0,0.0,0.0,0.0,0.0,0.06858109713290865,0.0,0.0,0.0,0.0,0.0,0.0,0.0,0.0,0.0,0.0,0.036801369839457206,0.0924736328057733,0.051907761029718086,0.022298112141473432,0.08680001611083081,0.0,0.0,0.0,0.0,0.0,0.0,0.0,0.0,0.0,0.0,0.0,0.0,0.0,0.0,0.0,0.0,0.0,0.0,0.0,0.0,0.0,0.0,0.0,0.0,0.0,0.0,0.0,0.0,0.0,0.0,0.0,0.0,0.0,0.0,0.0,0.0,0.041302339457120425,0.0,0.0,0.0,0.0,0.0,0.0,0.0,0.0,0.0,0.0,0.0,0.0,0.0,0.05612786053786803,0.03786488218097063,0.018831530201788967,0.030621817624682798,0.0,0.0,0.0,0.027416947885107477,0.0,0.0,0.0,0.0,0.0,0.0,0.03497022299420294,0.0,0.0,0.026093281273458023,0.0,0.06642387665408152,0.00012107406903130093,0.0,0.028349551094291377,0.0,0.0,0.0,0.0,0.0,0.0,0.0,0.0,0.0,0.0,0.029154680899183,0.0,0.0,0.0,0.0,0.029028491405934345,OSD-37,Atha_Cvi-0_sl-pool_FLT_Rep2_R1-FL-D2
0.0,0.0,0.0,0.017611846132880256,0.0,0.0,0.0,0.0,0.0,0.0,0.0,0.0,0.05302169902573549,0.0,0.0,0.0,0.0,0.0,0.0,0.0,0.0,0.0,0.0,0.0,0.0,0.0,0.0,0.0,0.0,0.0,0.0,0.0,0.0,0.0,0.0,0.0,0.0,0.0,0.0,0.07481133424677251,0.0,0.0,0.0,0.0,0.0,0.0,0.0,0.0,0.0,0.0,0.0,0.0,0.0,0.03116056502994829,0.0,0.0,0.0,0.0,0.0,0.0,0.0,0.0,0.0,0.0,0.0,0.0,0.0,0.0,0.0,0.028977794486717317,0.0,0.0,0.0479271711236802,0.0,0.0,0.0,0.0,0.0,0.0351085354143515,0.0,0.0,0.0,0.0,0.0,0.0,0.0,0.0,0.0,0.0,0.03178759770534083,0.07670755337541409,0.04441620151674168,0.0617519272079818,0.07754330249753157,0.0,0.0,0.0,0.0,0.0,0.0,0.0,0.0,0.0,0.0,0.0,0.0,0.0,0.0,0.0,0.0,0.0,0.0,0.0,0.0,0.0,0.0,0.0,0.0,0.0,0.0,0.0,0.0,0.0,0.0,0.0,0.0,0.0,0.0,0.0,0.0,0.043561818340720954,0.0,0.0,0.0,0.0,0.0,0.0,0.0,0.0,0.0,0.0,0.0,0.0,0.0,0.04191482805209802,0.028470167896552077,0.0233037983517186,0.03212888714394332,0.011791822608970446,0.0,0.0,0.03558008131546496,0.0,0.0027989937412598157,0.0,0.0,0.0,0.0,0.07002389428401,0.0,0.0,0.0191735710816452,0.0,0.04667174653825295,0.0,0.0,0.025913672345074804,0.0,0.0,0.0,0.0,0.0,0.0,0.0,0.0,0.0,0.0,0.03784119053719333,0.0,0.0,0.0,0.0,0.0,OSD-37,Atha_Ler-0_sl-pool_FLT_Rep3_R1-FL-D3
0.0,0.0,0.0,0.01716934099195533,0.0,0.0,0.0,0.0,0.0,0.0,0.0,0.0,0.0442283298595419,0.0,0.0,0.0,0.0,0.0,0.0,0.0,0.0,0.0,0.0,0.0,0.0,0.0,0.0,0.0,0.0,0.0,0.0,0.0,0.0,0.0,0.0,0.0,0.0,0.0,0.0,0.047861583945767915,0.0,0.0,0.0,0.0,0.0,0.0,0.0,0.0,0.0,0.0,0.0,0.0,0.0,0.020486988256126794,0.0,0.0,0.0,0.0,0.0,0.0,0.0,0.0,0.0,0.0,0.0,0.0,0.0,0.0,0.0,0.0,0.0,0.0,0.12909479820168185,0.0,0.0,0.0,0.0,0.0,0.0,0.0,0.0,0.0,0.0,0.0,0.0,0.0,0.0,0.0,0.0,0.03961684694849257,0.09652847060452223,0.037441211535916355,0.04836491589303917,0.08194087035625389,0.0,0.0,0.0,0.0,0.0,0.0,0.0,0.0,0.0,0.0,0.0,0.0,0.0,0.0,0.0,0.0,0.0,0.0,0.0,0.0,0.0,0.0,0.0,0.0,0.0,0.0,0.0,0.0,0.0,0.0,0.0,0.0,0.0,0.0,0.0,0.0,0.03812356881168285,0.0,0.0,0.0,0.0,0.0,0.0,0.0,0.0,0.0,0.0,0.0,0.0,0.0,0.03821455765400802,0.023358690016507904,0.01968213739713974,0.03096219729409818,0.008544845470757878,0.0,0.0,0.030940627014878774,0.0,0.015656567589745426,0.0,0.0010800663903661881,0.0,0.0,0.05536772167442666,0.0,0.0,0.016464324331330812,0.042176178926238504,0.04562880988679569,0.0,0.0,0.018933520608690774,0.0,0.0,0.0,0.0,0.0,0.0,0.0,0.0,0.0,0.0,0.05190664463151332,0.0,0.0,0.0,0.0,0.00022618570852134536,OSD-37,Atha_Ws-2_sl-pool_FLT_Rep4_R1-FL-D4
0.0,0.0,0.0,0.017871489026030273,0.0,0.0,0.0,0.0,0.0,0.0,0.0,0.0,0.05438927840581414,0.0,0.0,0.0,0.0,0.0,0.0,0.0,0.0,0.0,0.0,0.0,0.0,0.0,0.0,0.005162461864861153,0.0,0.0,0.0,0.0,0.0,0.0,0.0,0.0,0.0,0.0,0.0,0.06210706685840021,0.0,0.0,0.0,0.0,0.0,0.0,0.0,0.0,0.0,0.0,0.0,0.0,0.0,0.029921636334936587,0.0,0.0,0.0,0.0,0.0,0.0,0.0,0.0,0.0,0.0,0.0,0.0,0.0,0.0,0.0,0.03860827659814346,0.0,0.0,0.006834702924427085,0.0,0.0,0.0,0.0,0.0,0.07096906212030324,0.0,0.0,0.0,0.0,0.0,0.0,0.0,0.0,0.0,0.0,0.03103657700822816,0.09837396299763808,0.05369347292810577,0.028073482850483944,0.0756722455540315,0.0,0.0,0.0,0.0,0.0,0.0,0.0,0.0,0.0,0.0,0.0,0.0,0.0,0.0,0.0,0.0,0.0,0.0,0.0,0.0,0.0,0.0,0.0,0.0,0.0,0.0,0.0,0.0,0.0,0.0,0.0,0.0,0.0,0.0,0.0,0.0,0.0415025793528752,0.0,0.0,0.0,0.0,0.0,0.0,0.0,0.0,0.0,0.0,0.0,0.0,0.0,0.048010016319614136,0.04019980753459109,0.022444386299069065,0.03463002318649635,0.0,0.0,0.0,0.03576808075890429,0.0,0.0,0.0,0.0,0.0,0.0,0.042651500420040754,0.0,0.0,0.026219700175433784,0.0,0.06012227693538791,0.0,0.0,0.023231913822752893,0.0,0.0,0.0,0.0,0.0,0.0,0.0,0.0,0.0,0.0,0.033872412695095916,0.0,0.0,0.0,0.0,0.018633587028335022,OSD-37,Atha_Cvi-0_sl-pool_FLT_Rep3_R1-FL-D5
0.0,0.0,0.0,0.018322786969892143,0.0,0.0,0.0,0.0,0.0,0.0,0.0,0.0,0.04758634139247639,0.0,0.0,0.0,0.0,0.0,0.0,0.0,0.0,0.0,0.0,0.0,0.0,0.0,0.0,0.0,0.0,0.0,0.0,0.0,0.0,0.0,0.0,0.0,0.0,0.0,0.0,0.055346015700520175,0.0,0.0,0.0,0.0,0.0,0.0,0.0,0.0,0.0,0.0,0.0,0.0,0.0,0.01957934667375129,0.0,0.0,0.0,0.0,0.0,0.0,0.0,0.0,0.0,0.0,0.0,0.0,0.0,0.0,0.0,0.02966348963442915,0.0,0.0,0.04148294660860154,0.0,0.0,0.0,0.0,0.0,0.05155015754257912,0.0,0.0,0.0,0.0,0.0,0.0,0.0,0.0,0.0,0.0,0.054099714510966616,0.10080891106778515,0.05907850671822116,0.009128427089712423,0.0864377022500404,0.0,0.0,0.0,0.0,0.0,0.0,0.0,0.0,0.0,0.0,0.0,0.0,0.0,0.0,0.0,0.0,0.0,0.0,0.0,0.0,0.0,0.0,0.0,0.0,0.0,0.0,0.0,0.0,0.0,0.0,0.0,0.0,0.0,0.0,0.0,0.0,0.0326301606395292,0.0,0.0,0.0,0.0,0.0,0.0,0.0,0.0,0.0,0.0,0.0,0.0,0.0,0.039470517711758114,0.05157815395440808,0.019677021291726157,0.03574856355934936,0.008632211558380743,0.0,0.0,0.033317247247471204,0.0,0.013824406482019668,0.0,0.0,0.0,0.0,0.047943347381035464,0.0,0.0,0.02060629842463957,0.0,0.05118095343105435,0.0,0.0,0.015479201320569621,0.0,0.0,0.0,0.0,0.0,0.0,0.0,0.0,0.0,0.0,0.04713367847945559,0.0,0.0,0.0,0.0,0.009693892359627244,OSD-37,Atha_Ws-2_sl-pool_GC_Rep1_R1-GC-C1
0.0,0.0,0.0,0.017216632543319933,0.0,0.0,0.0,0.0,0.0,0.0,0.0,0.0,0.054779453540111815,0.0,0.0,0.0,0.0,0.0,0.0,0.0,0.0,0.0,0.0,0.0,0.0,0.0,0.0,0.0,0.0,0.0,0.0,0.0,0.0,0.0,0.0,0.0,0.0,0.0,0.0,0.05690908163918571,0.0,0.0,0.0,0.0,0.0,0.0,0.0,0.0,0.0,0.0,0.0,0.0,0.0,0.036961620566581775,0.0,0.0,0.0,0.0,0.0,0.0,0.0,0.0,0.0,0.0,0.0,0.0,0.0,0.0,0.0,0.03418960548199536,0.0,0.0,0.0350937965208426,0.0,0.0,0.0,0.0,0.0,0.0431677464154514,0.0,0.0,0.0,0.0,0.0,0.0,0.0,0.0,0.0,0.0,0.059736090062279,0.08446089349463376,0.0648306633485761,0.02640805118600228,0.08277372513185782,0.0,0.0,0.0,0.0,0.0,0.0,0.0,0.0,0.0,0.0,0.0,0.0,0.0,0.0,0.0,0.0,0.0,0.0,0.0,0.0,0.0,0.0,0.0,0.0,0.0,0.0,0.0,0.0,0.0,0.0,0.0,0.0,0.0,0.0,0.0,0.0,0.03971069683529236,0.0,0.0,0.0,0.0,0.0,0.0,0.0,0.0,0.0,0.0,0.0,0.0,0.0,0.04183265415408111,0.03948306114612335,0.018038773962425425,0.03323320178788852,0.005408421116426482,0.0,0.0,0.0388024443539451,0.0,0.0,0.0,0.0,0.0,0.0,0.05165342715390968,0.0,0.0,0.027160768284101737,0.0,0.04633319200435728,0.0,0.0,0.02122386467173494,0.0,0.0,0.0,0.0,0.0,0.0,0.0,0.0,0.0,0.0,0.04059213459887646,0.0,0.0,0.0,0.0,0.0,OSD-37,Atha_Ler-0_sl-pool_GC_Rep1_R1-GC-C2
0.0,0.0,0.0,0.014202908713839904,0.0,0.0,0.0,0.0,0.0,0.0,0.0,0.0,0.05570208545164622,0.0,0.0,0.0,0.0,0.0,0.0,0.0,0.0,0.0,0.0,0.0,0.0,0.0,0.0,0.0,0.0,0.0,0.0,0.0,0.0,0.0,0.0,0.0,0.0,0.0,0.0,0.05203227443729272,0.0,0.0,0.0,0.0,0.0,0.0,0.0,0.0,0.0,0.0,0.0,0.0,0.0,0.01626254655945699,0.0,0.0,0.0,0.0,0.0,0.0,0.0,0.0,0.0,0.0,0.0,0.0,0.0,0.0,0.0,0.03172950442543474,0.0,0.0,0.0,0.0,0.0,0.0,0.0,0.0,0.08552694620682653,0.0,0.0,0.0,0.0,0.0,0.0,0.0,0.0,0.0,0.0,0.05054179737473782,0.08618771882403793,0.06957946452537525,0.019883718482205243,0.08256725291781285,0.0,0.0,0.0,0.0,0.0,0.0,0.0,0.0,0.0,0.0,0.0,0.0,0.0,0.0,0.0,0.0,0.0,0.0,0.0,0.0,0.0,0.0,0.0,0.0,0.0,0.0,0.0,0.0,0.0,0.0,0.0,0.0,0.0,0.0,0.0,0.0,0.04855523307419799,0.0,0.0,0.0,0.0,0.0,0.0,0.0,0.0,0.0,0.0,0.0,0.0,0.0,0.04939619503142447,0.04375394554932886,0.019051831418463016,0.034922510905839484,0.007993554874707796,0.0,0.0020866768325388785,0.02902420421305207,0.0,0.002472747456910342,0.0,0.0,0.0,0.0,0.04317725561627157,0.0,0.0,0.033455382950633133,0.0,0.05251104402004659,0.0,0.0,0.017310065814776086,0.0,0.0,0.0,0.0,0.0,0.0,0.0,0.0,0.0,0.0,0.032150307392361924,0.0,0.0,0.0,0.0,0.019922826930781495,OSD-37,Atha_Cvi-0_sl-pool_GC_Rep1_R1-GC-C3
0.0,0.0,0.0,0.017292652385411722,0.0,0.0,0.0,0.0,0.0,0.0,0.0,0.0,0.03825122458236166,0.0,0.0,0.0,0.0,0.0,0.0,0.0,0.0,0.0,0.0,0.0,0.0,0.0,0.0,0.0,0.0,0.0,0.0,0.0,0.0,0.0,0.0,0.0,0.0,0.0,0.0,0.04715979877326071,0.0,0.0,0.0,0.0,0.0,0.0,0.0,0.0,0.0,0.0,0.0,0.0,0.0,0.0015278064005178542,0.0,0.0,0.0,0.0,0.0,0.0,0.0,0.0,0.0,0.0,0.0,0.0,0.0,0.0,0.0,0.0,0.0,0.0,0.1401868236762272,0.0,0.0,0.0,0.0,0.0,0.0,0.0,0.0,0.0,0.0,0.0,0.0,0.0,0.0,0.0,0.0,0.057379459020173884,0.10984335037202796,0.06093570718850933,0.0276055679364611,0.08549428589911945,0.0,0.0,0.0,0.0,0.0,0.0,0.0,0.0,0.0,0.0,0.0,0.0,0.0,0.0,0.0,0.0,0.0,0.0,0.0,0.0,0.0,0.0,0.0,0.0,0.0,0.0,0.0,0.0,0.0,0.0,0.0,0.0,0.0,0.0,0.0,0.0,0.033327633335066685,0.0,0.0,0.0,0.0,0.0,0.0,0.0,0.0,0.0,0.0,0.0,0.0,0.0,0.030926434483272633,0.04705155150860297,0.017173487861472242,0.031862283336268386,0.003068418050233793,0.0,0.0,0.029177836524156505,0.0,0.0026595064792209787,0.0,0.0,0.0,0.0,0.04604273791603537,0.0,0.0,0.011419626640452847,0.061749155478395705,0.03425163592363434,0.0,0.0,0.013015204547853928,0.0,0.0,0.0,0.0,0.0,0.0,0.0,0.0,0.0,0.0,0.049190971167424304,0.0,0.0,0.0,0.0,0.003406840513838553,OSD-37,Atha_Ws-2_sl-pool_GC_Rep2_R1-GC-C4
0.0,0.0,0.0,0.017625548275011314,0.0,0.0,0.0,0.0,0.0,0.0,0.0,0.0,0.04829066926843583,0.0,0.0,0.0,0.0,0.0,0.0,0.0,0.0,0.0,0.0,0.0,0.0,0.0,0.0,0.0,0.0,0.0,0.0,0.0,0.0,0.0,0.0,0.0,0.0,0.0,0.0,0.05053663446840465,0.0,0.0,0.0,0.0,0.0,0.0,0.0,0.0,0.0,0.0,0.0,0.0,0.0,0.004412878107974232,0.0,0.0,0.0,0.0,0.0,0.0,0.0,0.0,0.0,0.0,0.0,0.0,0.0,0.0,0.0,0.0,0.0,0.0,0.13475884233807559,0.0,0.0,0.0,0.0,0.0,0.0,0.0,0.0,0.0,0.0,0.0,0.0,0.0,0.0,0.0,0.0,0.053311056313817815,0.08967181795887312,0.07044833736626681,0.023749216650994047,0.08877107582234724,0.0,0.0,0.0,0.0,0.0,0.0,0.0,0.0,0.0,0.0,0.0,0.0,0.0,0.0,0.0,0.0,0.0,0.0,0.0,0.0,0.0,0.0,0.0,0.0,0.0,0.0,0.0,0.0,0.0,0.0,0.0,0.0,0.0,0.0,0.0,0.0,0.034974094187839505,0.0,0.0,0.0,0.0,0.0,0.0,0.0,0.0,0.0,0.0,0.0,0.0,0.0,0.027221388092501457,0.05164077504625092,0.022166286335996637,0.032115656951455504,0.006855264098093969,0.0,0.0,0.028590197828747575,0.0,0.0,0.0,0.0,0.0,0.0,0.04501183764213652,0.0,0.0,0.021159905209896215,0.0444810252832126,0.043724171390824795,0.0,0.0,0.022068960643673172,0.0,0.0,0.0,0.0,0.0,0.0,0.0,0.0,0.0,0.0,0.033346789739098055,0.0,0.0,0.0,0.0,0.005067570980072375,OSD-37,Atha_Ler-0_sl-pool_GC_Rep2_R1-GC-C5
0.0,0.0,0.0,0.01842289022953646,0.0,0.0,0.0,0.0,0.0,0.0,0.0,0.0,0.04142441260178013,0.0,0.0,0.0,0.0,0.0,0.0,0.0,0.0,0.0,0.0,0.0,0.0,0.0,0.0,0.0,0.0,0.0,0.0,0.0,0.0,0.0,0.0,0.0,0.0,0.0,0.0,0.04995578929807323,0.0,0.0,0.0,0.0,0.0,0.0,0.0,0.0,0.0,0.0,0.0,0.0,0.0,0.0031782962025808537,0.0,0.0,0.0,0.0,0.0,0.0,0.0,0.0,0.0,0.0,0.0,0.0,0.0,0.0,0.0,0.0,0.0,0.0,0.13919678672527133,0.0,0.0,0.0,0.0,0.0,0.0,0.0,0.0,0.0,0.0,0.0,0.0,0.0,0.0,0.0,0.0,0.04749318599267306,0.11154311703182442,0.060584990604694494,0.030764253658497675,0.08127195842214427,0.0,0.0,0.0,0.0,0.0,0.0,0.0,0.0,0.0,0.0,0.0,0.0,0.0,0.0,0.0,0.0,0.0,0.0,0.0,0.0,0.0,0.0,0.0,0.0,0.0,0.0,0.0,0.0,0.0,0.0,0.0,0.0,0.0,0.0,0.0,0.0,0.036971792112858705,0.0,0.0,0.0,0.0,0.0,0.0,0.0,0.0,0.0,0.0,0.0,0.0,0.0,0.0267941466876196,0.04952670007712244,0.018221897217698978,0.02859492987523346,0.0011174399644837333,0.0,0.0008831408428848348,0.024183690449538053,0.0,0.0,0.0,0.0,0.0,0.0,0.05016971744576063,0.0,0.0,0.00898865239643551,0.0633236819628691,0.04548048267608126,0.0,0.0,0.011181702944236854,0.0,0.0,0.0,0.0,0.0,0.0,0.0,0.0,0.0,0.0,0.05072634458010085,0.0,0.0,0.0,0.0,0.0,OSD-37,Atha_Ws-2_sl-pool_GC_Rep3_R1-GC-D1
0.0,0.0,0.0,0.016299850246463073,0.0,0.0,0.0,0.0,0.0,0.0,0.0,0.0,0.05183140058554775,0.0,0.0,0.0,0.0,0.0,0.0,0.0,0.0,0.0,0.0,0.0,0.0,0.0,0.0,0.0,0.0,0.0,0.0,0.0,0.0,0.0,0.0,0.0,0.0,0.0,0.0,0.0553667404272651,0.0,0.0,0.0,0.0,0.0,0.0,0.0,0.0,0.0,0.0,0.0,0.0,0.0,0.020412956153154256,0.0,0.0,0.0,0.0,0.0,0.0,0.0,0.0,0.0,0.0,0.0,0.0,0.0,0.0,0.0,0.03483997809271364,0.0,0.0,0.0012047200624415188,0.0,0.0,0.0,0.0,0.0,0.07988443925256887,0.0,0.0,0.0,0.0,0.0,0.0,0.0,0.0,0.0,0.0,0.05524625326530769,0.0986735776852207,0.07156372907795429,0.012946387745903782,0.08224490831290751,0.0,0.0,0.0,0.0,0.0,0.0,0.0,0.0,0.0,0.0,0.0,0.0,0.0,0.0,0.0,0.0,0.0,0.0,0.0,0.0,0.0,0.0,0.0,0.0,0.0,0.0,0.0,0.0,0.0,0.0,0.0,0.0,0.0,0.0,0.0,0.0,0.041008284576063384,0.0,0.0,0.0,0.0,0.0,0.0,0.0,0.0,0.0,0.0,0.0,0.0,0.0,0.04461260600089797,0.05540042931752421,0.019118168371403548,0.0368237123930129,0.0051901504234347405,0.0,0.0,0.02969127689107603,0.0,0.0018714710238389215,0.0,0.0,0.0,0.0,0.039681878618472104,0.0,0.0,0.020908282846005086,0.0,0.05272192543035745,0.0,0.0,0.024416485410382355,0.0,0.0,0.0,0.0,0.0,0.0,0.0,0.0,0.0,0.0,0.03989159465502235,0.0,0.0,0.0,0.0,0.008148793135060705,OSD-37,Atha_Cvi-0_sl-pool_GC_Rep2_R1-GC-D2
0.0,0.0,0.0,0.01603854771021571,0.0,0.0,0.0,0.0,0.0,0.0,0.0,0.0,0.04321450038203153,0.0,0.0,0.0,0.0,0.0,0.0,0.0,0.0,0.0,0.0,0.0,0.0,0.0,0.0,0.0,0.0,0.0,0.0,0.0,0.0,0.0,0.0,0.0,0.0,0.0,0.0,0.05469292315114971,0.0,0.0,0.0,0.0,0.0,0.0,0.0,0.0,0.0,0.0,0.0,0.0,0.0,0.021367726981686323,0.0,0.0,0.0,0.0,0.0,0.0,0.0,0.0,0.0,0.0,0.0,0.0,0.0,0.0,0.0,0.0,0.0,0.0,0.1279824615610309,0.0,0.0,0.0,0.0,0.0,0.0,0.0,0.0,0.0,0.0,0.0,0.0,0.0,0.0,0.0,0.0,0.06025522560218951,0.092505572632211,0.0665760951877003,0.01615501032700959,0.08865088347722695,0.0,0.0,0.0,0.0,0.0,0.0,0.0,0.0,0.0,0.0,0.0,0.0,0.0,0.0,0.0,0.0,0.0,0.0,0.0,0.0,0.0,0.0,0.0,0.0,0.0,0.0,0.0,0.0,0.0,0.0,0.0,0.0,0.0,0.0,0.0,0.0,0.03492806914194685,0.0,0.0,0.0,0.0,0.0,0.0,0.0,0.0,0.0,0.0,0.0,0.0,0.0,0.033822834729970566,0.03697330147566095,0.017124706490600217,0.02908508875667161,0.005936998169195087,0.0,0.0,0.025245732092042752,0.0,0.0,0.0,0.0,0.0,0.0,0.031962479453330174,0.0,0.0,0.030103210685521745,0.06285102816672061,0.04916311736383917,0.0,0.0,0.024418944123648118,0.0,0.0,0.0,0.0,0.0,0.0,0.0,0.0,0.0,0.0,0.03094554233840058,0.0,0.0,0.0,0.0,0.0,OSD-37,Atha_Ler-0_sl-pool_GC_Rep3_R1-GC-D3
0.0,0.0,0.0,0.017487099581499268,0.0,0.0,0.0,0.0,0.0,0.0,0.0,0.0,0.05120868368959476,0.0,0.0,0.0,0.0,0.0,0.0,0.0,0.0,0.0,0.0,0.0,0.0,0.0,0.0,0.0,0.0,0.0,0.0,0.0,0.0,0.0,0.0,0.0,0.0,0.0,0.0,0.04458440739679228,0.0,0.0,0.0,0.0,0.0,0.0,0.0,0.0,0.0,0.0,0.0,0.0,0.0,0.004072458234556604,0.0,0.0,0.0,0.0,0.0,0.0,0.0,0.0,0.0,0.0,0.0,0.0,0.0,0.0,0.0,0.03337061868937495,0.0,0.0,0.025063944337896216,0.0,0.0,0.0,0.0,0.0,0.06827133981496505,0.0,0.0,0.0,0.0,0.0,0.0,0.0,0.0,0.0,0.0,0.05313968131019115,0.11534762078214177,0.060637894205058426,0.024690253315995836,0.08254875429265102,0.0,0.0,0.0,0.0,0.0,0.0,0.0,0.0,0.0,0.0,0.0,0.0,0.0,0.0,0.0,0.0,0.0,0.0,0.0,0.0,0.0,0.0,0.0,0.0,0.0,0.0,0.0,0.0,0.0,0.0,0.0,0.0,0.0,0.0,0.0,0.0,0.033012426706960044,0.0,0.0,0.0,0.0,0.0,0.0,0.0,0.0,0.0,0.0,0.0,0.0,0.0,0.03397227113221367,0.03914318375951352,0.016835413395520978,0.0357084645230395,0.007867314132181624,0.0,0.00021601838166881721,0.03279714218565827,0.0,0.010859744312592241,0.0,0.0,0.0,0.0,0.056763195423708036,0.0,0.0,0.02288083387619347,0.0,0.048853613827733997,0.0,0.0,0.01271356139686754,0.0,0.0,0.0,0.0,0.0,0.0,0.0,0.0,0.0,0.0,0.0495436157908117,0.0,0.0,0.0,0.0,0.018410445504619323,OSD-37,Atha_Ws-2_sl-pool_GC_Rep4_R1-GC-D4
0.0,0.0,0.0,0.017738657150002946,0.0,0.0,0.0,0.0,0.0,0.0,0.0,0.0,0.05277737034217113,0.0,0.0,0.0,0.0,0.0,0.0,0.0,0.0,0.0,0.0,0.0,0.0,0.0,0.0,0.0,0.0,0.0,0.0,0.0,0.0,0.0,0.0,0.0,0.0,0.0,0.0,0.056388516101104236,0.0,0.0,0.0,0.0,0.0,0.0,0.0,0.0,0.0,0.0,0.0,0.0,0.0,0.014351712853140472,0.0,0.0,0.0,0.0,0.0,0.0,0.0,0.0,0.0,0.0,0.0,0.0,0.0,0.0,0.0,0.021330070648486132,0.0,0.0,0.006373141060385562,0.0,0.0,0.0,0.0,0.0,0.09550467813583799,0.0,0.0,0.0,0.0,0.0,0.0,0.0,0.0,0.0,0.0,0.04495875260378863,0.1084401602999956,0.06798441924716933,0.018765599015364436,0.07577294686601636,0.0,0.0,0.0,0.0,0.0,0.0,0.0,0.0,0.0,0.0,0.0,0.0,0.0,0.0,0.0,0.0,0.0,0.0,0.0,0.0,0.0,0.0,0.0,0.0,0.0,0.0,0.0,0.0,0.0,0.0,0.0,0.0,0.0,0.0,0.0,0.0,0.04452426547358325,0.0,0.0,0.0,0.0,0.0,0.0,0.0,0.0,0.0,0.0,0.0,0.0,0.0,0.038030284303681265,0.04511738785282381,0.021957162091143876,0.03487593475802481,0.0048455411989468825,0.0,0.0034263677529361414,0.029809390059347785,0.0,0.006322985903059241,0.0,0.0,0.0,0.0,0.04894516714795099,0.0,0.0,0.023237774241328148,0.0,0.053981142384000584,0.0,0.0,0.01970267023255508,0.0,0.0,0.0,0.0,0.0,0.0,0.0,0.0,0.0,0.0,0.03784195167088627,0.0,0.0,0.0,0.0,0.006995950606269201,OSD-37,Atha_Cvi-0_sl-pool_GC_Rep3_R1-GC-D5
0.0,0.0,0.0,0.020338724206153524,0.0,0.0,0.0,0.0,0.0,0.0,0.0,0.0,0.04571926358041196,0.0,0.0,0.0,0.0024192573208328284,0.0,0.0,0.0,0.0,0.0,0.0,0.0,0.0,0.0,0.0,0.0,0.0,0.0,0.0,0.0,0.0,0.0,0.0,0.0,0.0,0.0,0.0,0.06475833346598159,0.0,0.0,0.0,0.0,0.0,0.0,0.0,0.0,0.0,0.0,0.0,0.0,0.0,0.03083083422959488,0.0,0.0,0.0,0.0,0.0,0.0,0.0,0.0,0.0,0.0,0.0,0.0,0.0,0.0,0.0,0.019943249859663722,0.0,0.0,0.10176273695609116,0.0,0.0,0.0,0.0,0.0,0.0,0.0,0.0,0.0,0.0,0.0,0.0,0.0,0.0,0.0,0.0,0.03554912537038751,0.08387462591585852,0.0405100722383033,0.029926586320242348,0.08675120511336956,0.0,0.0,0.0,0.0,0.0,0.0,0.0,0.0,0.0,0.0,0.0,0.0,0.0,0.0,0.0,0.0,0.0,0.0,0.0,0.0,0.0,0.0,0.0,0.0,0.0,0.0,0.0,0.0,0.0,0.0,0.0,0.0,0.0,0.0,0.0,0.0,0.037269611426059224,0.0,0.0,0.0,0.0,0.0,0.0,0.0,0.0,0.0,0.0,0.0,0.0,0.0,0.0346646377949055,0.021750394093701685,0.022148192737604235,0.032642126618175116,0.006770080087274095,0.0,0.0,0.040361609163637326,0.0,0.021699470486999536,0.0,0.00033809109348412804,0.0,0.0,0.05013237180609055,0.0,0.0,0.013703267713807525,0.02990657860338005,0.03985144552452152,0.0,0.0,0.02757303915548287,0.0,0.0,0.0,0.0039605753505581685,0.0,0.0,0.0,0.0,0.0,0.0,0.042424020011933204,0.0,0.0,0.0,0.0,0.012420473755494474,OSD-37,Atha_Ws-2_sl-pool_FLT_Rep5_R2-FL-C1
0.0,0.0,0.0,0.018143107934274778,0.0,0.0,0.0,0.0,0.0,0.0,0.0,0.0,0.047102318393559765,0.0,0.0,0.0,0.0,0.0,0.0,0.0,0.0,0.0,0.0,0.0,0.0,0.0,0.0,0.0021713008650015315,0.0,0.0,0.0,0.0,0.0,0.0,0.0,0.0,0.0,0.0,0.0,0.05527446995469648,0.0,0.0,0.0,0.0,0.0,0.0,0.0,0.0,0.0,0.0,0.0,0.0,0.0,0.029361454981228215,0.0,0.0,0.0,0.0,0.0,0.0,0.0,0.0,0.0,0.0,0.0,0.0,0.0,0.0,0.0,0.00654517073822216,0.0,0.0,0.12027231822515713,0.0,0.0,0.0,0.0,0.0,0.0,0.0,0.0,0.0,0.0,0.0,0.0,0.0,0.0,0.0,0.0,0.04010336608751814,0.07360013699975285,0.04690236957220977,0.04568883083774287,0.08562827441888449,0.0,0.0,0.0,0.0,0.0,0.0,0.0,0.0,0.0,0.0,0.0,0.0,0.0,0.0,0.0,0.0,0.0,0.0,0.0,0.0,0.0,0.0,0.0,0.0,0.0,0.0,0.0,0.0,0.0,0.0,0.0,0.0,0.0,0.0,0.0,0.0,0.04240818625447743,0.0,0.0,0.0,0.0,0.0,0.0,0.0,0.0,0.0,0.0,0.0,0.0,0.0,0.04138031180565781,0.032420738194351734,0.017871148823946876,0.03195491730296273,0.01318640439284541,0.0,0.0,0.033955266255231355,0.0,0.005094640148286968,0.0,0.0,0.0,0.0,0.04743087988929896,0.0,0.0,0.016288180589722413,0.03037263030054804,0.0456346923884645,0.0,0.0,0.03253528208098901,0.0,0.0,0.0,0.0,0.0,0.0,0.0,0.0,0.0,0.0,0.03867360256496852,0.0,0.0,0.0,0.0,0.0,OSD-37,Atha_Ler-0_sl-pool_FLT_Rep4_R2-FL-C2
0.0,0.0,0.0,0.018899166791121958,0.0,0.0,0.0,0.0,0.0,0.0,0.0,0.0,0.05060529333516213,0.0,0.0,0.0,0.0038439297940794123,0.0,0.0,0.0,0.0,0.0,0.0,0.0,0.0,0.0,0.0,0.005690336456795423,0.0,0.0,0.0,0.0,0.0,0.0,0.0,0.0,0.0,0.0,0.0,0.0748129230720939,0.0,0.0,0.0,0.0,0.0,0.0,0.0,0.0,0.0,0.0,0.0,0.0,0.0,0.025335039144625437,0.0,0.0,0.0,0.0,0.0,0.0,0.0,0.0,0.0,0.0,0.0,0.0,0.0,0.0,0.0,0.058690653495392396,0.0,0.0,0.0087269326428529,0.0,0.0,0.0,0.0,0.0,0.05122355052810441,0.0,0.00035929159889297484,0.0,0.0,0.0,0.0,0.0,0.0,0.0,0.0,0.019528728807416674,0.08709540593399215,0.03902423452311499,0.0518511329297423,0.07889216049419716,0.0,0.0,0.0,0.0,0.0,0.0,0.0,0.0,0.0,0.0,0.0,0.0,0.0,0.0,0.0,0.0,0.0,0.0,0.0,0.0,0.0,0.0,0.0,0.0,0.0,0.0,0.0,0.0,0.0,0.0,0.0,0.0,0.0,0.0,0.0,0.0,0.0531130985726074,0.0,0.0,0.0,0.0,0.0,0.0,0.0,0.0,0.0,0.0,0.0,0.0,0.0,0.04621607452435234,0.03185881361419019,0.023507644469401064,0.03606902478220722,0.0064988407073905035,0.0,0.0,0.03622781943891408,0.0,0.01575540016664853,0.0,0.0,0.0,0.0,0.045763819652731,0.0,0.0,0.023771872612161907,0.0,0.046557784616907766,0.0,0.0,0.025068554061890697,0.0,0.0,0.0,0.0,0.0,0.0,0.0,0.0,0.0,0.0,0.028491687758937716,0.0,0.0,0.0,0.0,0.006520785474075508,OSD-37,Atha_Cvi-0_sl-pool_FLT_Rep4_R2-FL-C3
0.0,0.0,0.0,0.018193510190121186,0.0,0.0,0.0,0.0,0.0,0.0,0.0,0.0,0.05065732728003863,0.0,0.0,0.0,0.0,0.0,0.0,0.0,0.0,0.0,0.0,0.0,0.0,0.0,0.0,0.0,0.0,0.0,0.0,0.0,0.0,0.0,0.0,0.0,0.0,0.0,0.0,0.06428089965674803,0.0,0.0,0.0,0.0,0.0,0.0,0.0,0.0,0.0,0.0,0.0,0.0,0.0,0.028509167602717173,0.0,0.0,0.0,0.0,0.0,0.0,0.0,0.0,0.0,0.0,0.0,0.0,0.0,0.0,0.0,0.054598816916807215,0.0,0.0,0.034135699552481136,0.0,0.0,0.0,0.0,0.0,0.029062693800034765,0.0,0.0,0.0,0.0,0.0,0.0,0.0,0.0,0.0,0.0,0.06074743036151362,0.07076826792840246,0.02977386959083283,0.04228452738775041,0.08882495340053193,0.0,0.0,0.0,0.0,0.0,0.0,0.0,0.0,0.0,0.0,0.0,0.0,0.0,0.0,0.0,0.0,0.0,0.0,0.0,0.0,0.0,0.0,0.0,0.0,0.0,0.0,0.0,0.0,0.0,0.0,0.0,0.0,0.0,0.0,0.0,0.0,0.04311736185074333,0.0,0.0,0.0,0.0,0.0,0.0,0.0,0.0,0.0,0.0,0.0,0.0,0.0,0.022095025706676232,0.021523279925962365,0.01513731588754271,0.03305514910166443,0.008975951415161445,0.0,0.0,0.03748113911386511,0.0,0.030998067594431265,0.0,0.001484665808186173,0.0,0.0,0.0817397658749769,0.0,0.0,0.0,0.0,0.011249216967613919,0.0030443249476787343,0.0,0.03324113256815472,0.0,0.0,0.0,0.03597852824413653,0.0,0.0,0.0,0.0,0.0,0.0,0.049041911325226784,0.0,0.0,0.0,0.0,0.0,OSD-37,Atha_Ws-2_sl-pool_FLT_Rep6_R2-FL-C4
0.0,0.0,0.0,0.01900289132094194,0.0,0.0,0.0,0.0,0.0,0.0,0.0,0.0,0.05125446410343033,0.0,0.0,0.0,0.0,0.0,0.0,0.0,0.0,0.0,0.0,0.0,0.0,0.0,0.0,0.0016882833783499994,0.0,0.0,0.0,0.0,0.0,0.0,0.0,0.0,0.0,0.0,0.0,0.0656534379585703,0.0,0.0,0.0,0.0,0.0,0.0,0.0,0.0,0.0,0.0,0.0,0.0,0.0,0.034784076395535435,0.0,0.0,0.0,0.0,0.0,0.0,0.0,0.0,0.0,0.0,0.0,0.0,0.0,0.0,0.0,0.0,0.0,0.0,0.1213599166943692,0.0,0.0,0.0,0.0,0.0,0.0,0.0,0.0,0.0,0.0,0.0,0.0,0.0,0.0,0.0,0.0,0.03281175613489037,0.0720697497335953,0.04778003300950504,0.0561742904648574,0.07060455596631662,0.0,0.0,0.0,0.0,0.0,0.0,0.0,0.0,0.0,0.0,0.0,0.0,0.0,0.0,0.0,0.0,0.0,0.0,0.0,0.0,0.0,0.0,0.0,0.0,0.0,0.0,0.0,0.0,0.0,0.0,0.0,0.0,0.0,0.0,0.0,0.0,0.04804788883808915,0.0,0.0,0.0,0.0,0.0,0.0,0.0,0.0,0.0,0.0,0.0,0.0,0.0,0.031920350553612725,0.025958044556709785,0.027241526735647614,0.03434725721172632,0.010232679830531938,0.0,0.0,0.04247391231060481,0.0,0.0,0.0,0.0,0.0,0.0,0.04609572798441432,0.0,0.0,0.014167347667786555,0.051871475326889745,0.03172545802696281,0.0,0.0,0.030896167781433437,0.0,0.0,0.0,0.0,0.0,0.0,0.0,0.0,0.0,0.0,0.03183870801522889,0.0,0.0,0.0,0.0,0.0,OSD-37,Atha_Ler-0_sl-pool_FLT_Rep5_R2-FL-C5
0.0,0.0,0.0,0.01857254294594512,0.0,0.0,0.0,0.0,0.0,0.0,0.0,0.0,0.04506986494617854,0.0,0.0,0.0,0.0018052397140507325,0.0,0.0,0.0,0.0,0.0,0.0,0.0,0.0,0.0,0.0,0.0,0.0,0.0,0.0,0.0,0.0,0.0,0.0,0.0,0.0,0.0,0.0,0.06256772432725993,0.0,0.0,0.0,0.0,0.0,0.0,0.0,0.0,0.0,0.0,0.0,0.0,0.0,0.022720465426025446,0.0,0.0,0.0,0.0,0.0,0.0,0.0,0.0,0.0,0.0,0.0,0.0,0.0,0.0,0.0,0.06770046167510993,0.0,0.0,0.0,0.0,0.0,0.0,0.0,0.0,0.04720740339534867,0.0,0.0,0.0,0.0,0.0,0.0,0.0,0.0,0.0,0.0,0.04676882019402816,0.09103548121995166,0.050130416694123665,0.029798034235567646,0.0802194865285165,0.0,0.0,0.0,0.0,0.0,0.0,0.0,0.0,0.0,0.0,0.0,0.0,0.0,0.0,0.0,0.0,0.0,0.0,0.0,0.0,0.0,0.0,0.0,0.0,0.0,0.0,0.0,0.0,0.0,0.0,0.0,0.0,0.0,0.0,0.0,0.0,0.0438207990171387,0.0,0.0,0.0,0.0,0.0,0.0,0.0,0.0,0.0,0.0,0.0,0.0,0.0,0.03172805887991146,0.03231107583883098,0.021641349474385892,0.03789254507784193,0.004052060268971757,0.0,0.0,0.0354016644554531,0.0,0.029368897944122584,0.0,0.0,0.0,0.0,0.06751624132688146,0.0,0.0,0.013178628857835824,0.0,0.025381378514047294,0.002109422152627002,0.0,0.018093082592911987,0.0,0.0,0.0,0.021425519695698007,0.0,0.0,0.0,0.0,0.0,0.0,0.047482630480687474,0.0,0.0,0.0,0.0,0.005000704120548567,OSD-37,Atha_Ws-2_sl-pool_FLT_Rep7_R2-FL-D1
0.0,0.0,0.0,0.01734525218501608,0.0,0.0,0.0,0.0,0.0,0.0,0.0,0.0,0.054856146837616,0.0,0.0,0.0,0.01738383612384392,0.0,0.0,0.0,0.0,0.0,0.0,0.0,0.0,0.0,0.0,0.0,0.0,0.0,0.0,0.0,0.0,0.0,0.0,0.0,0.0,0.0,0.0,0.05592543441736423,0.0,0.0,0.0,0.0,0.0,0.0,0.0,0.0,0.0,0.0,0.0,0.0,0.0,0.024844941111238538,0.0,0.0,0.0,0.0,0.0,0.0,0.0,0.0,0.0,0.0,0.0,0.0,0.0,0.0,0.0,0.048583335271637565,0.0,0.0,0.0,0.0,0.0,0.0,0.0,0.0,0.06957906811113831,0.0,0.0,0.0,0.0,0.0,0.0,0.0,0.0,0.0,0.0,0.030708369962628195,0.09250800901391913,0.05463046927986635,0.019542238181255077,0.08371066963816803,0.0,0.0,0.0,0.0,0.0,0.0,0.0,0.0,0.0,0.0,0.0,0.0,0.0,0.0,0.0,0.0,0.0,0.0,0.0,0.0,0.0,0.0,0.0,0.0,0.0,0.0,0.0,0.0,0.0,0.0,0.0,0.0,0.0,0.0,0.0,0.0,0.04546651355062843,0.0,0.0,0.0,0.0,0.0,0.0,0.0,0.0,0.0,0.0,0.0,0.0,0.0,0.052022644103490015,0.04051339597816619,0.017977845587016733,0.036268093061539185,0.0,0.0,0.0,0.031995886928756094,0.0,0.004286028781053308,0.0,0.0,0.0,0.0,0.0374368312969149,0.0,0.0,0.026105280155194453,0.0,0.05875635834251057,0.00020248436759584334,0.0,0.022840302155037878,0.0,0.0,0.0,0.0,0.0,0.0,0.0,0.0,0.0,0.0,0.02789631621120204,0.0,0.0,0.0,0.0,0.028614249347202966,OSD-37,Atha_Cvi-0_sl-pool_FLT_Rep5_R2-FL-D2
0.0,0.0,0.0,0.01951152687655041,0.0,0.0,0.0,0.0,0.0,0.0,0.0,0.0,0.052220522416708055,0.0,0.0,0.0,0.0,0.0,0.0,0.0,0.0,0.0,0.0,0.0,0.0,0.0,0.0,0.0,0.0,0.0,0.0,0.0,0.0,0.0,0.0,0.0,0.0,0.0,0.0,0.08765888382829232,0.0,0.0,0.0,0.0,0.0,0.0,0.0,0.0,0.0,0.0,0.0,0.0,0.0,0.027590879542674807,0.0,0.0,0.0,0.0,0.0,0.0,0.0,0.0,0.0,0.0,0.0,0.0,0.0,0.0,0.0,0.033169869848513056,0.0,0.0,0.04197403223353819,0.0,0.0,0.0,0.0,0.0,0.03481377173305815,0.0,0.003436632667524739,0.0,0.0,0.0,0.0,0.0,0.0,0.0,0.0,0.025978521301714817,0.0751629093172374,0.040561049464390105,0.05786686274892675,0.07356884473354118,0.0,0.0,0.0,0.0,0.0,0.0,0.0,0.0,0.0,0.0,0.0,0.0,0.0,0.0,0.0,0.0,0.0,0.0,0.0,0.0,0.0,0.0,0.0,0.0,0.0,0.0,0.0,0.0,0.0,0.0,0.0,0.0,0.0,0.0,0.0,0.0,0.047226153027928736,0.0,0.0,0.0,0.0,0.0,0.0,0.0,0.0,0.0,0.0,0.0,0.0,0.0,0.0356488073704664,0.022762856082410344,0.025146667274401405,0.035283780882485294,0.013011148407729843,0.0,0.0,0.03883607962901245,0.0,0.003849329300069088,0.0,0.0,0.0,0.0,0.07784015251781654,0.0,0.0,0.019284653342610345,0.0,0.04007387978485,0.0010556946434535416,0.0,0.03245241750514472,0.0,0.0,0.0,0.0,0.0,0.0,0.0,0.0,0.0,0.0,0.034014073518951235,0.0,0.0,0.0,0.0,0.0,OSD-37,Atha_Ler-0_sl-pool_FLT_Rep6_R2-FL-D3
0.0,0.0,0.0,0.017371031040603186,0.0,0.0,0.0,0.0,0.0,0.0,0.0,0.0,0.037233417839395946,0.0,0.0,0.0,0.0,0.0,0.0,0.0,0.0,0.0,0.0,0.0,0.0,0.0,0.0,0.0,0.0,0.0,0.0,0.0,0.0,0.0,0.0,0.0,0.0,0.0,0.0,0.03479379688141316,0.0,0.0,0.0,0.0,0.0,0.0,0.0,0.0,0.0,0.0,0.0,0.0,0.0,0.028679624567994673,0.0,0.0,0.0,0.0,0.0,0.0,0.0,0.0,0.0,0.0,0.0,0.0,0.0,0.0,0.0,0.0,0.0,0.0,0.15002345243451282,0.0,0.0,0.0,0.0,0.0,0.0,0.0,0.0,0.0,0.0,0.0,0.0,0.0,0.0,0.0,0.0,0.07481827552041441,0.0677197356081551,0.03031623499971883,0.05324207697436508,0.09677256285045634,0.0,0.0,0.0,0.0,0.0,0.0,0.0,0.0,0.0,0.0,0.0,0.0,0.0,0.0,0.0,0.0,0.0,0.0,0.0,0.0,0.0,0.0,0.0,0.0,0.0,0.0,0.0,0.0,0.0,0.0,0.0,0.0,0.0,0.0,0.0,0.0,0.03995725575002786,0.0,0.0,0.0,0.0,0.0,0.0,0.0,0.0,0.0,0.0,0.0,0.0,0.0,0.04435050797798645,0.0,0.014156629783191127,0.03326634309981361,0.0,0.0,0.0,0.012958204288515646,0.0,0.014131144419433016,0.0,0.0,0.0,0.0,0.0737829924945896,0.0,0.0,0.0,0.04650737580933644,0.029972973778772668,0.0,0.0,0.017115068562377052,0.0,0.0,0.0,0.0337510168258886,0.0,0.0,0.0,0.0,0.0,0.0,0.048333395120795215,0.0,0.0,0.0,0.0,0.0007468833722430074,OSD-37,Atha_Ws-2_sl-pool_FLT_Rep8_R2-FL-D4
0.0,0.0,0.0,0.01919298381120551,0.0,0.0,0.0,0.0,0.0,0.0,0.0,0.0,0.05494948005612439,0.0,0.0,0.0,0.006481020154009735,0.0,0.0,0.0,0.0,0.0,0.0,0.0,0.0,0.0,0.0,0.009680241585867892,0.0,0.0,0.0,0.0,0.0,0.0,0.0,0.0,0.0,0.0,0.0,0.06634501512631928,0.0,0.0,0.0,0.0,0.0,0.0,0.0,0.0,0.0,0.0,0.0,0.0,0.0,0.024917656123897253,0.0,0.0,0.0,0.0,0.0,0.0,0.0,0.0,0.0,0.0,0.0,0.0,0.0,0.0,0.0,0.04430234643050888,0.0,0.0,0.008804864457465566,0.0,0.0,0.0,0.0,0.0,0.06589072560642247,0.0,0.0,0.0,0.0,0.0,0.0,0.0,0.0,0.0,0.0,0.03055073526059045,0.09257635252456672,0.04449570076053444,0.02442035068582345,0.07336540925776729,0.0,0.0,0.0,0.0,0.0,0.0,0.0,0.0,0.0,0.0,0.0,0.0,0.0,0.0,0.0,0.0,0.0,0.0,0.0,0.0,0.0,0.0,0.0,0.0,0.0,0.0,0.0,0.0,0.0,0.0,0.0,0.0,0.0,0.0,0.0,0.0,0.04435452515057741,0.0,0.0,0.0,0.0,0.0,0.0,0.0,0.0,0.0,0.0,0.0,0.0,0.0,0.04506798202781951,0.03845311501562517,0.022848688473847734,0.036950186946105364,0.005523739106827821,0.0,0.0,0.03774239931971847,0.0,0.007231924111890333,0.0,0.00353459545042794,0.0,0.0,0.055205586978922326,0.0,0.0,0.019000592802919342,0.0,0.04876402767999148,0.0,0.0,0.0202634824019939,0.0,0.0,0.0,0.0,0.0,0.0,0.0,0.0,0.0,0.0,0.03671108407097347,0.0,0.0,0.0,0.0,0.012375188621256555,OSD-37,Atha_Cvi-0_sl-pool_FLT_Rep6_R2-FL-D5
0.0,0.0,0.0,0.016599769321022386,0.0,0.0,0.0,0.0,0.0,0.0,0.0,0.0,0.045387116368008414,0.0,0.0,0.0,0.0,0.0,0.0,0.0,0.0,0.0,0.0,0.0,0.0,0.0,0.0,0.0,0.0,0.0,0.0,0.0,0.0,0.0,0.0,0.0,0.0,0.0,0.0,0.053652747228930806,0.0,0.0,0.0,0.0,0.0,0.0,0.0,0.0,0.0,0.0,0.0,0.0,0.0,0.02228093054497159,0.0,0.0,0.0,0.0,0.0,0.0,0.0,0.0,0.0,0.0,0.0,0.0,0.0,0.0,0.0,0.030285608059409684,0.0,0.0,0.0380526098543409,0.0,0.0,0.0,0.0,0.0,0.055765252187319723,0.0,0.0,0.0,0.0,0.0,0.0,0.0,0.0,0.0,0.0,0.04969938550994119,0.10070709777658596,0.05506994139532423,0.004625458323089979,0.08598717349505135,0.0,0.0,0.0,0.0,0.0,0.0,0.0,0.0,0.0,0.0,0.0,0.0,0.0,0.0,0.0,0.0,0.0,0.0,0.0,0.0,0.0,0.0,0.0,0.0,0.0,0.0,0.0,0.0,0.0,0.0,0.0,0.0,0.0,0.0,0.0,0.0,0.03925676707868705,0.0,0.0,0.0,0.0,0.0,0.0,0.0,0.0,0.0,0.0,0.0,0.0,0.0,0.029117964537096502,0.04671113250504909,0.024277201858007826,0.03536362459109384,0.007937474105552664,0.0,0.0,0.0617289027520262,0.0,0.017535409488531356,0.0,0.0,0.0,0.0,0.04704067744093604,0.0,0.0,0.017885378543538947,0.0,0.03825547064631732,0.0,0.0,0.014456811147788257,0.0,0.0,0.0,0.0,0.0,0.0,0.0,0.0,0.0,0.0,0.04865065175482535,0.0,0.0,0.0,0.0,0.013669443486553402,OSD-37,Atha_Ws-2_sl-pool_GC_Rep5_R2-GC-C1
0.0,0.0,0.0,0.021637625096221223,0.0,0.0,0.0,0.0,0.0,0.0,0.0,0.0,0.052147326403113155,0.0,0.0,0.0,0.0,0.0,0.0,0.0,0.0,0.0,0.0,0.0,0.0,0.0,0.0,0.0,0.0,0.0,0.0,0.0,0.0,0.0,0.0,0.0,0.0,0.0,0.0,0.07450221587358116,0.0,0.0,0.0,0.0,0.0,0.0,0.0,0.0,0.0,0.0,0.0,0.0,0.0,0.03925176434901085,0.0,0.0,0.0,0.0,0.0,0.0,0.0,0.0,0.0,0.0,0.0,0.0,0.0,0.0,0.0,0.028281848442997377,0.0,0.0,0.031417168538442806,0.0,0.0,0.0,0.0,0.0,0.052362922684877765,0.0,0.0,0.0,0.0,0.0,0.0,0.0,0.0,0.0,0.0,0.03794389979333835,0.0805051306125299,0.057468717270429126,0.018269741276770553,0.07425069250509657,0.0,0.0,0.0,0.0,0.0,0.0,0.0,0.0,0.0,0.0,0.0,0.0,0.0,0.0,0.0,0.0,0.0,0.0,0.0,0.0,0.0,0.0,0.0,0.0,0.0,0.0,0.0,0.0,0.0,0.0,0.0,0.0,0.0,0.0,0.0,0.0,0.04904576986255352,0.0,0.0,0.0,0.0,0.0,0.0,0.0,0.0,0.0,0.0,0.0,0.0,0.0,0.03466633355947991,0.025437125535779613,0.026838047075524337,0.03468682896228323,0.010866692279992776,0.0,0.00034431648181765533,0.08481280138844487,0.0,0.0,0.0,0.0,0.0,0.0,0.04664731126247888,0.0,0.0,0.0249274119130673,0.0,0.03761120113369305,0.0,0.0,0.0251690519673389,0.0,0.0,0.0,0.0,0.0,0.0,0.0,0.0,0.0,0.0,0.030908055731137227,0.0,0.0,0.0,0.0,0.0,OSD-37,Atha_Ler-0_sl-pool_GC_Rep4_R2-GC-C2
0.0,0.0,0.0,0.015434446224961172,0.0,0.0,0.0,0.0,0.0,0.0,0.0,0.0,0.050169537073869494,0.0,0.0,0.0,0.0,0.0,0.0,0.0,0.0,0.0,0.0,0.0,0.0,0.0,0.0,0.0,0.0,0.0,0.0,0.0,0.0,0.0,0.0,0.0,0.0,0.0,0.0,0.054414259722638185,0.0,0.0,0.0,0.0,0.0,0.0,0.0,0.0,0.0,0.0,0.0,0.0,0.0,0.014271325136155082,0.0,0.0,0.0,0.0,0.0,0.0,0.0,0.0,0.0,0.0,0.0,0.0,0.0,0.0,0.0,0.03650300577973376,0.0,0.0,0.0,0.0,0.0,0.0,0.0,0.0,0.08132629775231863,0.0,0.0,0.0,0.0,0.0,0.0,0.0,0.0,0.0,0.0,0.04775498966212685,0.08626692102840172,0.06856559124702596,0.013190149043701182,0.08083729791720684,0.0,0.0,0.0,0.0,0.0,0.0,0.0,0.0,0.0,0.0,0.0,0.0,0.0,0.0,0.0,0.0,0.0,0.0,0.0,0.0,0.0,0.0,0.0,0.0,0.0,0.0,0.0,0.0,0.0,0.0,0.0,0.0,0.0,0.0,0.0,0.0,0.05304050223052183,0.0,0.0,0.0,0.0,0.0,0.0,0.0,0.0,0.0,0.0,0.0,0.0,0.0,0.044062099746989394,0.03802314520209837,0.021958603323865646,0.03414859568801275,0.006597028326636306,0.0,0.0027900402540260646,0.06209268777866078,0.0,0.002345171281154513,0.0,0.0,0.0,0.0,0.04277068437275005,0.0,0.0,0.03054770187739287,0.0,0.04466039640142609,0.0,0.0,0.015579703107550613,0.0,0.0,0.0,0.0,0.0,0.0,0.0,0.0,0.0,0.0,0.03158660523950064,0.0,0.0,0.0,0.0,0.02106321458127515,OSD-37,Atha_Cvi-0_sl-pool_GC_Rep4_R2-GC-C3
0.0,0.0,0.0,0.026230113920951707,0.0,0.0,0.0,0.0,0.0,0.0,0.0,0.0,0.04080144417797412,0.0,0.0,0.0,0.0,0.0,0.0,0.0,0.0,0.0,0.0,0.0,0.0,0.0,0.0,0.0,0.0,0.0,0.0,0.0,0.0,0.0,0.0,0.0,0.0,0.0,0.0,0.0493381264590201,0.0,0.0,0.0,0.0,0.0,0.0,0.0,0.0,0.0,0.0,0.0,0.0,0.0,0.005308776840993337,0.0,0.0,0.0,0.0,0.0,0.0,0.0,0.0,0.0,0.0,0.0,0.0,0.0,0.0,0.0,0.0,0.0,0.0,0.1338249361234007,0.0,0.0,0.0,0.0,0.0,0.0,0.0,0.0,0.0,0.0,0.0,0.0,0.0,0.0,0.0,0.0,0.05143011618830544,0.10487794568831048,0.05611996086328107,0.009367580205918312,0.08656457527288329,0.0,0.0,0.0,0.0,0.0,0.0,0.0,0.0,0.0,0.0,0.0,0.0,0.0,0.0,0.0,0.0,0.0,0.0,0.0,0.0,0.0,0.0,0.0,0.0,0.0,0.0,0.0,0.0,0.0,0.0,0.0,0.0,0.0,0.0,0.0,0.0,0.03692921545439154,0.0,0.0,0.0,0.0,0.0,0.0,0.0,0.0,0.0,0.0,0.0,0.0,0.0,0.018522096037857583,0.03469054767826528,0.01681989812017732,0.03277674452142125,0.003957681084202752,0.0,0.00025127241213203876,0.06203100185889105,0.0,0.014053517431593266,0.0,0.0,0.0,0.0,0.04364866859926193,0.0,0.0,0.011463806735326636,0.05558895115290315,0.033135754592331416,0.0,0.0,0.01525636436145561,0.0,0.0,0.0,0.0,0.0,0.0,0.0,0.0,0.0,0.0,0.044691562061873615,0.0,0.0,0.0,0.0,0.012319342156877064,OSD-37,Atha_Ws-2_sl-pool_GC_Rep6_R2-GC-C4
0.0,0.0,0.0,0.018985245004253283,0.0,0.0,0.0,0.0,0.0,0.0,0.0,0.0,0.052912607334959325,0.0,0.0,0.0,0.0,0.0,0.0,0.0,0.0,0.0,0.0,0.0,0.0,0.0,0.0,0.0,0.0,0.0,0.0,0.0,0.0,0.0,0.0,0.0,0.0,0.0,0.0,0.05803377716015411,0.0,0.0,0.0,0.0,0.0,0.0,0.0,0.0,0.0,0.0,0.0,0.0,0.0,0.003647831105663114,0.0,0.0,0.0,0.0,0.0,0.0,0.0,0.0,0.0,0.0,0.0,0.0,0.0,0.0,0.0,0.0,0.0,0.0,0.12955639273012823,0.0,0.0,0.0,0.0,0.0,0.0,0.0,0.0,0.0,0.0,0.0,0.0,0.0,0.0,0.0,0.0,0.04776249235213594,0.0905992934057775,0.06894397925782225,0.016731823179850377,0.08579887852519315,0.0,0.0,0.0,0.0,0.0,0.0,0.0,0.0,0.0,0.0,0.0,0.0,0.0,0.0,0.0,0.0,0.0,0.0,0.0,0.0,0.0,0.0,0.0,0.0,0.0,0.0,0.0,0.0,0.0,0.0,0.0,0.0,0.0,0.0,0.0,0.0,0.03581748753390689,0.0,0.0,0.0,0.0,0.0,0.0,0.0,0.0,0.0,0.0,0.0,0.0,0.0,0.021324434664083822,0.047772468359249746,0.033230884654572024,0.0342188876592117,0.007026268254836104,0.0,0.0,0.044027346492874604,0.0,0.0,0.0,0.0,0.0,0.0,0.043387020851713,0.0,0.0,0.023423263375603805,0.03858497152037999,0.04114276933992336,0.0,0.0,0.02069478147880028,0.0,0.0,0.0,0.0,0.0,0.0,0.0,0.0,0.0,0.0,0.03111311381886896,0.0,0.0,0.0,0.0,0.005263981940038213,OSD-37,Atha_Ler-0_sl-pool_GC_Rep5_R2-GC-C5
0.0,0.0,0.0,0.016587619543991208,0.0,0.0,0.0,0.0,0.0,0.0,0.0,0.0,0.04625137934750872,0.0,0.0,0.0,0.0,0.0,0.0,0.0,0.0,0.0,0.0,0.0,0.0,0.0,0.0,0.0,0.0,0.0,0.0,0.0,0.0,0.0,0.0,0.0,0.0,0.0,0.0,0.04965577162809775,0.0,0.0,0.0,0.0,0.0,0.0,0.0,0.0,0.0,0.0,0.0,0.0,0.0,0.005425553761399423,0.0,0.0,0.0,0.0,0.0,0.0,0.0,0.0,0.0,0.0,0.0,0.0,0.0,0.0,0.0,0.0,0.0,0.0,0.13897558693010323,0.0,0.0,0.0,0.0,0.0,0.0,0.0,0.0,0.0,0.0,0.0,0.0,0.0,0.0,0.0,0.0,0.045716485791551784,0.10873138390914545,0.06089961296451376,0.025984141231006917,0.07883137197946839,0.0,0.0,0.0,0.0,0.0,0.0,0.0,0.0,0.0,0.0,0.0,0.0,0.0,0.0,0.0,0.0,0.0,0.0,0.0,0.0,0.0,0.0,0.0,0.0,0.0,0.0,0.0,0.0,0.0,0.0,0.0,0.0,0.0,0.0,0.0,0.0,0.03469782583626351,0.0,0.0,0.0,0.0,0.0,0.0,0.0,0.0,0.0,0.0,0.0,0.0,0.0,0.028763579214901698,0.04271826445199645,0.014646077779738812,0.030529268041818707,0.0033675448761443026,0.0,0.0,0.027606479791508997,0.0,0.004962182690144454,0.0,0.0,0.0,0.0,0.05184678920416236,0.0,0.0,0.017305725957925063,0.0566877245730184,0.05146305303220477,0.0,0.0,0.015019363188742979,0.0,0.0,0.0,0.0,0.0,0.0,0.0,0.0,0.0,0.0,0.040873252018461384,0.0,0.0,0.0,0.0,0.0024539622561815825,OSD-37,Atha_Ws-2_sl-pool_GC_Rep7_R2-GC-D1
0.0,0.0,0.0,0.017357538454713363,0.0,0.0,0.0,0.0,0.0,0.0,0.0,0.0,0.04851920689010743,0.0,0.0,0.0,0.0,0.0,0.0,0.0,0.0,0.0,0.0,0.0,0.0,0.0,0.0,0.000800665650269708,0.0,0.0,0.0,0.0,0.0,0.0,0.0,0.0,0.0,0.0,0.0,0.06142725451171911,0.0,0.0,0.0,0.0,0.0,0.0,0.0,0.0,0.0,0.0,0.0,0.0,0.0,0.020842756182568922,0.0,0.0,0.0,0.0,0.0,0.0,0.0,0.0,0.0,0.0,0.0,0.0,0.0,0.0,0.0,0.03030100631535756,0.0,0.0,0.0,0.0,0.0,0.0,0.0,0.0,0.09033297697194549,0.0,0.0,0.0,0.0,0.0,0.0,0.0,0.0,0.0,0.0,0.04641155885125847,0.09935787430545825,0.0698695934810771,0.0,0.07797297636992051,0.0,0.0,0.0,0.0,0.0,0.0,0.0,0.0,0.0,0.0,0.0,0.0,0.0,0.0,0.0,0.0,0.0,0.0,0.0,0.0,0.0,0.0,0.0,0.0,0.0,0.0,0.0,0.0,0.0,0.0,0.0,0.0,0.0,0.0,0.0,0.0,0.051844529324384256,0.0,0.0,0.0,0.0,0.0,0.0,0.0,0.0,0.0,0.0,0.0,0.0,0.0,0.0484966779830353,0.04670519691182642,0.02055960640327775,0.03754920478630414,0.0055008366612785105,0.0,0.0,0.033227773944370834,0.0,0.01347098679376585,0.0,0.0,0.0,0.0,0.03804428211486502,0.0,0.0,0.018761734014995958,0.0,0.04839916208254044,0.0,0.0,0.032492660943811216,0.0,0.0,0.0,0.0,0.0,0.0,0.0,0.0,0.0,0.0,0.03267391480004172,0.0,0.0,0.0,0.0,0.009080025251106716,OSD-37,Atha_Cvi-0_sl-pool_GC_Rep5_R2-GC-D2
0.0,0.0,0.0,0.015789920383548844,0.0,0.0,0.0,0.0,0.0,0.0,0.0,0.0,0.052135676690367526,0.0,0.0,0.0,0.0,0.0,0.0,0.0,0.0,0.0,0.0,0.0,0.0,0.0,0.0,0.0,0.0,0.0,0.0,0.0,0.0,0.0,0.0,0.0,0.0,0.0,0.0,0.06059462449907086,0.0,0.0,0.0,0.0,0.0,0.0,0.0,0.0,0.0,0.0,0.0,0.0,0.0,0.035661572674712275,0.0,0.0,0.0,0.0,0.0,0.0,0.0,0.0,0.0,0.0,0.0,0.0,0.0,0.0,0.0,0.006114016171593807,0.0,0.0,0.11401907199630912,0.0,0.0,0.0,0.0,0.0,0.005541028465315824,0.0,0.0,0.0,0.0,0.0,0.0,0.0,0.0,0.0,0.0,0.04672070481075782,0.08551323820147987,0.0641940735042909,0.0,0.0894111183916465,0.0,0.0,0.0,0.0,0.0,0.0,0.0,0.0,0.0,0.0,0.0,0.0,0.0,0.0,0.0,0.0,0.0,0.0,0.0,0.0,0.0,0.0,0.0,0.0,0.0,0.0,0.0,0.0,0.0,0.0,0.0,0.0,0.0,0.0,0.0,0.0,0.04085670507870634,0.0,0.0,0.0,0.0,0.0,0.0,0.0,0.0,0.0,0.0,0.0,0.0,0.0,0.038089678709141074,0.029470936444176112,0.0171711759606117,0.02675106991974292,0.01248977739555191,0.0,0.0,0.032690836298073477,0.0,0.015937338622689142,0.0,0.0,0.0,0.0,0.03176107850341826,0.0,0.0,0.027069459491099974,0.03811016008652883,0.05149939600347077,0.0,0.0,0.03488885576219446,0.0,0.0,0.0,0.0,0.0,0.0,0.0,0.0,0.0,0.0,0.026616021208639772,0.0,0.0,0.0,0.0,0.0009024647268619658,OSD-37,Atha_Ler-0_sl-pool_GC_Rep6_R2-GC-D3
0.0,0.0,0.0,0.020181476702204673,0.0,0.0,0.0,0.0,0.0,0.0,0.0,0.0,0.05088384170445027,0.0,0.0,0.0,0.0,0.0,0.0,0.0,0.0,0.0,0.0,0.0,0.0,0.0,0.0,0.0,0.0,0.0,0.0,0.0,0.0,0.0,0.0,0.0,0.0,0.0,0.0,0.048907604592661635,0.0,0.0,0.0,0.0,0.0,0.0,0.0,0.0,0.0,0.0,0.0,0.0,0.0,0.010340297966148807,0.0,0.0,0.0,0.0,0.0,0.0,0.0,0.0,0.0,0.0,0.0,0.0,0.0,0.0,0.0,0.028993816462118936,0.0,0.0,0.015642683953939193,0.0,0.0,0.0,0.0,0.0,0.08431545270898519,0.0,0.0,0.0,0.0,0.0,0.0,0.0,0.0,0.0,0.0,0.0512004822570525,0.11452448574631871,0.0594315148733689,0.01439495121421321,0.07294530098533673,0.0,0.0,0.0,0.0,0.0,0.0,0.0,0.0,0.0,0.0,0.0,0.0,0.0,0.0,0.0,0.0,0.0,0.0,0.0,0.0,0.0,0.0,0.0,0.0,0.0,0.0,0.0,0.0,0.0,0.0,0.0,0.0,0.0,0.0,0.0,0.0,0.03732059430608289,0.0,0.0,0.0,0.0,0.0,0.0,0.0,0.0,0.0,0.0,0.0,0.0,0.0,0.030351489264256924,0.03412229641122416,0.023200882371986087,0.032893035409146835,0.010513876225658421,0.0,0.0009375310117808319,0.03613943337145323,0.0,0.02357873279682383,0.0,0.0,0.0,0.0,0.0528601467097665,0.0,0.0,0.021255330070671295,0.0,0.05569998920331971,0.0,0.0,0.01825790182788615,0.0,0.0,0.0,0.0,0.0,0.0,0.0,0.0,0.0,0.0,0.041573355298262483,0.0,0.0,0.0,0.0,0.009533496554882084,OSD-37,Atha_Ws-2_sl-pool_GC_Rep8_R2-GC-D4
0.0,0.0,0.0,0.015403403312299427,0.0,0.0,0.0,0.0,0.0,0.0,0.0,0.0,0.04949719123665176,0.0,0.0,0.0,0.0,0.0,0.0,0.0,0.0,0.0,0.0,0.0,0.0,0.0,0.0,0.0,0.0,0.0,0.0,0.0,0.0,0.0,0.0,0.0,0.0,0.0,0.0,0.060142273350266055,0.0,0.0,0.0,0.0,0.0,0.0,0.0,0.0,0.0,0.0,0.0,0.0,0.0,0.012830818438690326,0.0,0.0,0.0,0.0,0.0,0.0,0.0,0.0,0.0,0.0,0.0,0.0,0.0,0.0,0.0,0.03287444134748452,0.0,0.0,0.008853512724574453,0.0,0.0,0.0,0.0,0.0,0.08642066422609766,0.0,0.0,0.0,0.0,0.0,0.0,0.0,0.0,0.0,0.0,0.04083172936797504,0.10536815198818834,0.06966660864107017,0.007168672737220063,0.08099491683319103,0.0,0.0,0.0,0.0,0.0,0.0,0.0,0.0,0.0,0.0,0.0,0.0,0.0,0.0,0.0,0.0,0.0,0.0,0.0,0.0,0.0,0.0,0.0,0.0,0.0,0.0,0.0,0.0,0.0,0.0,0.0,0.0,0.0,0.0,0.0,0.0,0.05264568480126013,0.0,0.0,0.0,0.0,0.0,0.0,0.0,0.0,0.0,0.0,0.0,0.0,0.0,0.03828160131515903,0.04215460545853782,0.016140134178930662,0.03681283847090241,0.007889349565628735,0.0,0.0,0.030138952351039968,0.0,0.014688711890330245,0.0,0.0,0.0,0.0,0.04721760267334076,0.0,0.0,0.026085337269096533,0.0,0.04341102690447629,0.0,0.0,0.025951518291425724,0.0,0.0,0.0,0.0,0.0,0.0,0.0,0.0,0.0,0.0,0.03426430492085117,0.0,0.0,0.0,0.0,0.014265947705311635,OSD-37,Atha_Cvi-0_sl-pool_GC_Rep6_R2-GC-D5
0.0,0.0,0.0,0.01933208050258063,0.0,0.0,0.0,0.0,0.0,0.0,0.0,0.0,0.053805784490014476,0.0,0.0,0.0,0.0,0.0,0.0,0.0,0.0,0.0,0.0,0.0,0.0,0.0,0.0,0.0,0.0,0.0,0.0,0.0,0.0,0.0,0.0,0.0,0.0,0.0,0.0,0.06568557784553175,0.0,0.0,0.0,0.0,0.0,0.0,0.0,0.0,0.0,0.0,0.0,0.0,0.0,0.0,0.0,0.0,0.0,0.0,0.0,0.0,0.0,0.0,0.0,0.0,0.0,0.0,0.0,0.0,0.0,0.029556396267675488,0.0,0.0,0.06771128693233712,0.0,0.0,0.0,0.0,0.0,0.02519545900511761,0.0,0.0,0.0,0.0,0.0,0.0,0.0,0.0,0.0,0.0,0.07199735505320244,0.07530450153499284,0.0314157694740024,0.06480342358442884,0.07379216757770447,0.0,0.0,0.0,0.0,0.0,0.0,0.0,0.0,0.0,0.0,0.0,0.0,0.0,0.0,0.0,0.0,0.0,0.0,0.0,0.0,0.0,0.0,0.0,0.0,0.0,0.0,0.0,0.0,0.0,0.0,0.0,0.0,0.0,0.0,0.0,0.0,0.05453292149162423,0.0,0.0,0.0,0.0,0.0,0.0,0.0,0.0,0.0,0.0,0.0,0.0,0.0,0.03147342108619978,0.019931668153129516,0.027684464548639428,0.03448334666466412,0.0034859942972406727,0.0,0.0,0.04010276404004807,0.0,0.0,0.0,0.003958398587321283,0.0,0.0,0.06316107790720002,0.0,0.0,0.013480568062348531,0.0,0.0356303736250513,0.0,0.0,0.03112906947075473,0.0,0.0,0.0,0.006401242936826808,0.0,0.0,0.0,0.0,0.0,0.0,0.055944886861363514,0.0,0.0,0.0,0.0,0.0,OSD-37,Atha_Col-0_sl-pool_FLT_Rep1_R1-FL-A1
0.0,0.0,0.0,0.018976686215315324,0.0,0.0,0.0,0.0,0.0,0.0,0.0,0.0,0.04813195963227433,0.0,0.0,0.0,0.0,0.0,0.0,0.0,0.0,0.0,0.0,0.0,0.0,0.0,0.0,0.0,0.0,0.0,0.0,0.0,0.0,0.0,0.0,0.0,0.0,0.0,0.0,0.06767974290429139,0.0,0.0,0.0,0.0,0.0,0.0,0.0,0.0,0.0,0.0,0.0,0.0,0.0,0.008541326728900862,0.0,0.0,0.0,0.0,0.0,0.0,0.0,0.0,0.0,0.0,0.0,0.0,0.0,0.0,0.0,0.01548068183270675,0.0,0.0,0.07699308724549017,0.0,0.0,0.0,0.0,0.0,0.03251935671094677,0.0,0.0,0.0,0.0,0.0,0.0,0.0,0.0,0.0,0.0,0.060607568018867845,0.08756872597119132,0.036664407802564636,0.050915500657374026,0.07433786236978629,0.0,0.0,0.0,0.0,0.0,0.0,0.0,0.0,0.0,0.0,0.0,0.0,0.0,0.0,0.0,0.0,0.0,0.0,0.0,0.0,0.0,0.0,0.0,0.0,0.0,0.0,0.0,0.0,0.0,0.0,0.0,0.0,0.0,0.0,0.0,0.0,0.05390733626575572,0.0,0.0,0.0,0.0,0.0,0.0,0.0,0.0,0.0,0.0,0.0,0.0,0.0,0.038381842402360526,0.021853230169572878,0.02774108386691049,0.03368771580936932,0.01166156721163882,0.0,0.0,0.03587033854441443,0.0,0.0,0.0,0.0033946627893220345,0.0,0.0,0.0640028987690335,0.0,0.0,0.010887184983344454,0.0,0.03504578007133171,0.0008592021668084098,0.0,0.032181491676625255,0.0,0.0,0.0,0.0,0.0,0.0,0.0,0.0,0.0,0.0,0.05210875918380271,0.0,0.0,0.0,0.0,0.0,OSD-37,Atha_Col-0_sl-pool_FLT_Rep2_R1-FL-A4
0.0,0.0,0.0,0.01856459354997296,0.0,0.0,0.0,0.0,0.0,0.0,0.0,0.0,0.05027028467473273,0.0,0.0,0.0,0.0,0.0,0.0,0.0,0.0,0.0,0.0,0.0,0.0,0.0,0.0,0.006070209442297683,0.0,0.0,0.0,0.0,0.0,0.0,0.0,0.0,0.0,0.0,0.0,0.06439110708618363,0.0,0.0,0.0,0.0,0.0,0.0,0.0,0.0,0.0,0.0,0.0,0.0,0.0,0.012685362756681567,0.0,0.0,0.0,0.0,0.0,0.0,0.0,0.0,0.0,0.0,0.0,0.0,0.0,0.0,0.0,0.017678161212188882,0.0,0.0,0.08548424715729158,0.0,0.0,0.0,0.0,0.0,0.021128923025290916,0.0,0.0,0.0,0.0,0.0,0.0,0.0,0.0,0.0,0.0,0.04931816758043751,0.08225487175946125,0.029623190613497562,0.06046666638678151,0.07819293307198058,0.0,0.0,0.0,0.0,0.0,0.0,0.0,0.0,0.0,0.0,0.0,0.0,0.0,0.0,0.0,0.0,0.0,0.0,0.0,0.0,0.0,0.0,0.0,0.0,0.0,0.0,0.0,0.0,0.0,0.0,0.0,0.0,0.0,0.0,0.0,0.0,0.05621944956365384,0.0,0.0,0.0,0.0,0.0,0.0,0.0,0.0,0.0,0.0,0.0,0.0,0.0,0.03834033690179584,0.023185868136195865,0.022946994912933075,0.03291261277487376,0.0013253030238533218,0.0,0.0,0.03621920459174247,0.0,0.007125027407227603,0.0,0.0005268606194488369,0.0,0.0,0.06556814458523905,0.0,0.0,0.011840448111937645,0.0,0.04130235496987093,0.0006570956820877151,0.0,0.029913665661941053,0.0,0.0,0.0,0.009356004457409126,0.0,0.0,0.0,0.0,0.0,0.0,0.04643191028299145,0.0,0.0,0.0,0.0,0.0,OSD-37,Atha_Col-0_sl-pool_FLT_Rep3_R1-FL-B1
0.0,0.0,0.0,0.021173021092739764,0.0,0.0,0.0,0.0,0.0,0.0,0.0,0.0,0.0524611146508197,0.0,0.0,0.0,0.0,0.0,0.0,0.0,0.0,0.0,0.0,0.0,0.0,0.0,0.0,0.013593815004402269,0.0,0.0,0.0,0.0,0.0,0.0,0.0,0.0,0.0,0.0,0.0,0.07563086625591334,0.0,0.0,0.0,0.0,0.0,0.0,0.0,0.0,0.0,0.0,0.0,0.0,0.0,0.008015048639567495,0.0,0.0,0.0,0.0,0.0,0.0,0.0,0.0,0.0,0.0,0.0,0.0,0.0,0.0,0.0,0.034079798034928194,0.0,0.0,0.032812378183510245,0.0,0.0,0.0,0.0,0.0,0.04774254490778449,0.0,0.0,0.0,0.0,0.0,0.0,0.0,0.0,0.0,0.0,0.07149298158911668,0.08500318502950675,0.02800986195271909,0.037806813184503,0.06977336307025116,0.0,0.0,0.0,0.0,0.0,0.0,0.0,0.0,0.0,0.0,0.0,0.0,0.0,0.0,0.0,0.0,0.0,0.0,0.0,0.0,0.0,0.0,0.0,0.0,0.0,0.0,0.0,0.0,0.0,0.0,0.0,0.0,0.0,0.0,0.0,0.0,0.05446455985250179,0.0,0.0,0.0,0.0,0.0,0.0,0.0,0.0,0.0,0.0,0.0,0.0,0.0,0.028914270689142936,0.020722654687629728,0.03550976713036621,0.03578748760090344,0.004743339585239487,0.0,0.0,0.06158157008749338,0.0,0.0,0.0,0.0026083061506264045,0.0,0.0,0.05443905536737013,0.0,0.0,0.012014599107372442,0.0,0.03257951200511041,0.0,0.0,0.025475029514196595,0.0,0.0,0.0,0.0,0.0,0.0,0.0,0.0,0.0,0.0,0.05356505662628489,0.0,0.0,0.0,0.0,0.0,OSD-37,Atha_Col-0_sl-pool_FLT_Rep4_R1-FL-B4
0.0,0.0,0.0,0.018274029891381396,0.0,0.0,0.0,0.0,0.0,0.0,0.0,0.0,0.04186589044588939,0.0,0.0,0.0,0.0,0.0,0.0,0.0,0.0,0.0,0.0,0.0,0.0,0.0,0.0,0.0,0.0,0.0,0.0,0.0,0.0,0.0,0.0,0.0,0.0,0.0,0.0,0.060279552144566255,0.0,0.0,0.0,0.0,0.0,0.0,0.0,0.0,0.0,0.0,0.0,0.0,0.0,0.0094150667033288,0.0,0.0,0.0,0.0,0.0,0.0,0.0,0.0,0.0,0.0,0.0,0.0,0.0,0.0,0.0,0.012838545237742124,0.0,0.0,0.0922470984039945,0.0,0.0,0.0,0.0,0.0,0.019448198117289164,0.0,0.0,0.0,0.0,0.0,0.0,0.0,0.0,0.0,0.0,0.07554164750663044,0.09351913011686266,0.05814959218866048,0.023492228844427525,0.07853558521213708,0.0,0.0,0.0,0.0,0.0,0.0,0.0,0.0,0.0,0.0,0.0,0.0,0.0,0.0,0.0,0.0,0.0,0.0,0.0,0.0,0.0,0.0,0.0,0.0,0.0,0.0,0.0,0.0,0.0,0.0,0.0,0.0,0.0,0.0,0.0,0.0,0.047140249167425756,0.0,0.0,0.0,0.0,0.0,0.0,0.0,0.0,0.0,0.0,0.0,0.0,0.0,0.03061906462127983,0.06327152245477444,0.022710274472642376,0.03200010629197133,0.009428641483349324,0.0,0.0,0.027323008107492094,0.0,0.0,0.0,0.0,0.0,0.0,0.05167795684297675,0.0,0.0,0.012410832767681165,0.0,0.04153120238580315,0.0,0.0,0.020675838653355757,0.0,0.0,0.0,0.0,0.0,0.0,0.0,0.0,0.0,0.0,0.05760473793833841,0.0,0.0,0.0,0.0,0.0,OSD-37,Atha_Col-0_sl-pool_GC_Rep1_R1-GC-A1
0.0,0.0,0.0,0.019011245914025872,0.0,0.0,0.0,0.0,0.0,0.0,0.0,0.0,0.05010827385995875,0.0,0.0,0.0,0.0,0.0,0.0,0.0,0.0,0.0,0.0,0.0,0.0,0.0,0.0,0.0,0.0,0.0,0.0,0.0,0.0,0.0,0.0,0.0,0.0,0.0,0.0,0.06883916659895205,0.0,0.0,0.0,0.0,0.0,0.0,0.0,0.0,0.0,0.0,0.0,0.0,0.0,0.01617598322075487,0.0,0.0,0.0,0.0,0.0,0.0,0.0,0.0,0.0,0.0,0.0,0.0,0.0,0.0,0.0,0.031263495429670045,0.0,0.0,0.033495897365478665,0.0,0.0,0.0,0.0,0.0,0.04608699689623332,0.0,0.004447508685464974,0.0,0.0,0.0,0.0,0.0,0.0,0.0,0.0,0.06305385654846295,0.09033552730447408,0.046135374395734605,0.023142132644257872,0.0718642287458608,0.0,0.0,0.0,0.0,0.0,0.0,0.0,0.0,0.0,0.0,0.0,0.0,0.0,0.0,0.0,0.0,0.0,0.0,0.0,0.0,0.0,0.0,0.0,0.0,0.0,0.0,0.0,0.0,0.0,0.0,0.0,0.0,0.0,0.0,0.0,0.0,0.053201921138568635,0.0,0.0,0.0,0.0,0.0,0.0,0.0,0.0,0.0,0.0,0.0,0.0,0.0,0.036252871044846834,0.028386115896324438,0.025254588122461733,0.03592537072402757,0.011298800775875086,0.0,0.0,0.03670459571100995,0.0,0.007712142204358815,0.0,0.0014281217129518923,0.0,0.0,0.052935647756408036,0.0,0.0,0.015494796373553527,0.0,0.04593288871664938,0.0,0.0,0.027749764622008278,0.0,0.0,0.0,0.0,0.0,0.0,0.0,0.0,0.0,0.0,0.049503700316504126,0.0,0.0,0.0,0.0,0.008258987275122826,OSD-37,Atha_Col-0_sl-pool_GC_Rep2_R1-GC-A4
0.0,0.0,0.0,0.019527580233473694,0.0,0.0,0.0,0.0,0.0,0.0,0.0,0.0,0.04785886974151341,0.0,0.0,0.0,0.0,0.0,0.0,0.0,0.0,0.0,0.0,0.0,0.0,0.0,0.0,0.003566043131970777,0.0,0.0,0.0,0.0,0.0,0.0,0.0,0.0,0.0,0.0,0.0,0.07280302988601367,0.0,0.0,0.0,0.0,0.0,0.0,0.0,0.0,0.0,0.0,0.0,0.0,0.0,0.018987872906052312,0.0,0.0,0.0,0.0,0.0,0.0,0.0,0.0,0.0,0.0,0.0,0.0,0.0,0.0,0.0,0.04354157529628377,0.0,0.0,0.00586064808927923,0.0,0.0,0.0,0.0,0.0,0.0621880785872531,0.0,0.004056547622321615,0.0,0.0,0.0,0.0,0.0,0.0,0.0,0.0,0.0753321480623865,0.08867187474454667,0.045211283198419834,0.013778753465244235,0.07224726616319649,0.0,0.0,0.0,0.0,0.0,0.0,0.0,0.0,0.0,0.0,0.0,0.0,0.0,0.0,0.0,0.0,0.0,0.0,0.0,0.0,0.0,0.0,0.0,0.0,0.0,0.0,0.0,0.0,0.0,0.0,0.0,0.0,0.0,0.0,0.0,0.0,0.05651198726013519,0.0,0.0,0.0,0.0,0.0,0.0,0.0,0.0,0.0,0.0,0.0,0.0,0.0,0.03097318340540304,0.03097830687485335,0.02606455582901062,0.03695774798334564,0.01699169884736456,0.0,0.0,0.03697381400293203,0.0,0.001549441003508242,0.0,0.0008546614815323663,0.0,0.0,0.050019967892655844,0.0,0.0,0.015557805702271645,0.0,0.038088241979819526,0.0029255963701724074,0.0,0.028681540413454498,0.0,0.0,0.0,0.0,0.0,0.0,0.0,0.0,0.0,0.0,0.053239879825585645,0.0,0.0,0.0,0.0,0.0,OSD-37,Atha_Col-0_sl-pool_GC_Rep3_R1-GC-B1
0.0,0.0,0.0,0.01890217454333176,0.0,0.0,0.0,0.0,0.0,0.0,0.0,0.0,0.04827688927041105,0.0,0.0,0.0,0.0,0.0,0.0,0.0,0.0,0.0,0.0,0.0,0.0,0.0,0.0,0.00059673638717121,0.0,0.0,0.0,0.0,0.0,0.0,0.0,0.0,0.0,0.0,0.0,0.07871875112214256,0.0,0.0,0.0,0.0,0.0,0.0,0.0,0.0,0.0,0.0,0.0,0.0,0.0,0.020169065963540067,0.0,0.0,0.0,0.0,0.0,0.0,0.0,0.0,0.0,0.0,0.0,0.0,0.0,0.0,0.0,0.030890874249808995,0.0,0.0,0.05382454644415923,0.0,0.0,0.0,0.0,0.0,0.024378815525102966,0.0,0.0025789487358828635,0.0,0.0,0.0,0.0,0.0,0.0,0.0,0.0,0.07171811654241968,0.0751611641652591,0.04763214883996589,0.01748182995882559,0.0725206583622476,0.0,0.0,0.0,0.0,0.0,0.0,0.0,0.0,0.0,0.0,0.0,0.0,0.0,0.0,0.0,0.0,0.0,0.0,0.0,0.0,0.0,0.0,0.0,0.0,0.0,0.0,0.0,0.0,0.0,0.0,0.0,0.0,0.0,0.0,0.0,0.0,0.06028882090949477,0.0,0.0,0.0,0.0,0.0,0.0,0.0,0.0,0.0,0.0,0.0,0.0,0.0,0.02907241973841062,0.041933366568177394,0.028154306734874044,0.03541928144481606,0.016728651504991383,0.0,0.0,0.03807098906392905,0.0,0.0,0.0,0.002920109292149114,0.0,0.0,0.05028590446786623,0.0,0.0,0.007832526481894902,0.0,0.04311374237343224,0.0006271683022383741,0.0,0.02968159860094437,0.0,0.0,0.0,0.0,0.0,0.0,0.0,0.0,0.0,0.0,0.05302039440651282,0.0,0.0,0.0,0.0,0.0,OSD-37,Atha_Col-0_sl-pool_GC_Rep4_R1-GC-B4
0.0,0.0,0.0,0.018847741455145808,0.0,0.0,0.0,0.0,0.0,0.0,0.0,0.0,0.04955491506750912,0.0,0.0,0.0,0.0,0.0,0.0,0.0,0.0,0.0,0.0,0.0,0.0,0.0,0.0,0.0011659282448981646,0.0,0.0,0.0,0.0,0.0,0.0,0.0,0.0,0.0,0.0,0.0,0.06705842622331551,0.0,0.0,0.0,0.0,0.0,0.0,0.0,0.0,0.0,0.0,0.0,0.0,0.0,0.0,0.0,0.0,0.0,0.0,0.0,0.0,0.0,0.0,0.0,0.0,0.0,0.0,0.0,0.0,0.0,0.024714244896586565,0.0,0.0,0.06746125524233999,0.0,0.0,0.0,0.0,0.0,0.03151113873309192,0.0,0.0,0.0,0.0,0.0,0.0,0.0,0.0,0.0,0.0,0.06803319972398882,0.07377135726460218,0.03355704762873497,0.06367917204465467,0.07610489218841751,0.0,0.0,0.0,0.0,0.0,0.0,0.0,0.0,0.0,0.0,0.0,0.0,0.0,0.0,0.0,0.0,0.0,0.0,0.0,0.0,0.0,0.0,0.0,0.0,0.0,0.0,0.0,0.0,0.0,0.0,0.0,0.0,0.0,0.0,0.0,0.0,0.057720103519605506,0.0,0.0,0.0,0.0,0.0,0.0,0.0,0.0,0.0,0.0,0.0,0.0,0.0,0.03314031887899381,0.015060377572789777,0.024953677219132674,0.03423624761391986,0.006046804769972591,0.0,0.0,0.03861215469009535,0.0,0.0,0.0,0.004134879176919394,0.0,0.0,0.06375615972648613,0.0,0.0,0.017472446552384883,0.0,0.03305437037036496,0.005664164410529842,0.0,0.03386041631265985,0.0,0.0,0.0,0.010541448627456753,0.0,0.0,0.0,0.0,0.0,0.0,0.04628711184540331,0.0,0.0,0.0,0.0,0.0,OSD-37,Atha_Col-0_sl-pool_FLT_Rep5_R2-FL-A1
0.0,0.0,0.0,0.019543908350645515,0.0,0.0,0.0,0.0,0.0,0.0,0.0,0.0,0.04850610715242955,0.0,0.0,0.0,0.0,0.0,0.0,0.0,0.0,0.0,0.0,0.0,0.0,0.0,0.0,0.0056048327575259,0.0,0.0,0.0,0.0,0.0,0.0,0.0,0.0,0.0,0.0,0.0,0.06980774023698098,0.0,0.0,0.0,0.0,0.0,0.0,0.0,0.0,0.0,0.0,0.0,0.0,0.0,0.009609185907961577,0.0,0.0,0.0,0.0,0.0,0.0,0.0,0.0,0.0,0.0,0.0,0.0,0.0,0.0,0.0,0.028435311124870192,0.0,0.0,0.058096825677424115,0.0,0.0,0.0,0.0,0.0,0.03726913183295114,0.0,0.0,0.0,0.0,0.0,0.0,0.0,0.0,0.0,0.0,0.06800876439681725,0.08853891049825066,0.02533169785868358,0.047419532135970874,0.07438673084836153,0.0,0.0,0.0,0.0,0.0,0.0,0.0,0.0,0.0,0.0,0.0,0.0,0.0,0.0,0.0,0.0,0.0,0.0,0.0,0.0,0.0,0.0,0.0,0.0,0.0,0.0,0.0,0.0,0.0,0.0,0.0,0.0,0.0,0.0,0.0,0.0,0.05330937053609464,0.0,0.0,0.0,0.0,0.0,0.0,0.0,0.0,0.0,0.0,0.0,0.0,0.0,0.03582393713899271,0.018828835475778176,0.026084780554494567,0.03592749967909779,0.007387339641471392,0.0,0.0,0.03437399037816698,0.0,0.0011891133257223225,0.0,0.0,0.0,0.0,0.06463915991623564,0.0,0.0,0.013001704727092942,0.0,0.03407937099029595,0.006115318860002766,0.0,0.033151329340953606,0.0,0.0,0.0,0.0,0.0,0.0,0.0,0.0,0.0,0.0,0.055529570656727624,0.0,0.0,0.0,0.0,0.0,OSD-37,Atha_Col-0_sl-pool_FLT_Rep6_R2-FL-A4
0.0,0.0,0.0,0.024671338521177186,0.0,0.0,0.0,0.0,0.0,0.0,0.0,0.0,0.05056941723559734,0.0,0.0,0.0,0.0,0.0,0.0,0.0,0.0,0.0,0.0,0.0,0.0,0.0,0.0,0.015471926364186595,0.0,0.0,0.0,0.0,0.0,0.0,0.0,0.0,0.0,0.0,0.0,0.06867399680293051,0.0,0.0,0.0,0.0,0.0,0.0,0.0,0.0,0.0,0.0,0.0,0.0,0.0,0.00541011186203819,0.0,0.0,0.0,0.0,0.0,0.0,0.0,0.0,0.0,0.0,0.0,0.0,0.0,0.0,0.0,0.0024347526667935974,0.0,0.0,0.10295985072629586,0.0,0.0,0.0,0.0,0.0,0.01002943185788562,0.0,0.0021283498898488793,0.0,0.0,0.0,0.0,0.0,0.0,0.0,0.0,0.043920253671670115,0.08573106123729705,0.023590475783074587,0.04496742044099763,0.07556781387327759,0.0,0.0,0.0,0.0,0.0,0.0,0.0,0.0,0.0,0.0,0.0,0.0,0.0,0.0,0.0,0.0,0.0,0.0,0.0,0.0,0.0,0.0,0.0,0.0,0.0,0.0,0.0,0.0,0.0,0.0,0.0,0.0,0.0,0.0,0.0,0.0,0.06217762654596103,0.0,0.0,0.0,0.0,0.0,0.0,0.0,0.0,0.0,0.0,0.0,0.0,0.0,0.022221257507759096,0.027953670864707573,0.03868321615271623,0.037111451546428524,0.012368902175048362,0.0,0.0,0.046625258107116735,0.0,0.0,0.0,0.004053109889661816,0.0,0.0,0.0684470454880046,0.0,0.0,0.01346170374473423,0.0,0.027105367742626674,0.002259330686065544,0.0,0.022097182825990776,0.0,0.0,0.0,0.011491082053249753,0.0,0.0,0.0,0.0,0.0,0.0,0.047817593736858344,0.0,0.0,0.0,0.0,0.0,OSD-37,Atha_Col-0_sl-pool_FLT_Rep7_R2-FL-B1
0.0,0.0,0.0,0.025708556844723094,0.0,0.0,0.0,0.0,0.0,0.0,0.0,0.0,0.05610360527858964,0.0,0.0,0.0,0.0,0.0,0.0,0.0,0.0,0.0,0.0,0.0,0.0,0.0,0.0,0.02195069352211166,0.0,0.0,0.0,0.0,0.0,0.0,0.0,0.0,0.0,0.0,0.0,0.07839933726230282,0.0,0.0,0.0,0.0,0.0,0.0,0.0,0.0,0.0,0.0,0.0,0.0,0.0,0.007124830349444637,0.0,0.0,0.0,0.0,0.0,0.0,0.0,0.0,0.0,0.0,0.0,0.0,0.0,0.0,0.0,0.03370802431032439,0.0,0.0,0.0332149038702576,0.0,0.0,0.0,0.0,0.0,0.03684303001573233,0.0,0.006143082052115011,0.0,0.0,0.0,0.0,0.0,0.0,0.0,0.0,0.04843397854408069,0.08579293450887768,0.030055467703440673,0.029386092460593944,0.06958130089669745,0.0,0.0,0.0,0.0,0.0,0.0,0.0,0.0,0.0,0.0,0.0,0.0,0.0,0.0,0.0,0.0,0.0,0.0,0.0,0.0,0.0,0.0,0.0,0.0,0.0,0.0,0.0,0.0,0.0,0.0,0.0,0.0,0.0,0.0,0.0,0.0,0.05475054377989686,0.0,0.0,0.0,0.0,0.0,0.0,0.0,0.0,0.0,0.0,0.0,0.0,0.0,0.021484897172259265,0.026932672021656015,0.0449089464049014,0.037473663914028586,0.00897579309714493,0.0,0.0,0.06307300401074273,0.0,0.0,0.0,0.0015245959864693722,0.0,0.0,0.05579191883238326,0.0,0.0,0.014384747512085651,0.0,0.03153170534642006,0.0028337759114998064,0.0,0.016785244624017915,0.0,0.0,0.0,0.0009597154331153138,0.0,0.0,0.0,0.0,0.0,0.0,0.056142938334087164,0.0,0.0,0.0,0.0,0.0,OSD-37,Atha_Col-0_sl-pool_FLT_Rep8_R2-FL-B4
0.0,0.0,0.0,0.017489819344867513,0.0,0.0,0.0,0.0,0.0,0.0,0.0,0.0,0.03521670577597358,0.0,0.0,0.0,0.0,0.0,0.0,0.0,0.0,0.0,0.0,0.0,0.0,0.0,0.0,0.005995394337158804,0.0,0.0,0.0,0.0,0.0,0.0,0.0,0.0,0.0,0.0,0.0,0.062396088936678216,0.0,0.0,0.0,0.0,0.0,0.0,0.0,0.0,0.0,0.0,0.0,0.0,0.0,0.016855361628709348,0.0,0.0,0.0,0.0,0.0,0.0,0.0,0.0,0.0,0.0,0.0,0.0,0.0,0.0,0.0,0.04935122468601495,0.0,0.0,0.00936744772140986,0.0,0.0,0.0,0.0,0.0,0.05578721001221534,0.0,0.01893071360468445,0.0,0.0,0.0,0.0,0.0,0.0,0.0,0.0,0.0881608755791562,0.06768878209675451,0.025676629182626195,0.010914438568099824,0.08335760753488414,0.0,0.0,0.0,0.0,0.0,0.0,0.0,0.0,0.0,0.0,0.0,0.0,0.0,0.0,0.0,0.0,0.0,0.0,0.0,0.0,0.0,0.0,0.0,0.0,0.0,0.0,0.0,0.0,0.0,0.0,0.0,0.0,0.0,0.0,0.0,0.0,0.07213118659661244,0.0,0.0,0.0,0.0,0.0,0.0,0.0,0.0,0.0,0.0,0.0,0.0,0.0,0.042538033065623,0.022514147220555808,0.02390483278412704,0.03724877737496947,0.020800180318261748,0.0,0.0,0.023482196295179853,0.0,0.0026939797010967627,0.0,0.0,0.0,0.0,0.05580032820121896,0.0,0.0,0.0,0.0,0.03652205841835461,0.008474533939319018,0.0,0.03249233184934659,0.0,0.0,0.0,0.009016533925224017,0.0,0.0,0.0,0.0,0.0,0.0,0.06519258130087782,0.0,0.0,0.0,0.0,0.0,OSD-37,Atha_Col-0_sl-pool_GC_Rep5_R2-GC-A1
0.0,0.0,0.0,0.021601168057425253,0.0,0.0,0.0,0.0,0.0,0.0,0.0,0.0,0.04844201895590778,0.0,0.0,0.0,0.0,0.0,0.0,0.0,0.0,0.0,0.0,0.0,0.0,0.0,0.0,0.007857335739154108,0.0,0.0,0.0,0.0,0.0,0.0,0.0,0.0,0.0,0.0,0.0,0.06670506924780209,0.0,0.0,0.0,0.0,0.0,0.0,0.0,0.0,0.0,0.0,0.0,0.0,0.0,0.018448808666399034,0.0,0.0,0.0,0.0,0.0,0.0,0.0,0.0,0.0,0.0,0.0,0.0,0.0,0.0,0.0,0.035483595402249914,0.0,0.0,0.028124907527217358,0.0,0.0,0.0,0.0,0.0,0.043233671160012234,0.0,0.010138802403702329,0.0,0.0,0.0,0.0,0.0,0.0,0.0,0.0,0.05636168910617221,0.08809939318535617,0.0365387218664627,0.01732145317617808,0.07331398070297672,0.0,0.0,0.0,0.0,0.0,0.0,0.0,0.0,0.0,0.0,0.0,0.0,0.0,0.0,0.0,0.0,0.0,0.0,0.0,0.0,0.0,0.0,0.0,0.0,0.0,0.0,0.0,0.0,0.0,0.0,0.0,0.0,0.0,0.0,0.0,0.0,0.063498265394362,0.0,0.0,0.0,0.0,0.0,0.0,0.0,0.0,0.0,0.0,0.0,0.0,0.0,0.02950186732364845,0.021861993577471577,0.02480491118432935,0.03729294867493019,0.017598271967573548,0.0,0.0,0.03762066843255173,0.0,0.01328762227445922,0.0,0.004041979658788766,0.0,0.0,0.05405573702054339,0.0,0.0,0.01826587076489809,0.0,0.044443451054076565,0.0028998832114118683,0.0,0.02371494403208479,0.0,0.0,0.0,0.0,0.0,0.0,0.0,0.0,0.0,0.0,0.048968242681483705,0.0,0.0,0.0,0.0,0.006472727550370851,OSD-37,Atha_Col-0_sl-pool_GC_Rep6_R2-GC-A4
0.0,0.0,0.0,0.01866885199423263,0.0,0.0,0.0,0.0,0.0,0.0,0.0,0.0,0.04565395917446051,0.0,0.0,0.0,0.0,0.0,0.0,0.0,0.0,0.0,0.0,0.0,0.0,0.0,0.0,0.005921118252295308,0.0,0.0,0.0,0.0,0.0,0.0,0.0,0.0,0.0,0.0,0.0,0.07249469778242822,0.0,0.0,0.0,0.0,0.0,0.0,0.0,0.0,0.0,0.0,0.0,0.0,0.0,0.014491234941362792,0.0,0.0,0.0,0.0,0.0,0.0,0.0,0.0,0.0,0.0,0.0,0.0,0.0,0.0,0.0,0.03573977428980826,0.0,0.0,0.02723745325662797,0.0,0.0,0.0,0.0,0.0,0.05674098629212907,0.0,0.0,0.0,0.0,0.0,0.0,0.0,0.0,0.0,0.0,0.07268118642487302,0.09479864083062091,0.043133710168127615,0.012612906305482114,0.07229273810076342,0.0,0.0,0.0,0.0,0.0,0.0,0.0,0.0,0.0,0.0,0.0,0.0,0.0,0.0,0.0,0.0,0.0,0.0,0.0,0.0,0.0,0.0,0.0,0.0,0.0,0.0,0.0,0.0,0.0,0.0,0.0,0.0,0.0,0.0,0.0,0.0,0.05323923086641279,0.0,0.0,0.0,0.0,0.0,0.0,0.0,0.0,0.0,0.0,0.0,0.0,0.0,0.028146815947246783,0.03052144249940759,0.024589528940342793,0.034742203180151095,0.01429833792525319,0.0,0.0,0.03435491265170188,0.0,0.008182984532730267,0.0,0.0011309407086236719,0.0,0.0,0.05451981735233563,0.0,0.0,0.01653931834384619,0.0,0.039231324110341144,0.003447205857180352,0.0,0.02520110954726896,0.0,0.0,0.0,0.0,0.0,0.0,0.0,0.0,0.0,0.0,0.05638459752025045,0.0,0.0,0.0,0.0,0.0030029722036953974,OSD-37,Atha_Col-0_sl-pool_GC_Rep7_R2-GC-B1
0.0,0.0,0.0,0.018406936205971423,0.0,0.0,0.0,0.0,0.0,0.0,0.0,0.0,0.04796487966784469,0.0,0.0,0.0,0.0,0.0,0.0,0.0,0.0,0.0,0.0,0.0,0.0,0.0,0.0,0.0,0.0,0.0,0.0,0.0,0.0,0.0,0.0,0.0,0.0,0.0,0.0,0.07502129999093442,0.0,0.0,0.0,0.0,0.0,0.0,0.0,0.0,0.0,0.0,0.0,0.0,0.0,0.015490115927313725,0.0,0.0,0.0,0.0,0.0,0.0,0.0,0.0,0.0,0.0,0.0,0.0,0.0,0.0,0.0,0.028679374581192348,0.0,0.0,0.056792133871853175,0.0,0.0,0.0,0.0,0.0,0.021711223630485287,0.0,0.012577013390097478,0.0,0.0,0.0,0.0,0.0,0.0,0.0,0.0,0.07140147768078803,0.07055207978782073,0.04775345735002214,0.015034046668727827,0.0811836237647831,0.0,0.0,0.0,0.0,0.0,0.0,0.0,0.0,0.0,0.0,0.0,0.0,0.0,0.0,0.0,0.0,0.0,0.0,0.0,0.0,0.0,0.0,0.0,0.0,0.0,0.0,0.0,0.0,0.0,0.0,0.0,0.0,0.0,0.0,0.0,0.0,0.05436678366661561,0.0,0.0,0.0,0.0,0.0,0.0,0.0,0.0,0.0,0.0,0.0,0.0,0.0,0.0355767196895731,0.046576790729254504,0.02552508049802368,0.03000946021993507,0.01919701103451978,0.0,0.0,0.028643958899672414,0.0,0.0,0.0,0.005354856787666977,0.0,0.0,0.04941094898137105,0.0,0.0,0.0,0.0,0.04697976834720967,0.0015681770120442033,0.0,0.0387040410277246,0.0,0.0,0.0,0.003233720803649141,0.0,0.0,0.0,0.0,0.0,0.0,0.052285019784905844,0.0,0.0,0.0,0.0,0.0,OSD-37,Atha_Col-0_sl-pool_GC_Rep8_R2-GC-B4
0.0,0.0,0.0,0.025958565338800508,0.0,0.0,0.0,0.0,0.0,0.0,0.0,0.0,0.04235670077596619,0.0,0.0,0.0,0.0,0.0,0.0,0.0,0.0,0.0,0.0,0.0,0.0,0.0,0.0,0.0,0.0,0.0,0.0,0.0,0.0,0.0,0.0,0.0,0.0,0.0,0.0,0.057679672907282965,0.0,0.0,0.0,0.0,0.0,0.0,0.0,0.0,0.0,0.0,0.0,0.0,0.0,0.027470243837781353,0.0,0.0,0.0,0.0,0.0,0.0,0.0,0.0,0.0,0.0,0.0,0.0,0.0,0.0,0.0,0.0,0.0,0.0,0.12169900866073803,0.0,0.0,0.0,0.0,0.0,0.0,0.0,0.017991453119314136,0.0,0.0,0.0,0.0,0.0,0.0,0.0,0.0,0.007790272573103062,0.1250267080600669,0.046811161566374514,0.00815678990688228,0.08477510330666567,0.0,0.0,0.0,0.0,0.0,0.0,0.0,0.0,0.0,0.0,0.0,0.0,0.0,0.0,0.0,0.0,0.0,0.0,0.0,0.0,0.0,0.0,0.0,0.0,0.0,0.0,0.0,0.0,0.0,0.0,0.0,0.0,0.0,0.0,0.0,0.0,0.035485289240625356,0.0,0.0,0.0,0.0,0.0,0.0,0.0,0.0,0.0,0.0,0.0,0.0,0.0,0.033622079051170525,0.016558905029972558,0.029904750517318956,0.02945999091325642,0.008408926100714498,0.0,0.0,0.03818442776234794,0.0,0.0,0.0,0.0,0.0,0.0,0.02532635308848477,0.0,0.0,0.039094391082388324,0.0686641262976418,0.065626272117844,0.0,0.0,0.030001123327430188,0.0,0.0,0.0,0.0,0.0,0.0,0.0,0.0,0.0,0.0,0.013947685417829024,0.0,0.0,0.0,0.0,0.0,OSD-38,Atha_WT-Col-0_sl_FLT_Rep1_G1S1
0.0,0.0,0.0,0.027521402639690808,0.0,0.0,0.0,0.0,0.0,0.0,0.0,0.0,0.04422452088668537,0.0,0.0,0.0,0.0,0.0,0.0,0.0,0.0,0.0,0.0,0.0,0.0,0.0,0.0,0.0026444568084900335,0.0,0.0,0.0,0.0,0.0,0.0,0.0,0.0,0.0,0.0,0.0,0.06352449987867784,0.0,0.0,0.0,0.0,0.0,0.0,0.0,0.0,0.0,0.0,0.0,0.0,0.0,0.03264202979872607,0.0,0.0,0.0,0.0,0.0,0.0,0.0,0.0,0.0,0.0,0.0,0.0,0.0,0.0,0.0,0.014002921101561991,0.0,0.0,0.07799655763708738,0.0,0.0,0.0,0.0,0.0,0.0,0.0,0.03273642376117805,0.0,0.0,0.0,0.0,0.0,0.0,0.0,0.0,0.013794341720050915,0.12091250509307037,0.047131438636046845,0.006845265204699203,0.08180246456211641,0.0,0.0,0.0,0.0,0.0,0.0,0.0,0.0,0.0,0.0,0.0,0.0,0.0,0.0,0.0,0.0,0.0,0.0,0.0,0.0,0.0,0.0,0.0,0.0,0.0,0.0,0.0,0.0,0.0,0.0,0.0,0.0,0.0,0.0,0.0,0.0,0.03760363610349546,0.0,0.0,0.0,0.0,0.0,0.0,0.0,0.0,0.0,0.0,0.0,0.0,0.0,0.03229605892460388,0.03091490916939701,0.04255573084715028,0.03248363680459703,0.008388696993559907,0.0,0.0,0.051404808668560606,0.0,0.0,0.0,0.0,0.0,0.0,0.02918820689824004,0.0,0.0,0.0408793534344679,0.020824406257355425,0.0614502670620356,0.0,0.0,0.02713403735797889,0.0,0.0,0.0,0.0,0.0,0.0,0.0,0.0,0.0,0.0,0.019097423750476673,0.0,0.0,0.0,0.0,0.0,OSD-38,Atha_WT-Col-0_sl_FLT_Rep2_G1S2
0.0,0.0,0.0,0.028229483903882344,0.0,0.0,0.0,0.0,0.0,0.0,0.0,0.0,0.04234987625715537,0.0,0.0,0.0,0.0,0.0,0.0,0.0,0.0,0.0,0.0,0.0,0.0,0.0,0.0,0.00022984849952072036,0.0,0.0,0.0,0.0,0.0,0.0,0.0,0.0,0.0,0.0,0.0,0.06823538513756652,0.0,0.0,0.0,0.0,0.0,0.0,0.0,0.004540878490509013,0.0,0.0,0.0,0.0,0.0,0.03234969180723067,0.0,0.0,0.0,0.0,0.0,0.0,0.0,0.0,0.0,0.0,0.0,0.0,0.0,0.0,0.0,0.010228777601824378,0.0,0.0,0.08447565974589998,0.0,0.0,0.0,0.0,0.0,0.0,0.0,0.026678358000750038,0.0,0.0,0.0,0.0,0.0,0.0,0.0,0.0,0.017992234800939866,0.12692630131214266,0.04969453819295186,0.0010155309894069008,0.07565510051202422,0.0,0.0,0.0,0.0,0.0,0.0,0.0,0.0,0.0,0.0,0.0,0.0,0.0,0.0,0.0,0.0,0.0,0.0,0.0,0.0,0.0,0.0,0.0,0.0,0.0,0.0,0.0,0.0,0.0,0.0,0.0,0.0,0.0,0.0,0.0,0.0,0.03512542775908992,0.0,0.0,0.0,0.0,0.0,0.0,0.0,0.0,0.0,0.0,0.0,0.0,0.0,0.026851442994401183,0.03546363249144317,0.04997392475501127,0.03304413957054653,0.005760030080377519,0.0,0.0014897225694610874,0.057618633097166326,0.0,0.0009454458679495027,0.0,0.0,0.0,0.0,0.026862607176422672,0.0,0.0,0.04504078218536016,0.012770393133197493,0.06015900447592029,0.0,0.0,0.022592330892087925,0.0,0.0,0.0,0.0,0.0,0.0,0.0,0.0,0.0,0.0,0.017700817699760563,0.0,0.0,0.0,0.0,0.0,OSD-38,Atha_WT-Col-0_sl_FLT_Rep3_G1S3
0.0,0.0,0.0,0.028748257397625588,0.0,0.0,0.0,0.0,0.0,0.0,0.0,0.0,0.04601783711442386,0.0,0.0,0.0,0.0,0.0,0.0,0.0,0.0,0.0,0.0,0.0,0.0,0.0,0.0,0.0,0.0,0.0,0.0,0.0,0.0,0.0,0.0,0.0,0.0,0.0,0.0,0.061747556092168525,0.0,0.0,0.0,0.0,0.0,0.0,0.0,0.0,0.0,0.0,0.0,0.0,0.0,0.01283392576954207,0.0,0.0,0.0,0.0,0.0,0.0,0.0,0.0,0.0,0.0,0.0,0.0,0.0,0.0,0.0,0.0,0.0,0.0,0.11885925802687436,0.0,0.0,0.0,0.0,0.0,0.0,0.0,0.0015558371266832032,0.0,0.0,0.0,0.0,0.0,0.0,0.0,0.0,0.02663728660952136,0.1201709555185608,0.053807573919292064,0.020131346577530306,0.07335702692748196,0.0,0.0,0.0,0.0,0.0,0.0,0.0,0.0,0.0,0.0,0.0,0.0,0.0,0.0,0.0,0.0,0.0,0.0,0.0,0.0,0.0,0.0,0.0,0.0,0.0,0.0,0.0,0.0,0.0,0.0,0.0,0.0,0.0,0.0,0.0,0.0,0.028650813144922866,0.0,0.0,0.0,0.0,0.0,0.0,0.0,0.0,0.0,0.0,0.0,0.0,0.0,0.02955161347305825,0.041156742666869965,0.052554588376108914,0.03645682536938008,0.0,0.0,0.004777734395291503,0.06375198705626366,0.0,0.0,0.0,0.0,0.0,0.0,0.02389593187007165,0.0,0.0,0.03943614907092997,0.028763389153464474,0.05044302783185883,0.0,0.0,0.014714415719887228,0.0,0.0,0.0,0.0,0.0,0.0,0.0,0.0,0.0,0.0,0.010680336231463293,0.0,0.0,0.0,0.0,0.011299584560725303,OSD-38,Atha_WT-Col-0_sl_GC_Rep1_G2S1
0.0,0.0,0.0,0.028125920585002174,0.0,0.0,0.0,0.0,0.0,0.0,0.0,0.0,0.04285382556312793,0.0,0.0,0.0,0.0,0.0,0.0,0.0,0.0,0.0,0.0,0.0,0.0,0.0,0.0,0.0,0.0,0.0,0.0,0.0,0.0,0.0,0.0,0.0,0.0,0.0,0.0,0.07079953071430836,0.0,0.0,0.0,0.0,0.0,0.0,0.0,0.0014955414646250964,0.0,0.0,0.0,0.0,0.0,0.027558784298668895,0.0,0.0,0.0,0.0,0.0,0.0,0.0,0.0,0.0,0.0,0.0,0.0,0.0,0.0,0.0,0.0,0.0,0.0,0.09923905835700504,0.0,0.0,0.0,0.0,0.0,0.0,0.0,0.009927134104320537,0.0,0.0,0.0,0.0,0.0,0.0,0.0,0.0,0.025240116200837458,0.12631354019272648,0.060751584115765395,0.0,0.07430683960581062,0.0,0.0,0.0,0.0,0.0,0.0,0.0,0.0,0.0,0.0,0.0,0.0,0.0,0.0,0.0,0.0,0.0,0.0,0.0,0.0,0.0,0.0,0.0,0.0,0.0,0.0,0.0,0.0,0.0,0.0,0.0,0.0,0.0,0.0,0.0,0.0,0.0318123610291464,0.0,0.0,0.0,0.0,0.0,0.0,0.0,0.0,0.0,0.0,0.0,0.0,0.0,0.029703973367230165,0.048246185179101064,0.050395735116918514,0.029659264250727693,0.0012153926703365528,0.0,0.00908279850468659,0.05795073829420832,0.0,0.003531315863763205,0.0,0.0,0.0,0.0,0.024790716877055884,0.0,0.0,0.04647176984678564,0.00333109990336662,0.057318143976757385,0.0,0.0,0.015173407979635787,0.0,0.0,0.0,0.0,0.0,0.0,0.0,0.0,0.0,0.0,0.012956957212666664,0.0,0.0,0.0,0.005255599785689484,0.006492664939725983,OSD-38,Atha_WT-Col-0_sl_GC_Rep2_G2S2
0.0,0.0,0.0,0.025368948283993664,0.0,0.0,0.0,0.0,0.0,0.0,0.0,0.0,0.04074312208549562,0.0,0.0,0.0,0.0,0.0,0.0,0.0,0.0,0.0,0.0,0.0,0.0,0.0,0.0,0.0,0.0,0.0,0.0,0.0,0.0,0.0,0.0,0.0,0.0,0.0,0.0,0.06385888114355524,0.0,0.0,0.0,0.0,0.0,0.0,0.0,0.0,0.0,0.0,0.0,0.0,0.0,0.02417448237809089,0.0,0.0,0.0,0.0,0.0,0.0,0.0,0.0,0.0,0.0,0.0,0.0,0.0,0.0,0.0,0.0,0.0,0.0,0.11464765096227321,0.0,0.0,0.0,0.0,0.0,0.0,0.0,0.003442298296866196,0.0,0.0,0.0,0.0,0.0,0.0,0.0,0.0,0.025359090020369606,0.12643884173227382,0.05827755568010646,0.00942743135647652,0.07625140544671574,0.0,0.0,0.0,0.0,0.0,0.0,0.0,0.0,0.0,0.0,0.0,0.0,0.0,0.0,0.0,0.0,0.0,0.0,0.0,0.0,0.0,0.0,0.0,0.0,0.0,0.0,0.0,0.0,0.0,0.0,0.0,0.0,0.0,0.0,0.0,0.0,0.033917217584014406,0.0,0.0,0.0,0.0,0.0,0.0,0.0,0.0,0.0,0.0,0.0,0.0,0.0,0.03394480093077602,0.0430096744957218,0.04119868499376606,0.03153196042529854,0.0030128805458914873,0.0,0.005948288948319956,0.04881268854030959,0.0,0.0,0.0,0.0,0.0,0.0,0.023908840360281104,0.0,0.0,0.0464066396393171,0.024301080480792932,0.057799924767957526,0.0,0.0,0.01639802004741895,0.0,0.0,0.0,0.0,0.0,0.0,0.0,0.0,0.0,0.0,0.011318800695243197,0.0,0.0,0.0,0.0,0.010500790158674299,OSD-38,Atha_WT-Col-0_sl_GC_Rep3_G2S3
0.0,0.0,0.0,0.02151111481383929,0.0,0.0,0.0,0.0,0.0,0.0,0.0,0.0,0.030090074059870638,0.0,0.0,0.0,0.0,0.0,0.0,0.0,0.0,0.0,0.0,0.0,0.0,0.0,0.0,0.0,0.0,0.0,0.0,0.0,0.0,0.0,0.0,0.0,0.0,0.0,0.0,0.09592853968511422,0.0,0.0,0.0,0.0,0.0,0.0,0.0,0.0,0.0,0.0,0.0,0.0,0.0,0.01435363980510223,0.0,0.0,0.0,0.0,0.0,0.0,0.0,0.0,0.0,0.0,0.0,0.0,0.0,0.0,0.0,0.0,0.0,0.0,0.11980811363266579,0.0,0.0,0.0,0.0,0.0,0.0,0.0,0.0017321470322571256,0.0,0.0,0.0,0.0,0.0,0.0,0.0,0.0,0.014988220190146347,0.1269718096202105,0.054665891569269376,0.0169004975551068,0.086106364021017,0.0,0.0,0.0,0.0,0.0,0.0,0.0,0.0,0.0,0.0,0.0,0.0,0.0,0.0,0.0,0.0,0.0,0.0,0.0,0.0,0.0,0.0,0.0,0.0,0.0,0.0,0.0,0.0,0.0,0.0,0.0,0.0,0.0,0.0,0.0,0.0,0.05039868756146761,0.0,0.0,0.0,0.0,0.0,0.0,0.0,0.0,0.0,0.0,0.0,0.0,0.0,0.037471506812458436,0.04827701284754147,0.02715990360908167,0.02624199883977718,0.0,0.0,0.006587746270780386,0.02920878361534576,0.0,0.000642541197276098,0.0,0.0,0.0,0.0,0.017484609019415894,0.0,0.0,0.05568030690765718,0.03607775062106548,0.04551949994822657,0.0,0.0,0.02024105588332043,0.0,0.0,0.0,0.0,0.0,0.0,0.0,0.0,0.0,0.0,0.0,0.0,0.0,0.0,0.01595218488198657,0.0,OSD-38,Atha_WT-Col-0_sl_LN2_Rep1_n2-1
0.0,0.0,0.0,0.02053279148236251,0.0,0.0,0.0,0.0,0.0,0.0,0.0,0.0,0.0336830868751209,0.0,0.0,0.0,0.0,0.0,0.0,0.0,0.0,0.0,0.0,0.0,0.0,0.0,0.0,0.0025298193726096523,0.0,0.0,0.0,0.0,0.0,0.0,0.0,0.0,0.0,0.0,0.0,0.06550863985986966,0.0,0.0,0.0,0.0,0.0,0.0,0.0,0.0,0.0,0.0,0.0,0.0,0.0,0.022177424587090676,0.0,0.0,0.0,0.0,0.0,0.0,0.0,0.0,0.0,0.0,0.0,0.0,0.0,0.0,0.0,0.0,0.0,0.0,0.10448546720028773,0.0,0.0,0.0,0.0,0.0,0.0,0.0,0.007888630591191326,0.0,0.0,0.0,0.0,0.0,0.0,0.0,0.0,0.02353791789673469,0.12789737925779862,0.07552189272919939,0.0,0.08139678544703616,0.0,0.0,0.0,0.0,0.0,0.0,0.0,0.0,0.0,0.0,0.0,0.0,0.0,0.0,0.0,0.0,0.0,0.0,0.0,0.0,0.0,0.0,0.0,0.0,0.0,0.0,0.0,0.0,0.0,0.0,0.0,0.0,0.0,0.0,0.0,0.0,0.044672346085274664,0.0,0.0,0.0,0.0,0.0,0.0,0.0,0.0,0.0,0.0,0.0,0.0,0.0,0.0376252946411553,0.06421070333103682,0.028438149353852044,0.02518085763211061,0.0,0.0,0.012330293893908287,0.02961643808819118,0.0,0.00027449970051605086,0.0,0.0,0.0,0.0,0.015793501054626343,0.0,0.0,0.05641325237141185,0.011038046417285705,0.05559968282209147,0.0,0.0,0.020635973720010643,0.0,0.0,0.0,0.0,0.0,0.0,0.0,0.0,0.0,0.0,0.0,0.0,0.0,0.0,0.03086703374649242,0.0021440918427354013,OSD-38,Atha_WT-Col-0_sl_LN2_Rep2_n2-2
0.0,0.0,0.0,0.020878748040250826,0.0,0.0,0.0,0.0,0.0,0.0,0.0,0.0,0.02950197404318165,0.0,0.0,0.0,0.0,0.0,0.0,0.0,0.0,0.0,0.0,0.0,0.0,0.0,0.0,0.005713215597823086,0.0,0.0,0.0,0.0,0.0,0.0,0.0,0.0,0.0,0.0,0.0,0.09457176258244081,0.0,0.0,0.0,0.0,0.0,0.0,0.0,0.0,0.0,0.0,0.0,0.0,0.0,0.016851754605407367,0.0,0.0,0.0,0.0,0.0,0.0,0.0,0.0,0.0,0.0,0.0,0.0,0.0,0.0,0.0,0.0,0.0,0.0,0.1037472543768949,0.0,0.0,0.0,0.0,0.0,0.0,0.0,0.008125316758443628,0.0,0.0,0.0,0.0,0.0,0.0,0.0,0.0,0.04519086579994815,0.11477352615751543,0.06213325463558445,0.0,0.08487120855218208,0.0,0.0,0.0,0.0,0.0,0.0,0.0,0.0,0.0,0.0,0.0,0.0,0.0,0.0,0.0,0.0,0.0,0.0,0.0,0.0,0.0,0.0,0.0,0.0,0.0,0.0,0.0,0.0,0.0,0.0,0.0,0.0,0.0,0.0,0.0,0.0,0.043817298952071745,0.0,0.0,0.0,0.0,0.0,0.0,0.0,0.0,0.0,0.0,0.0,0.0,0.0,0.036854598407351044,0.068100745871853,0.029784960517941838,0.02663008366129815,0.0,0.0,0.007844820943739266,0.030902862602795986,0.0,0.0,0.0,0.0,0.0,0.0,0.012609938044525901,0.0,0.0,0.05815532034848389,0.005795712172725283,0.05209283925131714,0.0,0.0,0.01617626062061369,0.0,0.0,0.0,0.0,0.0,0.0,0.0,0.0,0.0,0.0,0.0,0.0,0.0,0.0,0.024875677455610777,0.0,OSD-38,Atha_WT-Col-0_sl_LN2_Rep3_n2-3
0.0,0.0,0.0,0.02483807980975579,0.0,0.0,0.0,0.0,0.0,0.0,0.0,0.0,0.03859580703169604,0.0,0.0,0.0,0.0,0.0,0.0,0.0,0.0,0.0,0.0,0.0,0.0,0.0,0.0,0.0,0.0,0.0,0.0,0.0,0.0,0.0,0.0,0.0,0.0,0.0,0.0,0.05893501263936302,0.0,0.0,0.0,0.0,0.0,0.0,0.0,0.0,0.0,0.0,0.0,0.0,0.0,0.023229690661835282,0.0,0.0,0.0,0.0,0.0,0.0,0.0,0.0,0.0,0.0,0.0,0.0,0.0,0.0,0.0,0.0,0.0,0.0,0.10813342902486751,0.0,0.0,0.0,0.0,0.0,0.0,0.0,0.0,0.0,0.0,0.0,0.0,0.0,0.0,0.0,0.0,0.02093465051012292,0.12261334460296276,0.07110738031375737,0.015651909261832006,0.07222055144904924,0.0,0.0,0.0,0.0,0.0,0.0,0.0,0.0,0.0,0.0,0.0,0.0,0.0,0.0,0.0,0.0,0.0,0.0,0.0,0.0,0.0,0.0,0.0,0.0,0.0,0.0,0.0,0.0,0.0,0.0,0.0,0.0,0.0,0.0,0.0,0.0,0.028734506632902515,0.0,0.0,0.0,0.0,0.0,0.0,0.0,0.0,0.0,0.0,0.0,0.0,0.0,0.02344716347685438,0.04746387112816349,0.038367008789209386,0.030036697870257253,0.0015285428665585293,0.0,0.0017313310876486657,0.044365876413304424,0.0,0.007588410218309779,0.0,0.0,0.0,0.0,0.03208445368601868,0.0,0.0,0.03708345613365314,0.044588894112940945,0.056544176319621706,0.0,0.0,0.015495020744437142,0.0,0.0,0.0,0.0,0.0,0.0,0.0,0.0,0.0,0.0,0.013692234972157305,0.0,0.0,0.0,0.015580024024959517,0.005408476217761224,OSD-38,Atha_WT-Col-0_sl_RNAlat_Rep1_rl1
0.0,0.0,0.0,0.023481348935678444,0.0,0.0,0.0,0.0,0.0,0.0,0.0,0.0,0.029503062786709718,0.0,0.0,0.0,0.0,0.0,0.0,0.0,0.0,0.0,0.0,0.0,0.0,0.0,0.0,0.0,0.0,0.0,0.0,0.0,0.0,0.0,0.0,0.0,0.0,0.0,0.0,0.11365194810955465,0.0,0.0,0.0,0.0,0.0,0.0,0.0,0.0,0.0,0.0,0.0,0.0,0.0,0.0045975673771486685,0.0,0.0,0.0,0.0,0.0,0.0,0.0,0.0,0.0,0.0,0.0,0.0,0.0,0.0,0.0,0.0,0.0,0.0,0.1058392375244081,0.0,0.0,0.0,0.0,0.0,0.0,0.0,0.0,0.0,0.0,0.0,0.0,0.0,0.0,0.0,0.0,0.04888662735558072,0.10827705263495259,0.06037150471776687,0.026388935364023296,0.06938545681001716,0.0,0.0,0.0,0.0,0.0,0.0,0.0,0.0,0.0,0.0,0.0,0.0,0.0,0.0,0.0,0.0,0.0,0.0,0.0,0.0,0.0,0.0,0.0,0.0,0.0,0.0,0.0,0.0,0.0,0.0,0.0,0.0,0.0,0.0,0.0,0.0,0.03025161426902049,0.0,0.0,0.0,0.0,0.0,0.0,0.0,0.0,0.0,0.0,0.0,0.0,0.0,0.014559452860478581,0.07238403012975445,0.03976626511979865,0.031409203431931126,0.0,0.0,0.0,0.04533679466118755,0.0,0.0018679823746875694,0.0,0.0,0.0,0.0,0.030620621068054563,0.0,0.0,0.05263165333786793,0.008447452355521513,0.04488323072642595,0.0,0.0,0.010739921381439251,0.0,0.0,0.0,0.0,0.0,0.0,0.0,0.0,0.0,0.0,0.0007715882108864109,0.0,0.0,0.0,0.01086405739855202,0.0150833910585538,OSD-38,Atha_WT-Col-0_sl_RNAlat_Rep2_rl2
0.0,0.0,0.0,0.025521672535868678,0.0,0.0,0.0,0.0,0.0,0.0,0.0,0.0,0.03921716284018818,0.0,0.0,0.0,0.0,0.0,0.0,0.0,0.0,0.0,0.0,0.0,0.0,0.0,0.0,0.0,0.0,0.0,0.0,0.0,0.0,0.0,0.0,0.0,0.0,0.0,0.0,0.055886555802596605,0.0,0.0,0.0,0.0,0.0,0.0,0.0,0.0,0.0,0.0,0.0,0.0,0.0,0.01529033199497928,0.0,0.0,0.0,0.0,0.0,0.0,0.0,0.0,0.0,0.0,0.0,0.0,0.0,0.0,0.0,0.0,0.0,0.0,0.10934924721118143,0.0,0.0,0.0,0.0,0.0,0.0,0.0,0.0,0.0,0.0,0.0,0.0,0.0,0.0,0.0,0.0,0.007901467262412098,0.13061090295308966,0.07333183188886927,0.026939188240334398,0.07078244074359819,0.0,0.0,0.0,0.0,0.0,0.0,0.0,0.0,0.0,0.0,0.0,0.0,0.0,0.0,0.0,0.0,0.0,0.0,0.0,0.0,0.0,0.0,0.0,0.0,0.0,0.0,0.0,0.0,0.0,0.0,0.0,0.0,0.0,0.0,0.0,0.0,0.030870621213467148,0.0,0.0,0.0,0.0,0.0,0.0,0.0,0.0,0.0,0.0,0.0,0.0,0.0,0.02183801318522972,0.04776503942860507,0.04081797249931409,0.028552292838748442,0.00023063468241278528,0.0,0.005742274687697777,0.04170893739649461,0.0,0.007017112976207699,0.0,0.0,0.0,0.0,0.040130941298581475,0.0,0.0,0.04196022216859408,0.03597425690260916,0.0498161169039213,0.0,0.0,0.017379874135170014,0.0,0.0,0.0,0.0,0.0,0.0,0.0,0.0,0.0,0.0,0.0188655090839284,0.0,0.0,0.0,0.011162994701667657,0.005336384424232542,OSD-38,Atha_WT-Col-0_sl_RNAlat_Rep3_rl3
0.0,0.0,0.0,0.0275045045617206,0.0,0.0,0.0,0.0,0.0,0.0,0.0,0.0,0.060432804289794,0.0,0.0,0.0,0.07108140526780116,0.0,0.0,0.0,0.0,0.0,0.0,0.0,0.0,0.0,0.0,0.0,0.0,0.0,0.0,0.0,0.0,0.0,0.0,0.0,0.0,0.0,0.0,0.06573182769938533,0.0,0.0,0.0,0.0,0.0,0.0,0.0,0.033774838771006316,0.0,0.0,0.0,0.0,0.0,0.0037514702585000007,0.0,0.0,0.0,0.0,0.0,0.0,0.0,0.0,0.0,0.0,0.0,0.0,0.0,0.0,0.0,0.06582043700047062,0.0,0.0,0.0,0.0,0.0,0.0,0.0,0.0,0.033708407605188666,0.0,0.0,0.0,0.0,0.0,0.0,0.0,0.0,0.0,0.0,0.04331258989180592,0.04981942678533667,0.036415211482273196,0.0,0.05906933410413172,0.0,0.0,0.0,0.0,0.0,0.0,0.0,0.0,0.0,0.0,0.0,0.0,0.0,0.0,0.0,0.0,0.0,0.0,0.0,0.0,0.0,0.0,0.0,0.0,0.0,0.0,0.0,0.0,0.0,0.0,0.0,0.0,0.0,0.0,0.0,0.0,0.020565674630943106,0.0,0.0,0.0,0.0,0.0,0.0,0.0,0.0,0.0,0.0,0.0,0.0,0.0,0.02404249235028587,0.012936112611489171,0.026980749711876622,0.024758399569570204,0.009765299286894976,0.0,0.0,0.025278399336390405,0.0,0.028432396361731668,0.0,0.0,0.0,0.0,0.023717415852387215,0.0,0.0,0.0573725484507043,0.0,0.08427680133861082,0.011582884388807394,0.0,0.02540220481863336,0.0,0.0,0.0,0.0,0.0,0.0,0.0,0.0,0.0,0.0,0.0,0.0,0.0,0.0,0.0,0.07446636357426085,OSD-427,GSM3331071
0.0,0.0,0.0,0.027107453309911985,0.0,0.0,0.0,0.0,0.0,0.0,0.0,0.0,0.0538904998837112,0.0,0.0,0.0,0.04605634610295722,0.0,0.0,0.0,0.0,0.0,0.0,0.0,0.0,0.0,0.0,0.0,0.0,0.0,0.0,0.0,0.0,0.0,0.0,0.0,0.0,0.0,0.0,0.0767817341249087,0.0,0.0,0.0,0.0,0.0,0.0,0.0,0.07071218731175193,0.0,0.0,0.0,0.0,0.0,0.004951924493421928,0.0,0.0,0.0,0.0,0.0,0.0,0.0,0.0,0.0,0.0,0.0,0.0,0.0,0.0,0.0,0.060624151077275965,0.0,0.0,0.0,0.0,0.0,0.0,0.0,0.0,0.03830464468383968,0.0,0.0,0.0,0.0,0.0,0.0,0.0,0.0,0.0,0.0,0.05530632625098644,0.050131805436301025,0.028236736743004958,0.0,0.05506572650628366,0.0,0.0,0.0,0.0,0.0,0.0,0.0,0.0,0.0,0.0,0.0,0.0,0.0,0.0,0.0,0.0,0.0,0.0,0.0,0.0,0.0,0.0,0.0,0.0,0.0,0.0,0.0,0.0,0.0,0.0,0.0,0.0,0.0,0.0,0.0,0.0,0.018497064393820394,0.0,0.0,0.0,0.0,0.0,0.0,0.0,0.0,0.0,0.0,0.0,0.0,0.0,0.019154899908023257,0.014931765659891539,0.026461703336468856,0.021469165761663134,0.013081342079305336,0.0,0.0,0.02434637380212731,0.0,0.030296176765361078,0.0,0.0009937021033311032,0.0,0.0,0.02889832720614964,0.0,0.0,0.05318648066683007,0.0,0.07857927072398609,0.008202601386745362,0.0,0.02917876063107708,0.0,0.0,0.0,0.0,0.0,0.0,0.0,0.0,0.0,0.0,0.0,0.0,0.0,0.0,0.0,0.06555282965086508,OSD-427,GSM3331072
0.0,0.0,0.0,0.02725035866803107,0.0,0.0,0.0,0.0,0.0,0.0,0.0,0.0,0.05906416874646154,0.0,0.0,0.0,0.059956584987808974,0.0,0.0,0.0,0.0,0.0,0.0,0.0,0.0,0.0,0.0,0.0,0.0,0.0,0.0,0.0,0.0,0.0,0.0,0.0,0.0,0.0,0.0,0.065597543029746,0.0,0.0,0.0,0.0,0.0,0.0,0.0,0.05341326363162502,0.0,0.0,0.0,0.0,0.0,0.003835799867446674,0.0,0.0,0.0,0.0,0.0,0.0,0.0,0.0,0.0,0.0,0.0,0.0,0.0,0.0,0.0,0.06380003152064324,0.0,0.0,0.0,0.0,0.0,0.0,0.0,0.0,0.036921367735288486,0.0,0.0,0.0,0.0,0.0,0.0,0.0,0.0,0.0,0.0,0.04966217657592422,0.050118413455007144,0.035609854177362066,0.0,0.05771393385695594,0.0,0.0,0.0,0.0,0.0,0.0,0.0,0.0,0.0,0.0,0.0,0.0,0.0,0.0,0.0,0.0,0.0,0.0,0.0,0.0,0.0,0.0,0.0,0.0,0.0,0.0,0.0,0.0,0.0,0.0,0.0,0.0,0.0,0.0,0.0,0.0,0.01640561001109072,0.0,0.0,0.0,0.0,0.0,0.0,0.0,0.0,0.0,0.0,0.0,0.0,0.0,0.024336706131306538,0.018228257189482767,0.02518656237401814,0.02366865188092112,0.013972442577672751,0.0,0.0,0.024199799661430956,0.0,0.02984998518422957,0.0,0.0011918775430953125,0.0,0.0,0.023533997268766753,0.0,0.0,0.05213081933396126,0.0,0.08199765943886242,0.0080805074670431,0.0,0.0223056405248167,0.0,0.0,0.0,0.0,0.0,0.0,0.0,0.0,0.0,0.0,0.0,0.0,0.0,0.0,0.0,0.07196798716100151,OSD-427,GSM3331073
0.0,0.0,0.0,0.027002291031034187,0.0,0.0,0.0,0.0,0.0,0.0,0.0,0.0,0.05913358376209304,0.0,0.0,0.0,0.06403756783460067,0.0,0.0,0.0,0.0,0.0,0.0,0.0,0.0,0.0,0.0,0.0,0.0,0.0,0.0,0.0,0.0,0.0,0.0,0.0,0.0,0.0,0.0,0.06711613694044019,0.0,0.0,0.0,0.0,0.0,0.0,0.0,0.0432115123220734,0.0,0.0,0.0,0.0,0.0,0.006444571558617546,0.0,0.0,0.0,0.0,0.0,0.0,0.0,0.0,0.0,0.0,0.0,0.0,0.0,0.0,0.0,0.06412148499525312,0.0,0.0,0.0,0.0,0.0,0.0,0.0,0.0,0.03506237153838289,0.0,0.0,0.0,0.0,0.0,0.0,0.0,0.0,0.0,0.0,0.05420538502561727,0.04719584505399306,0.025729680986800955,0.0,0.060785620922984826,0.0,0.0,0.0,0.0,0.0,0.0,0.0,0.0,0.0,0.0,0.0,0.0,0.0,0.0,0.0,0.0,0.0,0.0,0.0,0.0,0.0,0.0,0.0,0.0,0.0,0.0,0.0,0.0,0.0,0.0,0.0,0.0,0.0,0.0,0.0,0.0,0.019518120339123708,0.0,0.0,0.0,0.0,0.0,0.0,0.0,0.0,0.0,0.0,0.0,0.0,0.0,0.026037508429394424,0.005238765491067053,0.026432678121461762,0.024356611461423264,0.013342540621415948,0.0,0.0,0.02565317052668792,0.0,0.033060081817619755,0.0,0.0027478259982787554,0.0,0.0,0.021344527522418184,0.0,0.0,0.051044556539782245,0.0,0.08255062207362783,0.011344823883489692,0.0,0.03097061594757435,0.0,0.0,0.0,0.0,0.0,0.0,0.0,0.0,0.0,0.0,0.0,0.0,0.0,0.0,0.0,0.07231149925474398,OSD-427,GSM3331074
0.0,0.0,0.0,0.026056153159832725,0.0,0.0,0.0,0.0,0.0,0.0,0.0,0.0,0.06123162505037235,0.0,0.0,0.0,0.0,0.0,0.0,0.0,0.0,0.0,0.0,0.0,0.0,0.0,0.0,0.0,0.0,0.0,0.0,0.0,0.0,0.0,0.0,0.0,0.0,0.0,0.0,0.02068127262168978,0.0,0.0,0.0,0.0,0.0,0.0,0.0,0.0,0.0,0.0,0.0,0.0,0.0,0.0,0.0,0.0,0.0,0.0,0.0,0.0,0.0,0.0,0.0,0.0,0.0,0.0,0.0,0.0,0.0,0.0,0.0,0.0,0.0,0.0,0.0,0.0,0.0,0.0,0.13230304680235627,0.0,0.0,0.0,0.0,0.0,0.0,0.0,0.0,0.0,0.0,0.009304870788827824,0.14581532249353799,0.12742630971765684,0.010538860969725266,0.05867942632551446,0.0,0.0,0.0,0.0,0.0,0.0,0.0,0.0,0.0,0.0,0.0,0.0,0.0,0.0,0.0,0.0,0.0,0.0,0.0,0.0,0.0,0.0,0.0,0.0,0.0,0.0,0.0,0.0,0.0,0.0,0.0,0.0,0.0,0.0,0.0,0.0,0.0001232825592168403,0.0,0.0,0.0,0.0,0.0,0.0,0.0,0.0,0.0,0.0,0.0,0.0,0.0,0.01841858599713917,0.09913803905868167,0.03494898870194151,0.0266151711248783,0.0,0.0,0.0,0.02288243700408996,0.0,0.0,0.0,0.0,0.0,0.0,0.0017583113541053755,0.0,0.0,0.06502489265056059,0.0,0.07695335938672959,0.0,0.0,0.0,0.0,0.0,0.0,0.0,0.0,0.0,0.0,0.0,0.0,0.0,0.0,0.0,0.0,0.0,0.021135421277166888,0.04096462295597665,OSD-427,GSM3331075
0.0,0.0,0.0,0.02637170112163399,0.0,0.0,0.0,0.0,0.0,0.0,0.0,0.0,0.05733159549140709,0.0,0.0,0.0,0.0,0.0,0.0,0.0,0.0,0.0,0.0,0.0,0.0,0.0,0.0,0.0,0.0,0.0,0.0,0.0,0.0,0.0,0.0,0.0,0.0,0.0,0.0,0.021931745634204258,0.0,0.0,0.0,0.0,0.0,0.0,0.0,0.0,0.0,0.0,0.0,0.0,0.0,0.0014226716171806368,0.0,0.0,0.0,0.0,0.0,0.0,0.0,0.0,0.0,0.0,0.0,0.0,0.0,0.0,0.0,0.0,0.0,0.0,0.0,0.0,0.0,0.0,0.0,0.0,0.13025787827901444,0.0,0.0,0.0,0.0,0.0,0.0,0.0,0.0,0.0,0.0,0.007779004379610011,0.14404451440029944,0.12878963607548222,0.010930112204652852,0.05991151588502412,0.0,0.0,0.0,0.0,0.0,0.0,0.0,0.0,0.0,0.0,0.0,0.0,0.0,0.0,0.0,0.0,0.0,0.0,0.0,0.0,0.0,0.0,0.0,0.0,0.0,0.0,0.0,0.0,0.0,0.0,0.0,0.0,0.0,0.0,0.0,0.0,2.6163725189319667e-05,0.0,0.0,0.0,0.0,0.0,0.0,0.0,0.0,0.0,0.0,0.0,0.0,0.0,0.021828666835074766,0.10067666465207376,0.0331789822135704,0.026528027381839694,0.0,0.0,0.0,0.02208123597417338,0.0,0.0,0.0,0.0,0.0,0.0,0.0008820246570317303,0.0,0.0,0.0634630603866423,0.0,0.07437053957046579,0.0,0.0,0.0,0.0,0.0,0.0,0.0,0.0,0.0,0.0,0.0,0.0,0.0,0.0,0.0,0.0,0.0,0.02236072177343232,0.045833537741997395,OSD-427,GSM3331076
0.0,0.0,0.0,0.024149805827681323,0.0,0.0,0.0,0.0,0.0,0.0,0.0,0.0,0.06089883905966913,0.0,0.0,0.0,0.0,0.0,0.0,0.0,0.0,0.0,0.0,0.0,0.0,0.0,0.0,0.0,0.0,0.0,0.0,0.0,0.0,0.0,0.0,0.0,0.0,0.0,0.0,0.01843393127810249,0.0,0.0,0.0,0.0,0.0,0.0,0.0,0.0,0.0,0.0,0.0,0.0,0.0,0.0018699341301861706,0.0,0.0,0.0,0.0,0.0,0.0,0.0,0.0,0.0,0.0,0.0,0.0,0.0,0.0,0.0,0.0,0.0,0.0,0.0,0.0,0.0,0.0,0.0,0.0,0.12855080135175254,0.0,0.0,0.0,0.0,0.0,0.0,0.0,0.0,0.0,0.0,0.00985503554610069,0.14352252212804678,0.12597145055250603,0.012663184074592194,0.057040191974351305,0.0,0.0,0.0,0.0,0.0,0.0,0.0,0.0,0.0,0.0,0.0,0.0,0.0,0.0,0.0,0.0,0.0,0.0,0.0,0.0,0.0,0.0,0.0,0.0,0.0,0.0,0.0,0.0,0.0,0.0,0.0,0.0,0.0,0.0,0.0,0.0,0.0005335260978814083,0.0,0.0,0.0,0.0,0.0,0.0,0.0,0.0,0.0,0.0,0.0,0.0,0.0,0.021567840544204325,0.098814652451879,0.035009330857743576,0.026404405739809962,0.0,0.0,0.0,0.023247495689439582,0.0,0.0,0.0,0.0,0.0,0.0,0.003558696694002774,0.0,0.0,0.06156784744041307,0.0,0.07453253602281877,0.0,0.0,0.0,0.0,0.0,0.0,0.0,0.0,0.0,0.0,0.0,0.0,0.0,0.0,0.0,0.0,0.0,0.021881367920936944,0.04992660461788191,OSD-427,GSM3331077
0.0,0.0,0.0,0.024965714521049513,0.0,0.0,0.0,0.0,0.0,0.0,0.0,0.0,0.060815464784018065,0.0,0.0,0.0,0.0,0.0,0.0,0.0,0.0,0.0,0.0,0.0,0.0,0.0,0.0,0.0,0.0,0.0,0.0,0.0,0.0,0.0,0.0,0.0,0.0,0.0,0.0,0.019831086469687672,0.0,0.0,0.0,0.0,0.0,0.0,0.0,0.0,0.0,0.0,0.0,0.0,0.0,0.0,0.0,0.0,0.0,0.0,0.0,0.0,0.0,0.0,0.0,0.0,0.0,0.0,0.0,0.0,0.0,0.0,0.0,0.0,0.0,0.0,0.0,0.0,0.0,0.0,0.13227670306800723,0.0,0.0,0.0,0.0,0.0,0.0,0.0,0.0,0.0,0.0,0.00389396447137003,0.14353668077318235,0.12883456100673224,0.01595094894970251,0.060090133914857194,0.0,0.0,0.0,0.0,0.0,0.0,0.0,0.0,0.0,0.0,0.0,0.0,0.0,0.0,0.0,0.0,0.0,0.0,0.0,0.0,0.0,0.0,0.0,0.0,0.0,0.0,0.0,0.0,0.0,0.0,0.0,0.0,0.0,0.0,0.0,0.0,0.0,0.0,0.0,0.0,0.0,0.0,0.0,0.0,0.0,0.0,0.0,0.0,0.0,0.0,0.020824330955040122,0.0989656211078033,0.034140397339367766,0.025493959446147647,0.0,0.0,0.0,0.02278190915819588,0.0,0.0,0.0,0.0,0.0,0.0,0.003562459661979115,0.0,0.0,0.06322867248809716,0.0,0.07624116021878966,0.0,0.0,0.0,0.0,0.0,0.0,0.0,0.0,0.0,0.0,0.0,0.0,0.0,0.0,0.0,0.0,0.0,0.019989836968227922,0.04457639469774469,OSD-427,GSM3331078
0.0,0.0,0.0,0.027081597684928967,0.0,0.0,0.0,0.0,0.0,0.0,0.0,0.0,0.06332843139616114,0.0,0.0,0.0,0.06968322181294155,0.0,0.0,0.0,0.0,0.0,0.0,0.0,0.0,0.0,0.0,0.0,0.0,0.0,0.0,0.0,0.0,0.0,0.0,0.0,0.0,0.0,0.0,0.05570739496617974,0.0,0.0,0.0,0.0,0.0,0.0,0.0,0.04742671763519887,0.0,0.0,0.0,0.0,0.0,0.004218674150005259,0.0,0.0,0.0,0.0,0.0,0.0,0.0,0.0,0.0,0.0,0.0,0.0,0.0,0.0,0.0,0.06621016619711292,0.0,0.0,0.0,0.0,0.0,0.0,0.0,0.0,0.03826309994606354,0.0,0.0,0.0,0.0,0.0,0.0,0.0,0.0,0.0,0.0,0.04749472462844738,0.05185972668946611,0.033246104184915304,0.0,0.05924632890397499,0.0,0.0,0.0,0.0,0.0,0.0,0.0,0.0,0.0,0.0,0.0,0.0,0.0,0.0,0.0,0.0,0.0,0.0,0.0,0.0,0.0,0.0,0.0,0.0,0.0,0.0,0.0,0.0,0.0,0.0,0.0,0.0,0.0,0.0,0.0,0.0,0.017756293438238615,0.0,0.0,0.0,0.0,0.0,0.0,0.0,0.0,0.0,0.0,0.0,0.0,0.0,0.022994087294279347,0.011812674398954595,0.028026719557259917,0.022889405499343447,0.009802463894442266,0.0,0.0,0.024844866836516037,0.0,0.02830772750654434,0.0,0.0026295350036095143,0.0,0.0,0.018826934922757034,0.0,0.0,0.053554613282442126,0.0,0.08616115106247921,0.009197776377415727,0.0,0.025973439350363586,0.0,0.0,0.0,0.0,0.0,0.0,0.0,0.0,0.0,0.0,0.0,0.0,0.0,0.0,0.0,0.0734561233799584,OSD-427,GSM3331079
0.0,0.0,0.0,0.027149613203595647,0.0,0.0,0.0,0.0,0.0,0.0,0.0,0.0,0.06231588985998068,0.0,0.0,0.0,0.06989334607904454,0.0,0.0,0.0,0.0,0.0,0.0,0.0,0.0,0.0,0.0,0.0,0.0,0.0,0.0,0.0,0.0,0.0,0.0,0.0,0.0,0.0,0.0,0.05484044208844166,0.0,0.0,0.0,0.0,0.0,0.0,0.0,0.042425147661464935,0.0,0.0,0.0,0.0,0.0,0.0063686372078705245,0.0,0.0,0.0,0.0,0.0,0.0,0.0,0.0,0.0,0.0,0.0,0.0,0.0,0.0,0.0,0.062302941753999905,0.0,0.0,0.0,0.0,0.0,0.0,0.0,0.0,0.04067998776591285,0.0,0.0,0.0,0.0,0.0,0.0,0.0,0.0,0.0,0.0,0.0425582379575118,0.04748319764011264,0.038171686899416385,0.0,0.05995559889830926,0.0,0.0,0.0,0.0,0.0,0.0,0.0,0.0,0.0,0.0,0.0,0.0,0.0,0.0,0.0,0.0,0.0,0.0,0.0,0.0,0.0,0.0,0.0,0.0,0.0,0.0,0.0,0.0,0.0,0.0,0.0,0.0,0.0,0.0,0.0,0.0,0.017638351178566124,0.0,0.0,0.0,0.0,0.0,0.0,0.0,0.0,0.0,0.0,0.0,0.0,0.0,0.02526503119209644,0.009063468594332845,0.028850336123574644,0.023361719447143547,0.010716091639847538,0.0,0.0,0.024788883111123317,0.0,0.023082035255645072,0.0,0.0005723080877203941,0.0,0.0,0.01994387742375605,0.0,0.0,0.05545186586328273,0.0,0.08945227424852664,0.011738844040604152,0.0,0.028444589401901067,0.0,0.0,0.0,0.0,0.0,0.0,0.0,0.0,0.0,0.0,0.0,0.0,0.0,0.0,0.0,0.07748559737621855,OSD-427,GSM3331080
0.0,0.0,0.0,0.026430874532671515,0.0,0.0,0.0,0.0,0.0,0.0,0.0,0.0,0.061763848678387356,0.0,0.0,0.0,0.07148969656132623,0.0,0.0,0.0,0.0,0.0,0.0,0.0,0.0,0.0,0.0,0.0,0.0,0.0,0.0,0.0,0.0,0.0,0.0,0.0,0.0,0.0,0.0,0.05692205975918936,0.0,0.0,0.0,0.0,0.0,0.0,0.0,0.053816646998493735,0.0,0.0,0.0,0.0,0.0,0.001284167455574742,0.0,0.0,0.0,0.0,0.0,0.0,0.0,0.0,0.0,0.0,0.0,0.0,0.0,0.0,0.0,0.06882929224967457,0.0,0.0,0.0,0.0,0.0,0.0,0.0,0.0,0.037145257269047084,0.0,0.0,0.0,0.0,0.0,0.0,0.0,0.0,0.0,0.0,0.05601771806128401,0.04477275711377743,0.023561450299139988,0.0,0.06103587229496381,0.0,0.0,0.0,0.0,0.0,0.0,0.0,0.0,0.0,0.0,0.0,0.0,0.0,0.0,0.0,0.0,0.0,0.0,0.0,0.0,0.0,0.0,0.0,0.0,0.0,0.0,0.0,0.0,0.0,0.0,0.0,0.0,0.0,0.0,0.0,0.0,0.018123313084174367,0.0,0.0,0.0,0.0,0.0,0.0,0.0,0.0,0.0,0.0,0.0,0.0,0.0,0.020161010740554566,0.0,0.028754484250536443,0.023034334128906743,0.013854549905632273,0.0,0.0,0.027297509069210715,0.0,0.02516800759993603,0.0,0.003070165243946547,0.0,0.0,0.01969372688978198,0.0,0.0,0.05353801593196516,0.0,0.09164877969804384,0.010241156636540164,0.0,0.027552109009659206,0.0,0.0,0.0,0.0,0.0,0.0,0.0,0.0,0.0,0.0,0.0,0.0,0.0,0.0,0.0,0.0747931965375821,OSD-427,GSM3331081
0.0,0.0,0.0,0.02331453771722637,0.0,0.0,0.0,0.0,0.0,0.0,0.0,0.0,0.05498922241002892,0.0,0.0,0.0,0.05938415286693737,0.0,0.0,0.0,0.0,0.0,0.0,0.0,0.0,0.0,0.0,0.0,0.0,0.0,0.0,0.0,0.0,0.0,0.0,0.0,0.0,0.0,0.0,0.06943773996363663,0.0,0.0,0.0,0.0,0.0,0.0,0.0,0.04258777234145959,0.0,0.0,0.0,0.0,0.0,0.0041816674150027995,0.0,0.0,0.0,0.0,0.0,0.0,0.0,0.0,0.0,0.0,0.0,0.0,0.0,0.0,0.0,0.0670738140598861,0.0,0.0,0.021173949601590365,0.0,0.0,0.0,0.0,0.0,0.015793715208160707,0.0,0.0,0.0,0.0,0.0,0.0,0.0,0.0,0.0,0.0,0.045573394941763136,0.04748758841062219,0.02735080584475408,0.0,0.06290927360616669,0.0,0.0,0.0,0.0,0.0,0.0,0.0,0.0,0.0,0.0,0.0,0.0,0.0,0.0,0.0,0.0,0.0,0.0,0.0,0.0,0.0,0.0,0.0,0.0,0.0,0.0,0.0,0.0,0.0,0.0,0.0,0.0,0.0,0.0,0.0,0.0,0.028790480925372428,0.0,0.0,0.0,0.0,0.0,0.0,0.0,0.0,0.0,0.0,0.0,0.0,0.0,0.0264635056293647,0.01679896392523023,0.02905587523587031,0.01996340830549277,0.010877422177355843,0.0,0.0,0.027754418518726426,0.0,0.033016080184030266,0.0,0.0016246058584580758,0.0,0.0,0.018241908512728985,0.0,0.0,0.05449984468473024,0.008402796179906583,0.08685702466610681,0.007071746342352633,0.0,0.03035703441198469,0.0,0.0,0.0,0.0,0.0,0.0,0.0,0.0,0.0,0.0,0.0,0.0,0.0,0.0,0.0,0.058967250055053974,OSD-427,GSM3331082
0.0,0.0,0.0,0.024991824756980825,0.0,0.0,0.0,0.0,0.0,0.0,0.0,0.0,0.06205838443230526,0.0,0.0,0.0,0.0,0.0,0.0,0.0,0.0,0.0,0.0,0.0,0.0,0.0,0.0,0.0,0.0,0.0,0.0,0.0,0.0,0.0,0.0,0.0,0.0,0.0,0.0,0.016165660898979,0.0,0.0,0.0,0.0,0.0,0.0,0.0,0.0,0.0,0.0,0.0,0.0,0.0,0.00024256546745701508,0.0,0.0,0.0,0.0,0.0,0.0,0.0,0.0,0.0,0.0,0.0,0.0,0.0,0.0,0.0,0.0,0.0,0.0,0.0,0.0,0.0,0.0,0.0,0.0,0.1360449973391956,0.0,0.0,0.0,0.0,0.0,0.0,0.0,0.0,0.0,0.0,0.008024957662945767,0.1449428489747486,0.1304486592291074,0.002440305908340404,0.06328660529298213,0.0,0.0,0.0,0.0,0.0,0.0,0.0,0.0,0.0,0.0,0.0,0.0,0.0,0.0,0.0,0.0,0.0,0.0,0.0,0.0,0.0,0.0,0.0,0.0,0.0,0.0,0.0,0.0,0.0,0.0,0.0,0.0,0.0,0.0,0.0,0.0,0.0,0.0,0.0,0.0,0.0,0.0,0.0,0.0,0.0,0.0,0.0,0.0,0.0,0.0,0.0207476402369633,0.10430242048460264,0.03399572786447938,0.0251939826960666,0.0,0.0,0.0,0.021390309382528998,0.0,0.0,0.0,0.0,0.0,0.0,0.0,0.0,0.0,0.06140313427258803,0.0,0.07774283391849765,0.0,0.0,0.0,0.0,0.0,0.0,0.0,0.0,0.0,0.0,0.0,0.0,0.0,0.0,0.0,0.0,0.0,0.02094198536399888,0.04563515581723255,OSD-427,GSM3331083
0.0,0.0,0.0,0.026116031815490603,0.0,0.0,0.0,0.0,0.0,0.0,0.0,0.0,0.061253755732830456,0.0,0.0,0.0,0.0,0.0,0.0,0.0,0.0,0.0,0.0,0.0,0.0,0.0,0.0,0.0,0.0,0.0,0.0,0.0,0.0,0.0,0.0,0.0,0.0,0.0,0.0,0.01884045439698353,0.0,0.0,0.0,0.0,0.0,0.0,0.0,0.0,0.0,0.0,0.0,0.0,0.0,0.0,0.0,0.0,0.0,0.0,0.0,0.0,0.0,0.0,0.0,0.0,0.0,0.0,0.0,0.0,0.0,0.0,0.0,0.0,0.0,0.0,0.0,0.0,0.0,0.0,0.1328281346513694,0.0,0.0,0.0,0.0,0.0,0.0,0.0,0.0,0.0,0.0,0.009147493335772706,0.1477113192234953,0.12979890674066852,0.0007337801305360446,0.0627886002865476,0.0,0.0,0.0,0.0,0.0,0.0,0.0,0.0,0.0,0.0,0.0,0.0,0.0,0.0,0.0,0.0,0.0,0.0,0.0,0.0,0.0,0.0,0.0,0.0,0.0,0.0,0.0,0.0,0.0,0.0,0.0,0.0,0.0,0.0,0.0,0.0,0.0,0.0,0.0,0.0,0.0,0.0,0.0,0.0,0.0,0.0,0.0,0.0,0.0,0.0,0.01924937065414181,0.10521410094633138,0.034979862879051506,0.025053832268574484,0.0,0.0,0.0,0.022735506378222275,0.0,0.0,0.0,0.0,0.0,0.0,0.0,0.0,0.0,0.06251743359636386,0.0,0.0767199385221256,0.0,0.0,0.0,0.0,0.0,0.0,0.0,0.0,0.0,0.0,0.0,0.0,0.0,0.0,0.0,0.0,0.0,0.022364061262220042,0.04194741717927493,OSD-427,GSM3331084
0.0,0.0,0.0,0.02521637556024363,0.0,0.0,0.0,0.0,0.0,0.0,0.0,0.0,0.059080381663793376,0.0,0.0,0.0,0.0,0.0,0.0,0.0,0.0,0.0,0.0,0.0,0.0,0.0,0.0,0.0,0.0,0.0,0.0,0.0,0.0,0.0,0.0,0.0,0.0,0.0,0.0,0.021249528439944335,0.0,0.0,0.0,0.0,0.0,0.0,0.0,0.0,0.0,0.0,0.0,0.0,0.0,0.004184197063374357,0.0,0.0,0.0,0.0,0.0,0.0,0.0,0.0,0.0,0.0,0.0,0.0,0.0,0.0,0.0,0.0,0.0,0.0,0.0,0.0,0.0,0.0,0.0,0.0,0.12775292964474386,0.0,0.0,0.0,0.0,0.0,0.0,0.0,0.0,0.0,0.0,0.012318893420943692,0.14492715914015789,0.12760086636848447,0.002861126684300112,0.060898592937326454,0.0,0.0,0.0,0.0,0.0,0.0,0.0,0.0,0.0,0.0,0.0,0.0,0.0,0.0,0.0,0.0,0.0,0.0,0.0,0.0,0.0,0.0,0.0,0.0,0.0,0.0,0.0,0.0,0.0,0.0,0.0,0.0,0.0,0.0,0.0,0.0,0.0,0.0,0.0,0.0,0.0,0.0,0.0,0.0,0.0,0.0,0.0,0.0,0.0,0.0,0.019690851994975576,0.10517169859751815,0.03308544632497603,0.025436099646067724,0.0,0.0,0.0,0.022786190107902386,0.0,0.0,0.0,0.0,0.0,0.0,0.0,0.0,0.0,0.05944444524366513,0.0,0.0761711674292478,0.0,0.0,0.0,0.0,0.0,0.0,0.0,0.0,0.0,0.0,0.0,0.0,0.0,0.0,0.0,0.0,0.0,0.02769821490730495,0.04442583482503004,OSD-427,GSM3331085
0.0,0.0,0.0,0.024472228413174868,0.0,0.0,0.0,0.0,0.0,0.0,0.0,0.0,0.05438802533391169,0.0,0.0,0.0,0.0,0.0,0.0,0.0,0.0,0.0,0.0,0.0,0.0,0.0,0.0,0.0,0.0,0.0,0.0,0.0,0.0,0.0,0.0,0.0,0.0,0.0,0.0,0.042733805400773435,0.0,0.0,0.0,0.0,0.0,0.0,0.0,0.0,0.0,0.0,0.0,0.0,0.0,0.0,0.0,0.0,0.0,0.0,0.0,0.0,0.0,0.0,0.0,0.0,0.0,0.0,0.0,0.0,0.0,0.0,0.0,0.0,0.0,0.0,0.0,0.0,0.0,0.0,0.13014159097084207,0.0,0.0,0.0,0.0,0.0,0.0,0.0,0.0,0.0,0.0,0.0363107986183748,0.14425959029683919,0.11106567334470853,0.0051549220118748025,0.057041253989479845,0.0,0.0,0.0,0.0,0.0,0.0,0.0,0.0,0.0,0.0,0.0,0.0,0.0,0.0,0.0,0.0,0.0,0.0,0.0,0.0,0.0,0.0,0.0,0.0,0.0,0.0,0.0,0.0,0.0,0.0,0.0,0.0,0.0,0.0,0.0,0.0,0.0037369368989672454,0.0,0.0,0.0,0.0,0.0,0.0,0.0,0.0,0.0,0.0,0.0,0.0,0.0,0.01805839062325537,0.10449446271180643,0.03285992136896888,0.023956492458978695,0.0,0.0,0.0,0.021079592281582397,0.0,0.0,0.0,0.0,0.0,0.0,0.00034043005868306374,0.0,0.0,0.06385545720394978,0.0,0.07208930923286391,0.0,0.0,0.0,0.0,0.0,0.0,0.0,0.0,0.0,0.0,0.0,0.0,0.0,0.0,0.0,0.0,0.0,0.01998280241815729,0.033978316362807744,OSD-427,GSM3331086
0.0,0.0,0.0,0.027446827279451344,0.0,0.0,0.0,0.0,0.0,0.0,0.0,0.0,0.05196936608787034,0.0,0.0,0.0,0.041851369084961794,0.0,0.0,0.0,0.0,0.0,0.0,0.0,0.0,0.0,0.0,0.0,0.0,0.0,0.0,0.0,0.0,0.0,0.0,0.0,0.0,0.0,0.0,0.08217618595663084,0.0,0.0,0.0,0.0,0.0,0.0,0.0,0.0487402360820888,0.0,0.0,0.0,0.0,0.0,0.00561553075495431,0.0,0.0,0.0,0.0,0.0,0.0,0.0,0.0,0.0,0.0,0.0,0.0,0.0,0.0,0.0,0.05471635666994209,0.0,0.0,0.0,0.0,0.0,0.0,0.0,0.0,0.04362279184457292,0.0,0.0,0.0,0.0,0.0,0.0,0.0,0.0,0.0,0.0,0.049736009596839735,0.05153796948550146,0.04911071705070205,0.0,0.05049958429826127,0.0,0.0,0.0,0.0,0.0,0.0,0.0,0.0,0.0,0.0,0.0,0.0,0.0,0.0,0.0,0.0,0.0,0.0,0.0,0.0,0.0,0.0,0.0,0.0,0.0,0.0,0.0,0.0,0.0,0.0,0.0,0.0,0.0,0.0,0.0,0.0,0.021612328787769787,0.0,0.0,0.0,0.0,0.0,0.0,0.0,0.0,0.0,0.0,0.0,0.0,0.0,0.016476406567412005,0.025382051437667,0.02518678845629583,0.021544190290195397,0.010028312016989956,0.0,0.0,0.025520590190456854,0.0,0.024598362320765857,0.0,0.00469621530847475,0.0,0.0,0.03229291773247257,0.0,0.0,0.05016224329160227,0.0,0.0799719446361499,0.005313836432255128,0.0,0.02702074440237057,0.0,0.0,0.0,0.0,0.0,0.0,0.0,0.0,0.0,0.0,0.0051954490738423415,0.0,0.0,0.0,0.0,0.0679746748635028,OSD-427,GSM3331087
0.0,0.0,0.0,0.027937165541969983,0.0,0.0,0.0,0.0,0.0,0.0,0.0,0.0,0.05324073596291742,0.0,0.0,0.0,0.04529718670445559,0.0,0.0,0.0,0.0,0.0,0.0,0.0,0.0,0.0,0.0,0.0,0.0,0.0,0.0,0.0,0.0,0.0,0.0,0.0,0.0,0.0,0.0,0.07456605501482759,0.0,0.0,0.0,0.0,0.0,0.0,0.0,0.044461859349217196,0.0,0.0,0.0,0.0,0.0,0.00642341803741605,0.0,0.0,0.0,0.0,0.0,0.0,0.0,0.0,0.0,0.0,0.0,0.0,0.0,0.0,0.0,0.04757183824312257,0.0,0.0,0.0,0.0,0.0,0.0,0.0,0.0,0.055105760754834025,0.0,0.0,0.0,0.0,0.0,0.0,0.0,0.0,0.0,0.0,0.04077942573849791,0.059424598366505675,0.044332102758056914,0.0,0.05739357351101693,0.0,0.0,0.0,0.0,0.0,0.0,0.0,0.0,0.0,0.0,0.0,0.0,0.0,0.0,0.0,0.0,0.0,0.0,0.0,0.0,0.0,0.0,0.0,0.0,0.0,0.0,0.0,0.0,0.0,0.0,0.0,0.0,0.0,0.0,0.0,0.0,0.015273227440753481,0.0,0.0,0.0,0.0,0.0,0.0,0.0,0.0,0.0,0.0,0.0,0.0,0.0,0.017615632716274136,0.02131305616297827,0.025953416609638544,0.0205850567338716,0.010963838492095333,0.0,0.0,0.026909004444893147,0.0,0.025757041173973996,0.0,0.00509587186712762,0.0,0.0,0.02544087764952829,0.0,0.0,0.04993769483374832,0.0,0.08746385271891786,0.008054065083877638,0.0,0.02836001791186668,0.0,0.0,0.0,0.0,0.0,0.0,0.0,0.0,0.0,0.0,0.005948586848577102,0.0,0.0,0.0,0.0,0.06879503932904026,OSD-427,GSM3331088
0.0,0.0,0.0,0.02722799430566301,0.0,0.0,0.0,0.0,0.0,0.0,0.0,0.0,0.0534766936710753,0.0,0.0,0.0,0.04607277098514938,0.0,0.0,0.0,0.0,0.0,0.0,0.0,0.0,0.0,0.0,0.0,0.0,0.0,0.0,0.0,0.0,0.0,0.0,0.0,0.0,0.0,0.0,0.07447361269930829,0.0,0.0,0.0,0.0,0.0,0.0,0.0,0.03467578049550516,0.0,0.0,0.0,0.0,0.0,0.01155382640896378,0.0,0.0,0.0,0.0,0.0,0.0,0.0,0.0,0.0,0.0,0.0,0.0,0.0,0.0,0.0,0.04590300887428195,0.0,0.0,0.0,0.0,0.0,0.0,0.0,0.0,0.05724475204425624,0.0,0.0,0.0,0.0,0.0,0.0,0.0,0.0,0.0,0.0,0.04154568027081657,0.05083041994623446,0.054493306492825425,0.0,0.056966090585524154,0.0,0.0,0.0,0.0,0.0,0.0,0.0,0.0,0.0,0.0,0.0,0.0,0.0,0.0,0.0,0.0,0.0,0.0,0.0,0.0,0.0,0.0,0.0,0.0,0.0,0.0,0.0,0.0,0.0,0.0,0.0,0.0,0.0,0.0,0.0,0.0,0.017492590541203067,0.0,0.0,0.0,0.0,0.0,0.0,0.0,0.0,0.0,0.0,0.0,0.0,0.0,0.019443694740795492,0.03151322676630797,0.025953432253620026,0.02264427968974455,0.009080170162357487,0.0,0.0,0.022914152116995882,0.0,0.025592909671823753,0.0,0.003980375091645789,0.0,0.0,0.031506093915212335,0.0,0.0,0.05466875361526322,0.0,0.08244058886414435,0.005793564004787844,0.0,0.026065916203099296,0.0,0.0,0.0,0.0,0.0,0.0,0.0,0.0,0.0,0.0,0.0,0.0,0.0,0.0,0.0,0.06644631558339532,OSD-427,GSM3331089
0.0,0.0,0.0,0.02665708312078578,0.0,0.0,0.0,0.0,0.0,0.0,0.0,0.0,0.04784465119957248,0.0,0.0,0.0,0.03408017943554049,0.0,0.0,0.0,0.0,0.0,0.0,0.0,0.0,0.0,0.0,0.0,0.0,0.0,0.0,0.0,0.0,0.0,0.0,0.0,0.0,0.0,0.0,0.08901730222753614,0.0,0.0,0.0,0.0,0.0,0.0,0.0,0.050178730489117855,0.0,0.0,0.0,0.0,0.0,0.01212226337490866,0.0,0.0,0.0,0.0,0.0,0.0,0.0,0.0,0.0,0.0,0.0,0.0,0.0,0.0,0.0,0.05171247047539714,0.0,0.0,0.0,0.0,0.0,0.0,0.0,0.0,0.04777373314440868,0.0,0.0,0.0,0.0,0.0,0.0,0.0,0.0,0.0,0.0,0.054637230705270295,0.044514227393413985,0.04504158333202095,0.0,0.05316263429566309,0.0,0.0,0.0,0.0,0.0,0.0,0.0,0.0,0.0,0.0,0.0,0.0,0.0,0.0,0.0,0.0,0.0,0.0,0.0,0.0,0.0,0.0,0.0,0.0,0.0,0.0,0.0,0.0,0.0,0.0,0.0,0.0,0.0,0.0,0.0,0.0,0.027870922096180018,0.0,0.0,0.0,0.0,0.0,0.0,0.0,0.0,0.0,0.0,0.0,0.0,0.0,0.016068113006430913,0.016700996577186492,0.024117363114327064,0.023212994969840597,0.00964310302553794,0.0,0.0,0.024128284549478393,0.0,0.02698662481962039,0.0,0.0040267919849898415,0.0,0.0,0.03338734803935887,0.002785995154743936,0.0,0.05440271276225346,0.0,0.08107864073736969,0.006538406579112943,0.0,0.030995481973742953,0.0,0.0,0.0,0.0,0.0,0.0,0.0,0.0,0.0,0.0,0.0,0.0,0.0,0.0,0.0,0.0613141314161908,OSD-427,GSM3331090
0.0,0.0,0.0,0.024905672203448772,0.0,0.0,0.0,0.0,0.0,0.0,0.0,0.0,0.056899269891376655,0.0,0.0,0.0,0.0,0.0,0.0,0.0,0.0,0.0,0.0,0.0,0.0,0.0,0.0,0.0,0.0,0.0,0.0,0.0,0.0,0.0,0.0,0.0,0.0,0.0,0.0,0.0347141775051505,0.0,0.0,0.0,0.0,0.0,0.0,0.0,0.0,0.0,0.0,0.0,0.0,0.0,0.0,0.0,0.0,0.0,0.0,0.0,0.0,0.0,0.0,0.0,0.0,0.0,0.0,0.0,0.0,0.0,0.0,0.0,0.0,0.0,0.0,0.0,0.0,0.0,0.0,0.13033808297588073,0.0,0.0,0.0,0.0,0.0,0.0,0.0,0.0,0.0,0.0,0.017783003687898435,0.13444383907238658,0.12946622506969177,0.0015835008949847565,0.05459981750987915,0.0,0.0,0.0,0.0,0.0,0.0,0.0,0.0,0.0,0.0,0.0,0.0,0.0,0.0,0.0,0.0,0.0,0.0,0.0,0.0,0.0,0.0,0.0,0.0,0.0,0.0,0.0,0.0,0.0,0.0,0.0,0.0,0.0,0.0,0.0,0.0,0.009207130181957943,0.0,0.0,0.0,0.0,0.0,0.0,0.0,0.0,0.0,0.0,0.0,0.0,0.0,0.01640066246397252,0.10263965938498532,0.035970832644778225,0.024621620686430597,0.0,0.0,0.0,0.018574768860768073,0.0,0.0,0.0,0.0,0.0,0.0,0.0017507745352929596,0.0,0.0,0.06605696213458176,0.0,0.0800144289569425,0.0,0.0,0.0,0.0,0.0,0.0,0.0,0.0,0.0,0.0,0.0,0.0,0.0,0.0,0.0,0.0,0.0,0.011265174838542726,0.04876439650105,OSD-427,GSM3331091
0.0,0.0,0.0,0.026753717702346188,0.0,0.0,0.0,0.0,0.0,0.0,0.0,0.0,0.057442404418349725,0.0,0.0,0.0,0.0,0.0,0.0,0.0,0.0,0.0,0.0,0.0,0.0,0.0,0.0,0.0,0.0,0.0,0.0,0.0,0.0,0.0,0.0,0.0,0.0,0.0,0.0,0.03358303511271604,0.0,0.0,0.0,0.0,0.0,0.0,0.0,0.0,0.0,0.0,0.0,0.0,0.0,0.0,0.0,0.0,0.0,0.0,0.0,0.0,0.0,0.0,0.0,0.0,0.0,0.0,0.0,0.0,0.0,0.0,0.0,0.0,0.0,0.0,0.0,0.0,0.0,0.0,0.13295394077647807,0.0,0.0,0.0,0.0,0.0,0.0,0.0,0.0,0.0,0.0,0.022076469912159436,0.13683720474713842,0.12813219427987171,0.0,0.052590599600068975,0.0,0.0,0.0,0.0,0.0,0.0,0.0,0.0,0.0,0.0,0.0,0.0,0.0,0.0,0.0,0.0,0.0,0.0,0.0,0.0,0.0,0.0,0.0,0.0,0.0,0.0,0.0,0.0,0.0,0.0,0.0,0.0,0.0,0.0,0.0,0.0,0.008810751217270676,0.0,0.0,0.0,0.0,0.0,0.0,0.0,0.0,0.0,0.0,0.0,0.0,0.0,0.012186238513821978,0.10106264602994587,0.03480991235555702,0.024984369344519367,0.0,0.0,0.0,0.0196059175837884,0.0,0.0,0.0,0.0,0.0,0.0,0.0,0.0,0.0,0.06499113441841348,0.0,0.08296188934371314,0.0,0.0,0.0,0.0,0.0,0.0,0.0,0.0,0.0,0.0,0.0,0.0,0.0,0.0,0.0,0.0,0.0,0.015799382635449544,0.04441819200839194,OSD-427,GSM3331092
0.0,0.0,0.0,0.025175539757566437,0.0,0.0,0.0,0.0,0.0,0.0,0.0,0.0,0.056573517416453466,0.0,0.0,0.0,0.0,0.0,0.0,0.0,0.0,0.0,0.0,0.0,0.0,0.0,0.0,0.0,0.0,0.0,0.0,0.0,0.0,0.0,0.0,0.0,0.0,0.0,0.0,0.033599396127068984,0.0,0.0,0.0,0.0,0.0,0.0,0.0,0.0,0.0,0.0,0.0,0.0,0.0,0.0,0.0,0.0,0.0,0.0,0.0,0.0,0.0,0.0,0.0,0.0,0.0,0.0,0.0,0.0,0.0,0.0,0.0,0.0,0.0,0.0,0.0,0.0,0.0,0.0,0.13379198921648006,0.0,0.0,0.0,0.0,0.0,0.0,0.0,0.0,0.0,0.0,0.02455388334372312,0.13633203973748131,0.12816994112126479,0.005732860488138513,0.0513912868714993,0.0,0.0,0.0,0.0,0.0,0.0,0.0,0.0,0.0,0.0,0.0,0.0,0.0,0.0,0.0,0.0,0.0,0.0,0.0,0.0,0.0,0.0,0.0,0.0,0.0,0.0,0.0,0.0,0.0,0.0,0.0,0.0,0.0,0.0,0.0,0.0,0.005954993934579671,0.0,0.0,0.0,0.0,0.0,0.0,0.0,0.0,0.0,0.0,0.0,0.0,0.0,0.01415117470308016,0.10211671779633778,0.03482034285065318,0.02398247080159484,0.0,0.0,0.0,0.01929558889414326,0.0,0.0,0.0,0.0,0.0,0.0,0.0,0.0,0.0,0.06519508770726376,0.0,0.08071756330539111,0.0,0.0,0.0,0.0,0.0,0.0,0.0,0.0,0.0,0.0,0.0,0.0,0.0,0.0,0.0,0.0,0.0,0.00839528817264546,0.050050317754634664,OSD-427,GSM3331093
0.0,0.0,0.0,0.025785284965809445,0.0,0.0,0.0,0.0,0.0,0.0,0.0,0.0,0.056242580338805706,0.0,0.0,0.0,0.0,0.0,0.0,0.0,0.0,0.0,0.0,0.0,0.0,0.0,0.0,0.0,0.0,0.0,0.0,0.0,0.0,0.0,0.0,0.0,0.0,0.0,0.0,0.04116658038686241,0.0,0.0,0.0,0.0,0.0,0.0,0.0,0.0,0.0,0.0,0.0,0.0,0.0,0.0,0.0,0.0,0.0,0.0,0.0,0.0,0.0,0.0,0.0,0.0,0.0,0.0,0.0,0.0,0.0,0.0,0.0,0.0,0.0,0.0,0.0,0.0,0.0,0.0,0.13020131556389342,0.0,0.0,0.0,0.0,0.0,0.0,0.0,0.0,0.0,0.0,0.021757389290885387,0.13084577952041715,0.12747345612746538,0.0,0.053195063567810626,0.0,0.0,0.0,0.0,0.0,0.0,0.0,0.0,0.0,0.0,0.0,0.0,0.0,0.0,0.0,0.0,0.0,0.0,0.0,0.0,0.0,0.0,0.0,0.0,0.0,0.0,0.0,0.0,0.0,0.0,0.0,0.0,0.0,0.0,0.0,0.0,0.00705664997414166,0.0,0.0,0.0,0.0,0.0,0.0,0.0,0.0,0.0,0.0,0.0,0.0,0.0,0.015400378772558768,0.09971173565313449,0.03480023479501089,0.024630714710549638,0.0,0.0,0.0,0.01867803043815486,0.0,0.0,0.0,0.0,0.0,0.0,0.004601290938132887,0.0,0.0,0.06635690842212338,0.0,0.07936818923224213,0.0,0.0,0.0,0.0,0.0,0.0,0.0,0.0,0.0,0.0,0.0,0.0,0.0,0.0,0.0,0.0,0.0,0.013786231414588216,0.04894218588741332,OSD-427,GSM3331094
0.0,0.0,0.0,0.02597521357991248,0.0,0.0,0.0,0.0,0.0,0.0,0.0,0.0,0.05213384221917313,0.0,0.0,0.0,0.033104334176167156,0.0,0.0,0.0,0.0,0.0,0.0,0.0,0.0,0.0,0.0,0.0,0.0,0.0,0.0,0.0,0.0,0.0,0.0,0.0,0.0,0.0,0.0,0.08460326882919886,0.0,0.0,0.0,0.0,0.0,0.0,0.0,0.05773971803701107,0.0,0.0,0.0,0.0,0.0,0.009223164071204465,0.0,0.0,0.0,0.0,0.0,0.0,0.0,0.0,0.0,0.0,0.0,0.0,0.0,0.0,0.0,0.05385566653563335,0.0,0.0,0.0,0.0,0.0,0.0,0.0,0.0,0.047189630458455256,0.0,0.0,0.0,0.0,0.0,0.0,0.0,0.0,0.0,0.0,0.05247591699000826,0.04536942766553955,0.04239039367576416,0.0,0.05466296614301241,0.0,0.0,0.0,0.0,0.0,0.0,0.0,0.0,0.0,0.0,0.0,0.0,0.0,0.0,0.0,0.0,0.0,0.0,0.0,0.0,0.0,0.0,0.0,0.0,0.0,0.0,0.0,0.0,0.0,0.0,0.0,0.0,0.0,0.0,0.0,0.0,0.02401523731357932,0.0,0.0,0.0,0.0,0.0,0.0,0.0,0.0,0.0,0.0,0.0,0.0,0.0,0.009623525238378446,0.028433398316431806,0.024397664762785792,0.022230035715345157,0.009811979515950822,0.0,0.0,0.02213908822384069,0.0,0.029247352887313987,0.0,0.005557200130800185,0.0,0.0,0.030675146287630264,0.0009249772632828869,0.0,0.048697176918089835,0.0,0.08293628018420811,0.005993643941047965,0.0,0.03180773391704322,0.0,0.0,0.0,0.0,0.0,0.0,0.0,0.0,0.0,0.0,0.0,0.0,0.0,0.0,0.0,0.06478601700319132,OSD-427,GSM3331095
0.0,0.0,0.0,0.028552782360107914,0.0,0.0,0.0,0.0,0.0,0.0,0.0,0.0,0.05659771700748771,0.0,0.0,0.0,0.04420347730414918,0.0,0.0,0.0,0.0,0.0,0.0,0.0,0.0,0.0,0.0,0.0,0.0,0.0,0.0,0.0,0.0,0.0,0.0,0.0,0.0,0.0,0.0,0.06277130516381467,0.0,0.0,0.0,0.0,0.0,0.0,0.0,0.056048112481694994,0.0,0.0,0.0,0.0,0.0,0.010743087037489274,0.0,0.0,0.0,0.0,0.0,0.0,0.0,0.0,0.0,0.0,0.0,0.0,0.0,0.0,0.0,0.05573458348731951,0.0,0.0,0.0,0.0,0.0,0.0,0.0,0.0,0.050734926956181696,0.0,0.0,0.0,0.0,0.0,0.0,0.0,0.0,0.0,0.0,0.04697722253437098,0.04765589350812441,0.04210701445184843,0.0,0.056618354234950874,0.0,0.0,0.0,0.0,0.0,0.0,0.0,0.0,0.0,0.0,0.0,0.0,0.0,0.0,0.0,0.0,0.0,0.0,0.0,0.0,0.0,0.0,0.0,0.0,0.0,0.0,0.0,0.0,0.0,0.0,0.0,0.0,0.0,0.0,0.0,0.0,0.01743397692283403,0.0,0.0,0.0,0.0,0.0,0.0,0.0,0.0,0.0,0.0,0.0,0.0,0.0,0.013315192485511688,0.025774684737221946,0.024993109441816444,0.019550142607801684,0.01318587781442357,0.0,0.0,0.023996543068384925,0.0,0.025078282533952397,0.0,0.0033527100305411617,0.0,0.0,0.021297259746010676,0.0,0.0,0.0505929337290279,0.0,0.09050164155670028,0.009114310047381767,0.0,0.03287023874215678,0.0,0.0,0.0,0.0,0.0,0.0,0.0,0.0,0.0,0.0,0.0008820518727033058,0.0,0.0,0.0,0.0,0.06931656813599178,OSD-427,GSM3331096
0.0,0.0,0.0,0.027809916839638668,0.0,0.0,0.0,0.0,0.0,0.0,0.0,0.0,0.05139985718997353,0.0,0.0,0.0,0.04277398641719961,0.0,0.0,0.0,0.0,0.0,0.0,0.0,0.0,0.0,0.0,0.0,0.0,0.0,0.0,0.0,0.0,0.0,0.0,0.0,0.0,0.0,0.0,0.07701012613929911,0.0,0.0,0.0,0.0,0.0,0.0,0.0,0.03879693944589206,0.0,0.0,0.0,0.0,0.0,0.014879406415116635,0.0,0.0,0.0,0.0,0.0,0.0,0.0,0.0,0.0,0.0,0.0,0.0,0.0,0.0,0.0,0.0487423723422254,0.0,0.0,0.0,0.0,0.0,0.0,0.0,0.0,0.05262162889008965,0.0,0.0,0.0,0.0,0.0,0.0,0.0,0.0,0.0,0.0,0.0544513800186393,0.04625126167253451,0.04504930062070514,0.0,0.047154023315251516,0.0,0.0,0.0,0.0,0.0,0.0,0.0,0.0,0.0,0.0,0.0,0.0,0.0,0.0,0.0,0.0,0.0,0.0,0.0,0.0,0.0,0.0,0.0,0.0,0.0,0.0,0.0,0.0,0.0,0.0,0.0,0.0,0.0,0.0,0.0,0.0,0.026585164415073616,0.0,0.0,0.0,0.0,0.0,0.0,0.0,0.0,0.0,0.0,0.0,0.0,0.0,0.013175730702221673,0.02646715803010503,0.024250238119486983,0.023188083878124193,0.011478508128650597,0.0,0.0,0.024600654836764525,0.0,0.024754935166438577,0.0,0.004273640899301204,0.0,0.0,0.031836295330893015,0.0,0.0,0.05153448350107739,0.0,0.08781222096053724,0.00819990213733515,0.0,0.02814083876617966,0.0,0.0,0.0,0.0,0.0,0.0,0.0,0.0,0.0,0.0,0.0,0.0,0.0,0.0,0.0,0.06676194582124616,OSD-427,GSM3331097
0.0,0.0,0.0,0.027230163257429045,0.0,0.0,0.0,0.0,0.0,0.0,0.0,0.0,0.05419488073055647,0.0,0.0,0.0,0.04220869675055014,0.0,0.0,0.0,0.0,0.0,0.0,0.0,0.0,0.0,0.0,0.0,0.0,0.0,0.0,0.0,0.0,0.0,0.0,0.0,0.0,0.0,0.0,0.07434349172403128,0.0,0.0,0.0,0.0,0.0,0.0,0.0,0.05506143519171695,0.0,0.0,0.0,0.0,0.0,0.008060959398974964,0.0,0.0,0.0,0.0,0.0,0.0,0.0,0.0,0.0,0.0,0.0,0.0,0.0,0.0,0.0,0.055532268167973214,0.0,0.0,0.0,0.0,0.0,0.0,0.0,0.0,0.045796475534703625,0.0,0.0,0.0,0.0,0.0,0.0,0.0,0.0,0.0,0.0,0.04623676066711914,0.04799322761174498,0.041304838226363084,0.0,0.05345329826200239,0.0,0.0,0.0,0.0,0.0,0.0,0.0,0.0,0.0,0.0,0.0,0.0,0.0,0.0,0.0,0.0,0.0,0.0,0.0,0.0,0.0,0.0,0.0,0.0,0.0,0.0,0.0,0.0,0.0,0.0,0.0,0.0,0.0,0.0,0.0,0.0,0.021643660986575903,0.0,0.0,0.0,0.0,0.0,0.0,0.0,0.0,0.0,0.0,0.0,0.0,0.0,0.012267582469064666,0.028567948278049808,0.02568535073475959,0.019273649581830532,0.01349319849811405,0.0,0.0,0.026191038171970493,0.0,0.027283310613128255,0.0,0.003301883052412629,0.0,0.0,0.023881328991617625,0.0,0.0,0.04691453513770698,0.0,0.08862790174297494,0.009141339563564563,0.0,0.03051251848432565,0.0,0.0,0.0,0.0,0.0,0.0,0.0,0.0,0.0,0.0,0.0013950149083585602,0.0,0.0,0.0,0.0,0.07040324326238052,OSD-427,GSM3331098
0.0,0.0,0.0,0.02591717493743636,0.0,0.0,0.0,0.0,0.0,0.0,0.0,0.0,0.05839897195774324,0.0,0.0,0.0,0.0,0.0,0.0,0.0,0.0,0.0,0.0,0.0,0.0,0.0,0.0,0.0,0.0,0.0,0.0,0.0,0.0,0.0,0.0,0.0,0.0,0.0,0.0,0.03249508455060329,0.0,0.0,0.0,0.0,0.0,0.0,0.0,0.0,0.0,0.0,0.0,0.0,0.0,0.0,0.0,0.0,0.0,0.0,0.0,0.0,0.0,0.0,0.0,0.0,0.0,0.0,0.0,0.0,0.0,0.0,0.0,0.0,0.0,0.0,0.0,0.0,0.0,0.0,0.13353615446944003,0.0,0.0,0.0,0.0,0.0,0.0,0.0,0.0,0.0,0.0,0.017233980461301875,0.13643826788304975,0.1316715129371823,0.0,0.05630480988503365,0.0,0.0,0.0,0.0,0.0,0.0,0.0,0.0,0.0,0.0,0.0,0.0,0.0,0.0,0.0,0.0,0.0,0.0,0.0,0.0,0.0,0.0,0.0,0.0,0.0,0.0,0.0,0.0,0.0,0.0,0.0,0.0,0.0,0.0,0.0,0.0,0.004637586465961882,0.0,0.0,0.0,0.0,0.0,0.0,0.0,0.0,0.0,0.0,0.0,0.0,0.0,0.013844057338182893,0.10479743932511415,0.034172786784817256,0.02427191655032542,0.0,0.0,0.0,0.01771733783466213,0.0,0.0,0.0,0.0,0.0,0.0,0.0028842253472827974,0.0,0.0,0.06525782735091318,0.0,0.08095493960484831,0.0,0.0,0.0,0.0,0.0,0.0,0.0,0.0,0.0,0.0,0.0,0.0,0.0,0.0,0.0,0.0,0.0,0.019326776565804206,0.04013914975029708,OSD-427,GSM3331099
0.0,0.0,0.0,0.025642686973895528,0.0,0.0,0.0,0.0,0.0,0.0,0.0,0.0,0.057821112607862206,0.0,0.0,0.0,0.0,0.0,0.0,0.0,0.0,0.0,0.0,0.0,0.0,0.0,0.0,0.0,0.0,0.0,0.0,0.0,0.0,0.0,0.0,0.0,0.0,0.0,0.0,0.02871446957274289,0.0,0.0,0.0,0.0,0.0,0.0,0.0,0.0,0.0,0.0,0.0,0.0,0.0,0.0010468641872596917,0.0,0.0,0.0,0.0,0.0,0.0,0.0,0.0,0.0,0.0,0.0,0.0,0.0,0.0,0.0,0.0,0.0,0.0,0.0,0.0,0.0,0.0,0.0,0.0,0.13368677039447546,0.0,0.0,0.0,0.0,0.0,0.0,0.0,0.0,0.0,0.0,0.02211889694691887,0.13677907335784667,0.1312753649262567,0.0,0.05423564398657872,0.0,0.0,0.0,0.0,0.0,0.0,0.0,0.0,0.0,0.0,0.0,0.0,0.0,0.0,0.0,0.0,0.0,0.0,0.0,0.0,0.0,0.0,0.0,0.0,0.0,0.0,0.0,0.0,0.0,0.0,0.0,0.0,0.0,0.0,0.0,0.0,0.008235769514045753,0.0,0.0,0.0,0.0,0.0,0.0,0.0,0.0,0.0,0.0,0.0,0.0,0.0,0.015531303937205462,0.10375846722204775,0.03331705170182358,0.022011070644725385,0.0,0.0,0.0,0.020906836312917232,0.0,0.0,0.0,0.0,0.0,0.0,0.0,0.0,0.0,0.0618225801611849,0.0,0.08252179020240186,0.0,0.0,0.0,0.0,0.0,0.0,0.0,0.0,0.0,0.0,0.0,0.0,0.0,0.0,0.0,0.0,0.0,0.01519887966171212,0.04537536768809934,OSD-427,GSM3331100
0.0,0.0,0.0,0.026353675965575887,0.0,0.0,0.0,0.0,0.0,0.0,0.0,0.0,0.05588036516465544,0.0,0.0,0.0,0.0,0.0,0.0,0.0,0.0,0.0,0.0,0.0,0.0,0.0,0.0,0.0,0.0,0.0,0.0,0.0,0.0,0.0,0.0,0.0,0.0,0.0,0.0,0.03860797367953423,0.0,0.0,0.0,0.0,0.0,0.0,0.0,0.0,0.0,0.0,0.0,0.0,0.0,0.0,0.0,0.0,0.0,0.0,0.0,0.0,0.0,0.0,0.0,0.0,0.0,0.0,0.0,0.0,0.0,0.0,0.0,0.0,0.0,0.0,0.0,0.0,0.0,0.0,0.1333566268317267,0.0,0.0,0.0,0.0,0.0,0.0,0.0,0.0,0.0,0.0,0.019629309591804152,0.13659047979546157,0.12358421050890488,0.0,0.05494817275727264,0.0,0.0,0.0,0.0,0.0,0.0,0.0,0.0,0.0,0.0,0.0,0.0,0.0,0.0,0.0,0.0,0.0,0.0,0.0,0.0,0.0,0.0,0.0,0.0,0.0,0.0,0.0,0.0,0.0,0.0,0.0,0.0,0.0,0.0,0.0,0.0,0.013921868946205281,0.0,0.0,0.0,0.0,0.0,0.0,0.0,0.0,0.0,0.0,0.0,0.0,0.0,0.017658105547634667,0.10217005521824338,0.034967334702755634,0.023076183607605865,0.0,0.0,0.0,0.020390596800864438,0.0,0.0,0.0,0.0,0.0,0.0,0.0047035487083684725,0.0,0.0,0.06087776489818604,0.0,0.08153362458959121,0.0,0.0,0.0,0.0,0.0,0.0,0.0,0.0,0.0,0.0,0.0,0.0,0.0,0.0,0.0,0.0,0.0,0.015057565408442861,0.036692537277166794,OSD-427,GSM3331101
0.0,0.0,0.0,0.02600527535554974,0.0,0.0,0.0,0.0,0.0,0.0,0.0,0.0,0.05866292587805162,0.0,0.0,0.0,0.0,0.0,0.0,0.0,0.0,0.0,0.0,0.0,0.0,0.0,0.0,0.0,0.0,0.0,0.0,0.0,0.0,0.0,0.0,0.0,0.0,0.0,0.0,0.0350027143199877,0.0,0.0,0.0,0.0,0.0,0.0,0.0,0.0,0.0,0.0,0.0,0.0,0.0,0.0,0.0,0.0,0.0,0.0,0.0,0.0,0.0,0.0,0.0,0.0,0.0,0.0,0.0,0.0,0.0,0.0,0.0,0.0,0.0,0.0,0.0,0.0,0.0,0.0,0.1351693819569319,0.0,0.0,0.0,0.0,0.0,0.0,0.0,0.0,0.0,0.0,0.02217349930763809,0.13660595556357158,0.12812144992282595,0.0,0.052715881786352545,0.0,0.0,0.0,0.0,0.0,0.0,0.0,0.0,0.0,0.0,0.0,0.0,0.0,0.0,0.0,0.0,0.0,0.0,0.0,0.0,0.0,0.0,0.0,0.0,0.0,0.0,0.0,0.0,0.0,0.0,0.0,0.0,0.0,0.0,0.0,0.0,0.00890084503834921,0.0,0.0,0.0,0.0,0.0,0.0,0.0,0.0,0.0,0.0,0.0,0.0,0.0,0.011928009454815537,0.10254000769355755,0.03609069594352137,0.0232920680978381,0.0,0.0,0.0,0.018576587700214767,0.0,0.0,0.0,0.0,0.0,0.0,0.0004628788950249909,0.0,0.0,0.06312362691176233,0.0,0.0848734391398138,0.0,0.0,0.0,0.0,0.0,0.0,0.0,0.0,0.0,0.0,0.0,0.0,0.0,0.0,0.0,0.0,0.0,0.017076195872303388,0.03867856116188999,OSD-427,GSM3331102
0.0,0.0,0.0,0.027921577586752375,0.0,0.0,0.0,0.0,0.0,0.0,0.0,0.0,0.05766934235500432,0.0,0.0,0.0,0.05593892070972523,0.0,0.0,0.0,0.0,0.0,0.0,0.0,0.0,0.0,0.0,0.0,0.0,0.0,0.0,0.0,0.0,0.0,0.0,0.0,0.0,0.0,0.0,0.07283466509736014,0.0,0.0,0.0,0.0,0.0,0.0,0.0,0.05059949168936217,0.0,0.0,0.0,0.0,0.0,0.00566062122383837,0.0,0.0,0.0,0.0,0.0,0.0,0.0,0.0,0.0,0.0,0.0,0.0,0.0,0.0,0.0,0.06404800427597729,0.0,0.0,0.0,0.0,0.0,0.0,0.0,0.0,0.034242426330954125,0.0,0.0,0.0,0.0,0.0,0.0,0.0,0.0,0.0,0.0,0.05702836954538968,0.045645705919514085,0.02613004815068013,0.0,0.058082140179332116,0.0,0.0,0.0,0.0,0.0,0.0,0.0,0.0,0.0,0.0,0.0,0.0,0.0,0.0,0.0,0.0,0.0,0.0,0.0,0.0,0.0,0.0,0.0,0.0,0.0,0.0,0.0,0.0,0.0,0.0,0.0,0.0,0.0,0.0,0.0,0.0,0.02938863870172055,0.0,0.0,0.0,0.0,0.0,0.0,0.0,0.0,0.0,0.0,0.0,0.0,0.0,0.01980477144719822,0.01637566091241055,0.029150974515743694,0.02417723359974949,0.007977240444366067,0.0,0.0,0.023393373125984426,0.0,0.025040078998309546,0.0,0.0014442862204136619,0.0,0.0,0.025177023230314944,0.004218789206132588,0.0,0.05315360741047436,0.0,0.08395314907144817,0.009475040054049944,0.0,0.02092434267299469,0.0,0.0,0.0,0.0,0.0,0.0,0.0,0.0,0.0,0.0,0.0,0.0,0.0,0.0,0.0,0.07054447732479913,OSD-427,GSM3331103
0.0,0.0,0.0,0.026617586505671333,0.0,0.0,0.0,0.0,0.0,0.0,0.0,0.0,0.05977662302924166,0.0,0.0,0.0,0.060924396832841586,0.0,0.0,0.0,0.0,0.0,0.0,0.0,0.0,0.0,0.0,0.0,0.0,0.0,0.0,0.0,0.0,0.0,0.0,0.0,0.0,0.0,0.0,0.05313825198577851,0.0,0.0,0.0,0.0,0.0,0.0,0.0,0.04946483279800168,0.0,0.0,0.0,0.0,0.0,0.005589241607642787,0.0,0.0,0.0,0.0,0.0,0.0,0.0,0.0,0.0,0.0,0.0,0.0,0.0,0.0,0.0,0.06305651998776114,0.0,0.0,0.0,0.0,0.0,0.0,0.0,0.0,0.03587651808437764,0.0,0.0,0.0,0.0,0.0,0.0,0.0,0.0,0.0,0.0,0.04965011626549496,0.04735313827572507,0.022879054308639603,0.0,0.053140566579669236,0.0,0.0,0.0,0.0,0.0,0.0,0.0,0.0,0.0,0.0,0.0,0.0,0.0,0.0,0.0,0.0,0.0,0.0,0.0,0.0,0.0,0.0,0.0,0.0,0.0,0.0,0.0,0.0,0.0,0.0,0.0,0.0,0.0,0.0,0.0,0.0,0.02805415358487854,0.0,0.0,0.0,0.0,0.0,0.0,0.0,0.0,0.0,0.0,0.0,0.0,0.0,0.016619474233081553,0.015500344476614603,0.030719081903373975,0.02914575479944738,0.0089754431185955,0.0,0.016753410919279194,0.023699254191129452,0.0,0.03262429968373955,0.0,0.002403256561693994,0.0,0.0,0.025736520126256445,0.01100447990912081,0.0,0.055289618390416774,0.0,0.08654175717098143,0.004767586500707491,0.0,0.020210481223716305,0.0,0.0,0.0,0.0,0.0,0.0,0.0,0.0,0.0,0.0,0.0,0.0,0.0,0.0,0.0,0.06448823694612175,OSD-427,GSM3331104
0.0,0.0,0.0,0.02751317594849161,0.0,0.0,0.0,0.0,0.0,0.0,0.0,0.0,0.059071990725343144,0.0,0.0,0.0,0.05370860516978053,0.0,0.0,0.0,0.0,0.0,0.0,0.0,0.0,0.0,0.0,0.0,0.0,0.0,0.0,0.0,0.0,0.0,0.0,0.0,0.0,0.0,0.0,0.0677426539161268,0.0,0.0,0.0,0.0,0.0,0.0,0.0,0.0617426953299643,0.0,0.0,0.0,0.0,0.0,0.003386886731225042,0.0,0.0,0.0,0.0,0.0,0.0,0.0,0.0,0.0,0.0,0.0,0.0,0.0,0.0,0.0,0.06385508932934644,0.0,0.0,0.0,0.0,0.0,0.0,0.0,0.0,0.039390367914204166,0.0,0.0,0.0,0.0,0.0,0.0,0.0,0.0,0.0,0.0,0.05780888314655019,0.05065684344495585,0.02703876811488987,0.0,0.05794059237640332,0.0,0.0,0.0,0.0,0.0,0.0,0.0,0.0,0.0,0.0,0.0,0.0,0.0,0.0,0.0,0.0,0.0,0.0,0.0,0.0,0.0,0.0,0.0,0.0,0.0,0.0,0.0,0.0,0.0,0.0,0.0,0.0,0.0,0.0,0.0,0.0,0.01672265171035302,0.0,0.0,0.0,0.0,0.0,0.0,0.0,0.0,0.0,0.0,0.0,0.0,0.0,0.020608604257679297,0.012051084422734318,0.026785421890447355,0.021915184775133816,0.009905895210684398,0.0,0.0,0.025103296703970678,0.0,0.02969652594807148,0.0,0.0023065567697011236,0.0,0.0,0.021366327697087968,0.0,0.0,0.05287232863778455,0.0,0.08517903541576967,0.010205411601437068,0.0,0.02688070289760559,0.0,0.0,0.0,0.0,0.0,0.0,0.0,0.0,0.0,0.0,0.0,0.0,0.0,0.0,0.0,0.06854441991425836,OSD-427,GSM3331105
0.0,0.0,0.0,0.027662895067384327,0.0,0.0,0.0,0.0,0.0,0.0,0.0,0.0,0.055909215821515174,0.0,0.0,0.0,0.05587676806910824,0.0,0.0,0.0,0.0,0.0,0.0,0.0,0.0,0.0,0.0,0.0,0.0,0.0,0.0,0.0,0.0,0.0,0.0,0.0,0.0,0.0,0.0,0.0687369924244521,0.0,0.0,0.0,0.0,0.0,0.0,0.0,0.06851080710005844,0.0,0.0,0.0,0.0,0.0,0.0018080200961287925,0.0,0.0,0.0,0.0,0.0,0.0,0.0,0.0,0.0,0.0,0.0,0.0,0.0,0.0,0.0,0.06503427134907146,0.0,0.0,0.0,0.0,0.0,0.0,0.0,0.0,0.03886394916635828,0.0,0.0,0.0,0.0,0.0,0.0,0.0,0.0,0.0,0.0,0.05672065767991408,0.05619164512054172,0.02065450210130978,0.0,0.05873000880088402,0.0,0.0,0.0,0.0,0.0,0.0,0.0,0.0,0.0,0.0,0.0,0.0,0.0,0.0,0.0,0.0,0.0,0.0,0.0,0.0,0.0,0.0,0.0,0.0,0.0,0.0,0.0,0.0,0.0,0.0,0.0,0.0,0.0,0.0,0.0,0.0,0.01809535503035584,0.0,0.0,0.0,0.0,0.0,0.0,0.0,0.0,0.0,0.0,0.0,0.0,0.0,0.022831602869250813,0.010286136572148698,0.026552003958606688,0.023135736836463784,0.009022436420467333,0.0,0.0,0.0246922014134904,0.0,0.026899406066161733,0.0,0.002438670210624256,0.0,0.0,0.02051313934531181,0.0,0.0,0.054608580958965536,0.0,0.08386198621051301,0.009184644813310302,0.0,0.02405131842638572,0.0,0.0,0.0,0.0,0.0,0.0,0.0,0.0,0.0,0.0,0.0,0.0,0.0,0.0,0.0,0.06912704807121763,OSD-427,GSM3331106
0.0,0.0,0.0,0.02522213527823723,0.0,0.0,0.0,0.0,0.0,0.0,0.0,0.0,0.05877829726411074,0.0,0.0,0.0,0.0,0.0,0.0,0.0,0.0,0.0,0.0,0.0,0.0,0.0,0.0,0.0,0.0,0.0,0.0,0.0,0.0,0.0,0.0,0.0,0.0,0.0,0.0,0.021450862994763138,0.0,0.0,0.0,0.0,0.0,0.0,0.0,0.0,0.0,0.0,0.0,0.0,0.0,0.0,0.0,0.0,0.0,0.0,0.0,0.0,0.0,0.0,0.0,0.0,0.0,0.0,0.0,0.0,0.0,0.0,0.0,0.0,0.0,0.0,0.0,0.0,0.0,0.0,0.12859156756388548,0.0,0.0,0.0,0.0,0.0,0.0,0.0,0.0,0.0,0.0,0.017606305891829332,0.1436378378193953,0.12771709825543853,0.007999140976058253,0.05936190329490555,0.0,0.0,0.0,0.0,0.0,0.0,0.0,0.0,0.0,0.0,0.0,0.0,0.0,0.0,0.0,0.0,0.0,0.0,0.0,0.0,0.0,0.0,0.0,0.0,0.0,0.0,0.0,0.0,0.0,0.0,0.0,0.0,0.0,0.0,0.0,0.0,0.003268152882212548,0.0,0.0,0.0,0.0,0.0,0.0,0.0,0.0,0.0,0.0,0.0,0.0,0.0,0.0187264849662225,0.09848079262085173,0.033828593230681575,0.02640428900760344,0.0,0.0,0.000998632513918215,0.023941595043638624,0.0,0.0,0.0,0.0,0.0,0.0,0.00036196407468917595,0.0,0.0,0.0633631458257557,0.0,0.07230350973595583,0.0,0.0,0.0,0.0,0.0,0.0,0.0,0.0,0.0,0.0,0.0,0.0,0.0,0.0,0.0,0.0,0.0,0.023789840536046,0.044167850223801174,OSD-427,GSM3331107
0.0,0.0,0.0,0.025553382358024773,0.0,0.0,0.0,0.0,0.0,0.0,0.0,0.0,0.05994415806319459,0.0,0.0,0.0,0.0,0.0,0.0,0.0,0.0,0.0,0.0,0.0,0.0,0.0,0.0,0.0,0.0,0.0,0.0,0.0,0.0,0.0,0.0,0.0,0.0,0.0,0.0,0.021227481234825405,0.0,0.0,0.0,0.0,0.0,0.0,0.0,0.0,0.0,0.0,0.0,0.0,0.0,0.0036305495335649603,0.0,0.0,0.0,0.0,0.0,0.0,0.0,0.0,0.0,0.0,0.0,0.0,0.0,0.0,0.0,0.0,0.0,0.0,0.0,0.0,0.0,0.0,0.0,0.0,0.1253797323934062,0.0,0.0,0.0,0.0,0.0,0.0,0.0,0.0,0.0,0.0,0.01860207444716695,0.13654426663419333,0.13324436102107945,0.012844679466395748,0.05632621620962459,0.0,0.0,0.0,0.0,0.0,0.0,0.0,0.0,0.0,0.0,0.0,0.0,0.0,0.0,0.0,0.0,0.0,0.0,0.0,0.0,0.0,0.0,0.0,0.0,0.0,0.0,0.0,0.0,0.0,0.0,0.0,0.0,0.0,0.0,0.0,0.0,0.0,0.0,0.0,0.0,0.0,0.0,0.0,0.0,0.0,0.0,0.0,0.0,0.0,0.0,0.01416167024749916,0.10071186637797062,0.034088236105956786,0.026061975586860308,0.0,0.0,0.0,0.02171257300687044,0.0,0.0,0.0,0.0,0.0,0.0,0.0,0.0,0.0,0.06596828528803707,0.0,0.07367292359853653,0.0,0.0,0.0,0.0,0.0,0.0,0.0,0.0,0.0,0.0,0.0,0.0,0.0,0.0,0.0,0.0,0.0,0.025638639150878464,0.044686929275914555,OSD-427,GSM3331108
0.0,0.0,0.0,0.026926243079905095,0.0,0.0,0.0,0.0,0.0,0.0,0.0,0.0,0.05916747146916651,0.0,0.0,0.0,0.0,0.0,0.0,0.0,0.0,0.0,0.0,0.0,0.0,0.0,0.0,0.0,0.0,0.0,0.0,0.0,0.0,0.0,0.0,0.0,0.0,0.0,0.0,0.027218318920520557,0.0,0.0,0.0,0.0,0.0,0.0,0.0,0.0,0.0,0.0,0.0,0.0,0.0,0.0,0.0,0.0,0.0,0.0,0.0,0.0,0.0,0.0,0.0,0.0,0.0,0.0,0.0,0.0,0.0,0.0,0.0,0.0,0.0,0.0,0.0,0.0,0.0,0.0,0.13352649688602974,0.0,0.0,0.0,0.0,0.0,0.0,0.0,0.0,0.0,0.0,0.012892501169522032,0.14367836986277602,0.12296028195154486,0.009918794350830061,0.06152579686148333,0.0,0.0,0.0,0.0,0.0,0.0,0.0,0.0,0.0,0.0,0.0,0.0,0.0,0.0,0.0,0.0,0.0,0.0,0.0,0.0,0.0,0.0,0.0,0.0,0.0,0.0,0.0,0.0,0.0,0.0,0.0,0.0,0.0,0.0,0.0,0.0,0.0019733691764631735,0.0,0.0,0.0,0.0,0.0,0.0,0.0,0.0,0.0,0.0,0.0,0.0,0.0,0.020234362957821436,0.09680380071932988,0.033402132820676854,0.024571010193893728,0.0,0.0,0.0,0.02244427722082408,0.0,0.0,0.0,0.0,0.0,0.0,0.0,0.0,0.0,0.06292578844515406,0.0,0.07651919398121071,0.0,0.0,0.0,0.0,0.0,0.0,0.0,0.0,0.0,0.0,0.0,0.0,0.0,0.0,0.0,0.0,0.0,0.022604747868954764,0.04070704206389314,OSD-427,GSM3331109
0.0,0.0,0.0,0.02580604701903259,0.0,0.0,0.0,0.0,0.0,0.0,0.0,0.0,0.05829888760715738,0.0,0.0,0.0,0.0,0.0,0.0,0.0,0.0,0.0,0.0,0.0,0.0,0.0,0.0,0.0,0.0,0.0,0.0,0.0,0.0,0.0,0.0,0.0,0.0,0.0,0.0,0.023715328076799165,0.0,0.0,0.0,0.0,0.0,0.0,0.0,0.0,0.0,0.0,0.0,0.0,0.0,0.004059977382101251,0.0,0.0,0.0,0.0,0.0,0.0,0.0,0.0,0.0,0.0,0.0,0.0,0.0,0.0,0.0,0.0,0.0,0.0,0.0,0.0,0.0,0.0,0.0,0.0,0.12867704297925447,0.0,0.0,0.0,0.0,0.0,0.0,0.0,0.0,0.0,0.0,0.009684005851159657,0.14345640443257018,0.1299909770047966,0.006344287939658678,0.05706111152458348,0.0,0.0,0.0,0.0,0.0,0.0,0.0,0.0,0.0,0.0,0.0,0.0,0.0,0.0,0.0,0.0,0.0,0.0,0.0,0.0,0.0,0.0,0.0,0.0,0.0,0.0,0.0,0.0,0.0,0.0,0.0,0.0,0.0,0.0,0.0,0.0,0.005234261604922286,0.0,0.0,0.0,0.0,0.0,0.0,0.0,0.0,0.0,0.0,0.0,0.0,0.0,0.018401508938680346,0.10010718205938693,0.032646448591177525,0.02487851176656579,0.0,0.0,0.0,0.02274671747178475,0.0,0.0,0.0,0.0,0.0,0.0,0.0,0.0,0.0,0.060039464347979965,0.0,0.07786376752413654,0.0,0.0,0.0,0.0,0.0,0.0,0.0,0.0,0.0,0.0,0.0,0.0,0.0,0.0,0.0,0.0,0.0,0.025919990992191427,0.04506807688606096,OSD-427,GSM3331110
0.0,0.0,0.0,0.027111919009714425,0.0,0.0,0.0,0.0,0.0,0.0,0.0,0.0,0.06011502912893167,0.0,0.0,0.0,0.06910976579714441,0.0,0.0,0.0,0.0,0.0,0.0,0.0,0.0,0.0,0.0,0.0,0.0,0.0,0.0,0.0,0.0,0.0,0.0,0.0,0.0,0.0,0.0,0.05830506660498207,0.0,0.0,0.0,0.0,0.0,0.0,0.0,0.05522457608997671,0.0,0.0,0.0,0.0,0.0,0.0,0.0,0.0,0.0,0.0,0.0,0.0,0.0,0.0,0.0,0.0,0.0,0.0,0.0,0.0,0.0,0.06734395825202076,0.0,0.0,0.0,0.0,0.0,0.0,0.0,0.0,0.037779933296155546,0.0,0.0,0.0,0.0,0.0,0.0,0.0,0.0,0.0,0.0,0.055864055483677184,0.04390312297460983,0.03028958577916235,0.0,0.061861768821730924,0.0,0.0,0.0,0.0,0.0,0.0,0.0,0.0,0.0,0.0,0.0,0.0,0.0,0.0,0.0,0.0,0.0,0.0,0.0,0.0,0.0,0.0,0.0,0.0,0.0,0.0,0.0,0.0,0.0,0.0,0.0,0.0,0.0,0.0,0.0,0.0,0.021934322734586148,0.0,0.0,0.0,0.0,0.0,0.0,0.0,0.0,0.0,0.0,0.0,0.0,0.0,0.022150848664216242,0.01264885487442682,0.026671598036699898,0.021089739389662108,0.005783893170764735,0.0,0.0,0.025621330837716654,0.0,0.024241302226332275,0.0,0.0013060029581350397,0.0,0.0,0.01665681129078332,0.0,0.0,0.0532335365192379,0.0,0.09165994431684636,0.00970383828637244,0.0,0.027685126135112426,0.0,0.0,0.0,0.0,0.0,0.0,0.0,0.0,0.0,0.0,0.003941711088711366,0.0,0.0,0.0,0.0,0.06876235823229036,OSD-427,GSM3331111
0.0,0.0,0.0,0.02777839981160412,0.0,0.0,0.0,0.0,0.0,0.0,0.0,0.0,0.06026686334010206,0.0,0.0,0.0,0.07634478345003753,0.0,0.0,0.0,0.0,0.0,0.0,0.0,0.0,0.0,0.0,0.0,0.0,0.0,0.0,0.0,0.0,0.0,0.0,0.0,0.0,0.0,0.0,0.06868151028288719,0.0,0.0,0.0,0.0,0.0,0.0,0.0,0.04913619452045693,0.0,0.0,0.0,0.0,0.0,0.0,0.0,0.0,0.0,0.0,0.0,0.0,0.0,0.0,0.0,0.0,0.0,0.0,0.0,0.0,0.0,0.06969038022699102,0.0,0.0,0.0,0.0,0.0,0.0,0.0,0.0,0.03699185321784842,0.0,0.0,0.0,0.0,0.0,0.0,0.0,0.0,0.0,0.0,0.0560338719827218,0.0477259645413791,0.020044467779208996,0.0,0.05993211363956517,0.0,0.0,0.0,0.0,0.0,0.0,0.0,0.0,0.0,0.0,0.0,0.0,0.0,0.0,0.0,0.0,0.0,0.0,0.0,0.0,0.0,0.0,0.0,0.0,0.0,0.0,0.0,0.0,0.0,0.0,0.0,0.0,0.0,0.0,0.0,0.0,0.02259951041245389,0.0,0.0,0.0,0.0,0.0,0.0,0.0,0.0,0.0,0.0,0.0,0.0,0.0,0.020311296466684375,0.0024878350997430136,0.02776821733554547,0.023300542701789856,0.007724800070652454,0.0,0.0,0.02606358285053644,0.0,0.02436347223006496,0.0,0.00014984357879413093,0.0,0.0,0.019144126251915264,0.0,0.0,0.05555803128468919,0.0,0.09390418245331937,0.01066169300645534,0.0,0.026809363980392582,0.0,0.0,0.0,0.0,0.0,0.0,0.0,0.0,0.0,0.0,0.0,0.0,0.0,0.0,0.0,0.06652709948416125,OSD-427,GSM3331112
0.0,0.0,0.0,0.028962500763116412,0.0,0.0,0.0,0.0,0.0,0.0,0.0,0.0,0.057306247841922495,0.0,0.0,0.0,0.06456137599023054,0.0,0.0,0.0,0.0,0.0,0.0,0.0,0.0,0.0,0.0,0.0,0.0,0.0,0.0,0.0,0.0,0.0,0.0,0.0,0.0,0.0,0.0,0.06863722750839284,0.0,0.0,0.0,0.0,0.0,0.0,0.0,0.05516579229322839,0.0,0.0,0.0,0.0,0.0,0.002014762250325813,0.0,0.0,0.0,0.0,0.0,0.0,0.0,0.0,0.0,0.0,0.0,0.0,0.0,0.0,0.0,0.06459761069673788,0.0,0.0,0.0,0.0,0.0,0.0,0.0,0.0,0.03922887422301993,0.0,0.0,0.0,0.0,0.0,0.0,0.0,0.0,0.0,0.0,0.06115239777260175,0.044306715761048915,0.02522941553622329,0.0,0.056868356805241736,0.0,0.0,0.0,0.0,0.0,0.0,0.0,0.0,0.0,0.0,0.0,0.0,0.0,0.0,0.0,0.0,0.0,0.0,0.0,0.0,0.0,0.0,0.0,0.0,0.0,0.0,0.0,0.0,0.0,0.0,0.0,0.0,0.0,0.0,0.0,0.0,0.02463258460944491,0.0,0.0,0.0,0.0,0.0,0.0,0.0,0.0,0.0,0.0,0.0,0.0,0.0,0.019578115707853793,0.0019149801995669291,0.02602876614936341,0.022818940536414308,0.009042714180928965,0.0,0.0,0.02418246618716485,0.0,0.02242703628351751,0.0,0.0012919615330889125,0.0,0.0,0.021702337312987964,0.0,0.0,0.05409378230389592,0.0,0.09191824178210144,0.011694217310243818,0.0,0.030379498537794185,0.0,0.0,0.0,0.0,0.0,0.0,0.0,0.0,0.0,0.0,0.0,0.0,0.0,0.0,0.0,0.07026307992354311,OSD-427,GSM3331113
0.0,0.0,0.0,0.027181592834701552,0.0,0.0,0.0,0.0,0.0,0.0,0.0,0.0,0.06034061161480343,0.0,0.0,0.0,0.07521664705572037,0.0,0.0,0.0,0.0,0.0,0.0,0.0,0.0,0.0,0.0,0.0,0.0,0.0,0.0,0.0,0.0,0.0,0.0,0.0,0.0,0.0,0.0,0.06284814196483711,0.0,0.0,0.0,0.0,0.0,0.0,0.0,0.05013389281971579,0.0,0.0,0.0,0.0,0.0,0.0,0.0,0.0,0.0,0.0,0.0,0.0,0.0,0.0,0.0,0.0,0.0,0.0,0.0,0.0,0.0,0.06726881452798666,0.0,0.0,0.0,0.0,0.0,0.0,0.0,0.0,0.03889079105307478,0.0,0.0,0.0,0.0,0.0,0.0,0.0,0.0,0.0,0.0,0.0557424156303901,0.04561684219929238,0.020849532401508008,0.0,0.059573431779740796,0.0,0.0,0.0,0.0,0.0,0.0,0.0,0.0,0.0,0.0,0.0,0.0,0.0,0.0,0.0,0.0,0.0,0.0,0.0,0.0,0.0,0.0,0.0,0.0,0.0,0.0,0.0,0.0,0.0,0.0,0.0,0.0,0.0,0.0,0.0,0.0,0.023012433605813624,0.0,0.0,0.0,0.0,0.0,0.0,0.0,0.0,0.0,0.0,0.0,0.0,0.0,0.021882260004094833,0.005273515902209829,0.02562925658672436,0.023121279778921304,0.008475673111526763,0.0,0.0,0.0262454261947698,0.0,0.026618078251355815,0.0,0.0030088192616670125,0.0,0.0,0.019730266223196576,0.0,0.0,0.05252327122568754,0.0,0.08862956879849025,0.011677533287889902,0.0,0.028486769522057913,0.0,0.0,0.0,0.0,0.0,0.0,0.0,0.0,0.0,0.0,0.0,0.0,0.0,0.0,0.0,0.07202313436382357,OSD-427,GSM3331114
0.0,0.0,0.0,0.026198059431958805,0.0,0.0,0.0,0.0,0.0,0.0,0.0,0.0,0.06304819844158298,0.0,0.0,0.0,0.0,0.0,0.0,0.0,0.0,0.0,0.0,0.0,0.0,0.0,0.0,0.0,0.0,0.0,0.0,0.0,0.0,0.0,0.0,0.0,0.0,0.0,0.0,0.01713003184344592,0.0,0.0,0.0,0.0,0.0,0.0,0.0,0.0,0.0,0.0,0.0,0.0,0.0,0.0,0.0,0.0,0.0,0.0,0.0,0.0,0.0,0.0,0.0,0.0,0.0,0.0,0.0,0.0,0.0,0.0,0.0,0.0,0.0,0.0,0.0,0.0,0.0,0.0,0.13446005230170144,0.0,0.0,0.0,0.0,0.0,0.0,0.0,0.0,0.0,0.0,0.016932697414899698,0.14074558820021377,0.13332517594219537,0.0016673206817666322,0.06365590814968808,0.0,0.0,0.0,0.0,0.0,0.0,0.0,0.0,0.0,0.0,0.0,0.0,0.0,0.0,0.0,0.0,0.0,0.0,0.0,0.0,0.0,0.0,0.0,0.0,0.0,0.0,0.0,0.0,0.0,0.0,0.0,0.0,0.0,0.0,0.0,0.0,0.0,0.0,0.0,0.0,0.0,0.0,0.0,0.0,0.0,0.0,0.0,0.0,0.0,0.0,0.020639685774440208,0.09976151164942243,0.03139123292084962,0.02488256045930277,0.0,0.0,0.0,0.02098178969614178,0.0,0.0,0.0,0.0,0.0,0.0,0.0,0.0,0.0,0.05862331224335789,0.0,0.07911355862088315,0.0,0.0,0.0,0.0,0.0,0.0,0.0,0.0,0.0,0.0,0.0,0.0,0.0,0.0,0.0,0.0,0.0,0.03081437597117829,0.03662894025697105,OSD-427,GSM3331115
0.0,0.0,0.0,0.027377832674310293,0.0,0.0,0.0,0.0,0.0,0.0,0.0,0.0,0.061089119281123094,0.0,0.0,0.0,0.0,0.0,0.0,0.0,0.0,0.0,0.0,0.0,0.0,0.0,0.0,0.0,0.0,0.0,0.0,0.0,0.0,0.0,0.0,0.0,0.0,0.0,0.0,0.02232300094477325,0.0,0.0,0.0,0.0,0.0,0.0,0.0,0.0,0.0,0.0,0.0,0.0,0.0,0.0,0.0,0.0,0.0,0.0,0.0,0.0,0.0,0.0,0.0,0.0,0.0,0.0,0.0,0.0,0.0,0.0,0.0,0.0,0.0,0.0,0.0,0.0,0.0,0.0,0.1344335085423342,0.0,0.0,0.0,0.0,0.0,0.0,0.0,0.0,0.0,0.0,0.023961055992314368,0.14101508556648218,0.12792161617510914,0.002879704578681197,0.05971143685327659,0.0,0.0,0.0,0.0,0.0,0.0,0.0,0.0,0.0,0.0,0.0,0.0,0.0,0.0,0.0,0.0,0.0,0.0,0.0,0.0,0.0,0.0,0.0,0.0,0.0,0.0,0.0,0.0,0.0,0.0,0.0,0.0,0.0,0.0,0.0,0.0,0.0,0.0,0.0,0.0,0.0,0.0,0.0,0.0,0.0,0.0,0.0,0.0,0.0,0.0,0.01777934613505194,0.09962722657285661,0.03210859624621578,0.024385986186598135,0.0,0.0,0.0,0.02266943139754288,0.0,0.0,0.0,0.0,0.0,0.0,0.0,0.0,0.0,0.06069033015695682,0.0,0.07777361575044052,0.0,0.0,0.0,0.0,0.0,0.0,0.0,0.0,0.0,0.0,0.0,0.0,0.0,0.0,0.0,0.0,0.0,0.02682849989781101,0.03742460704812204,OSD-427,GSM3331116
0.0,0.0,0.0,0.02514693570404066,0.0,0.0,0.0,0.0,0.0,0.0,0.0,0.0,0.06182616165422565,0.0,0.0,0.0,0.0,0.0,0.0,0.0,0.0,0.0,0.0,0.0,0.0,0.0,0.0,0.0,0.0,0.0,0.0,0.0,0.0,0.0,0.0,0.0,0.0,0.0,0.0,0.022976789484869337,0.0,0.0,0.0,0.0,0.0,0.0,0.0,0.0,0.0,0.0,0.0,0.0,0.0,0.0009713398591150678,0.0,0.0,0.0,0.0,0.0,0.0,0.0,0.0,0.0,0.0,0.0,0.0,0.0,0.0,0.0,0.0,0.0,0.0,0.0,0.0,0.0,0.0,0.0,0.0,0.13317918033873086,0.0,0.0,0.0,0.0,0.0,0.0,0.0,0.0,0.0,0.0,0.015270326382682536,0.14143149065226376,0.129432703504303,0.0038122339436725333,0.06243239674716675,0.0,0.0,0.0,0.0,0.0,0.0,0.0,0.0,0.0,0.0,0.0,0.0,0.0,0.0,0.0,0.0,0.0,0.0,0.0,0.0,0.0,0.0,0.0,0.0,0.0,0.0,0.0,0.0,0.0,0.0,0.0,0.0,0.0,0.0,0.0,0.0,0.0,0.0,0.0,0.0,0.0,0.0,0.0,0.0,0.0,0.0,0.0,0.0,0.0,0.0,0.01833071385542513,0.09953798794577233,0.03162206199266199,0.02519010105848397,0.0,0.0,0.0,0.022375727053217814,0.0,0.0,0.0,0.0,0.0,0.0,0.0,0.0,0.0,0.05945038520907927,0.0,0.07830686066321106,0.0,0.0,0.0,0.0,0.0,0.0,0.0,0.0,0.0,0.0,0.0,0.0,0.0,0.0,0.0,0.0,0.0,0.02862772890794553,0.04007887504313266,OSD-427,GSM3331117
0.0,0.0,0.0,0.026185089755084157,0.0,0.0,0.0,0.0,0.0,0.0,0.0,0.0,0.061502510981984414,0.0,0.0,0.0,0.0,0.0,0.0,0.0,0.0,0.0,0.0,0.0,0.0,0.0,0.0,0.0,0.0,0.0,0.0,0.0,0.0,0.0,0.0,0.0,0.0,0.0,0.0,0.017793810029298605,0.0,0.0,0.0,0.0,0.0,0.0,0.0,0.0,0.0,0.0,0.0,0.0,0.0,0.0003004792569673641,0.0,0.0,0.0,0.0,0.0,0.0,0.0,0.0,0.0,0.0,0.0,0.0,0.0,0.0,0.0,0.0,0.0,0.0,0.0,0.0,0.0,0.0,0.0,0.0,0.1346353600722041,0.0,0.0,0.0,0.0,0.0,0.0,0.0,0.0,0.0,0.0,0.014940346558985683,0.13960913292875402,0.1315701367605725,0.0007495518246803161,0.06406597217496576,0.0,0.0,0.0,0.0,0.0,0.0,0.0,0.0,0.0,0.0,0.0,0.0,0.0,0.0,0.0,0.0,0.0,0.0,0.0,0.0,0.0,0.0,0.0,0.0,0.0,0.0,0.0,0.0,0.0,0.0,0.0,0.0,0.0,0.0,0.0,0.0,0.0,0.0,0.0,0.0,0.0,0.0,0.0,0.0,0.0,0.0,0.0,0.0,0.0,0.0,0.017434768182631656,0.10003163783724602,0.030900208687175454,0.026049945213230456,0.0,0.0,0.0,0.02264160458450337,0.0,0.0,0.0,0.0,0.0,0.0,0.0,0.0,0.0,0.05992921228900352,0.0,0.08022118287703922,0.0,0.0,0.0,0.0,0.0,0.0,0.0,0.0,0.0,0.0,0.0,0.0,0.0,0.0,0.0,0.0,0.0,0.027382691816526843,0.04405635816914662,OSD-427,GSM3331118
0.0,0.0,0.0,0.0,0.0,0.0,0.0,0.0,0.0,0.0,0.0,0.0,0.0,0.0,0.0,0.0,0.0,0.0,0.0,0.0,0.0,0.0,0.0,0.0,0.0,0.0,0.0,0.0,0.0,0.0,0.0,0.0,0.0,0.0,0.0,0.0,0.0,0.0,0.0,0.0,0.0,0.0,0.0,0.0,0.0,0.0,0.0,0.0,0.0,0.0,0.0,0.0,0.0,0.0,0.0,0.0,0.0,0.0,0.0,0.0,0.0,0.0,0.0,0.0,0.0,0.0,0.0,0.0,0.0,0.0,0.0,0.0,0.0,0.0,0.0,0.0,0.0,0.0,0.0,0.0,0.0,0.0,0.0,0.0,0.0,0.0,0.0,0.0,0.0,0.0,0.0,0.0,0.0,0.0,0.0,0.0,0.0,0.0,0.0,0.0,0.0,0.0,0.0,0.0,0.0,0.0,0.0,0.0,0.0,0.0,0.0,0.0,0.0,0.0,0.0,0.0,0.0,0.0,0.0,0.0,0.0,0.0,0.0,0.0,0.0,0.0,0.0,0.0,0.0,0.0,0.0,0.0,0.0,0.0,0.0,0.0,0.0,0.0,0.0,0.0,0.0,0.0,0.0,0.0,0.0,0.0,0.0,0.0,0.0,0.0,0.0,0.0,0.0,0.0,0.0,0.0,0.0,0.0,0.0,0.0,0.0,0.0,0.0,0.0,0.0,0.0,0.0,0.0,0.0,0.0,0.0,0.0,0.0,0.0,0.0,0.0,0.0,0.0,0.0,0.0,0.0,0.0,0.0,GSE143760,gene.1
0.0,0.0,0.0,0.011844592144480413,0.0,0.0,0.0,0.0,0.0,0.0,0.0,0.0,0.05620000790285303,0.0,0.0,0.0,0.21027040991932466,0.0,0.0,0.0,0.0,0.0,0.0,0.0,0.0,0.0,0.0,0.0,0.0,0.0,0.0,0.0,0.0,0.0,0.0,0.0,0.0,0.0,0.0,0.005835977299925697,0.0,0.0,0.0,0.0,0.0,0.0,0.0,0.0031593624001796192,0.0,0.0,0.0,0.0,0.0,0.027283457374087095,0.0,0.0,0.0,0.0,0.0,0.0,0.0,0.0,0.0,0.0,0.0,0.0,0.0,0.0,0.0,0.07456874853210377,0.0,0.0,0.0,0.0,0.0,0.0,0.0,0.0,0.09228567145998723,0.0,0.0,0.0,0.0,0.0,0.0,0.0,0.0,0.0,0.0,0.07670885874308286,0.028628760539819165,0.0,0.0,0.04424577890980744,0.0,0.0,0.0,0.0,0.0,0.0,0.0,0.0,0.0,0.0,0.0,0.0,0.0,0.0,0.0,0.0,0.0,0.0,0.0,0.0,0.0,0.0,0.0,0.0,0.0,0.0,0.0,0.0,0.0,0.0,0.0,0.0,0.0,0.0,0.0,0.0,0.0,0.0,0.0,0.0,0.0,0.0,0.0,0.0,0.0,0.0,0.0,0.0,0.0,0.0,0.01559518796193935,0.0,0.012237891085638612,0.026152427441664863,0.03269787054481497,0.0,0.0,0.01360584995587801,0.0,0.03289271654739325,0.0,0.006251700773745643,0.0,0.0,0.024226375588314805,0.0,0.0,0.01899298911014534,0.0,0.027994651736631904,0.0011859156315195338,0.0,0.05233328361039353,0.0,0.0,0.0,0.0,0.0,0.0,0.0,0.0,0.0,0.0,0.0,0.0,0.0,0.0,0.0,0.10480151478626909,GSE143760,Col0NT_1_S1_R1_001
0.0,0.0,0.0,0.011618412444916522,0.0,0.0,0.0,0.0,0.0,0.0,0.0,0.0,0.05396342803425029,0.0,0.0,0.0,0.21871434175154542,0.0,0.0,0.0,0.0,0.0,0.0,0.0,0.0,0.0,0.0,0.0,0.0,0.0,0.0,0.0,0.0,0.0,0.0,0.0,0.0,0.0,0.0,0.018042440103257156,0.0,0.0,0.0,0.0,0.0,0.0,0.0,0.0,0.0,0.0,0.0,0.0,0.0,0.024053556621141052,0.0,0.0,0.0,0.0,0.0,0.0,0.0,0.0,0.0,0.0,0.0,0.0,0.0,0.0,0.0,0.08023300997447697,0.0,0.0,0.0,0.0,0.0,0.0,0.0,0.0,0.08532601271035657,0.0,0.0,0.0,0.0,0.0,0.0,0.0,0.0,0.0,0.0,0.09086773722725475,0.024936543655453284,0.00010799120013185327,0.0,0.04555403162991413,0.0,0.0,0.0,0.0,0.0,0.0,0.0,0.0,0.0,0.0,0.0,0.0,0.0,0.0,0.0,0.0,0.0,0.0,0.0,0.0,0.0,0.0,0.0,0.0,0.0,0.0,0.0,0.0,0.0,0.0,0.0,0.0,0.0,0.0,0.0,0.0,0.0,0.0,0.0,0.0,0.0,0.0,0.0,0.0,0.0,0.0,0.0,0.0,0.0,0.0,0.016672366304158154,0.0,0.013276882132085251,0.0273120393544576,0.02828708485632039,0.0,0.0,0.013363656225065162,0.0,0.023594730145147968,0.0,0.008834048133961105,0.0,0.0,0.01834714963776014,0.0,0.0,0.015311418444257211,0.0,0.022344574547377066,0.002699097840806159,0.0,0.05546225094529816,0.0,0.0,0.0,0.0,0.0,0.0,0.0,0.0,0.0,0.0,0.0,0.0,0.0,0.0,0.0,0.10107719608060772,GSE143760,Col0NT_2_S2_R1_001
0.0,0.0,0.0,0.011554941630455768,0.0,0.0,0.0,0.0,0.0,0.0,0.0,0.0,0.05562418060687911,0.0,0.0,0.0,0.21320268711262963,0.0,0.0,0.0,0.0,0.0,0.0,0.0,0.0,0.0,0.0,0.0,0.0,0.0,0.0,0.0,0.0,0.0,0.0,0.0,0.0,0.0,0.0,0.01595499982996729,0.0,0.0,0.0,0.0,0.0,0.0,0.0,0.0,0.0,0.0,0.0,0.0,0.0,0.033317798509927374,0.0,0.0,0.0,0.0,0.0,0.0,0.0,0.0,0.0,0.0,0.0,0.0,0.0,0.0,0.0,0.07335780945726546,0.0,0.0,0.0,0.0,0.0,0.0,0.0,0.0,0.09072212238645297,0.0,0.0,0.0,0.0,0.0,0.0,0.0,0.0,0.0,0.0,0.061626389115818636,0.03155352152714614,0.006570154470704941,0.0,0.041947359514077395,0.0,0.0,0.0,0.0,0.0,0.0,0.0,0.0,0.0,0.0,0.0,0.0,0.0,0.0,0.0,0.0,0.0,0.0,0.0,0.0,0.0,0.0,0.0,0.0,0.0,0.0,0.0,0.0,0.0,0.0,0.0,0.0,0.0,0.0,0.0,0.0,0.0,0.0,0.0,0.0,0.0,0.0,0.0,0.0,0.0,0.0,0.0,0.0,0.0,0.0,0.007239011733394528,0.0,0.013927399379493938,0.026792811307357813,0.03616630967527013,0.0,0.0,0.01376140408317812,0.0,0.03327154585085403,0.0,0.00906561479625098,0.0,0.0,0.01721996627148018,0.0,0.0,0.0225576942400948,0.0,0.02878416461127582,0.003969716123288325,0.0,0.04858605504482493,0.0,0.0,0.0,0.0,0.0,0.0,0.0,0.0,0.0,0.0,0.0,0.0,0.0,0.0,0.0,0.10322634272191165,GSE143760,Col0NT_5_S3_R1_001
0.0,0.0,0.0,0.0,0.0,0.0,0.0,0.0,0.0,0.0,0.0,0.0,0.04296072437930951,0.0,0.0,0.0,0.16246914509711669,0.0,0.0,0.0,0.0,0.0,0.0,0.0,0.0,0.0,0.0,0.019821947458889246,0.0,0.0,0.0,0.0,0.0,0.0,0.0,0.0,0.0,0.0,0.0,0.05476700081068142,0.0,0.0,0.0,0.0,0.0,0.0,0.0,0.0,0.0,0.0,0.0,0.0,0.0,0.009117097305560217,0.0,0.0,0.0,0.0,0.0,0.0,0.0,0.0,0.0,0.0,0.0,0.0,0.0,0.0,0.0,0.08235253317117154,0.0,0.0,0.0,0.0,0.0,0.0,0.0,0.0,0.06741065398088429,0.0,0.0,0.0,0.0,0.0,0.0,0.0,0.0,0.0,0.0,0.137074087360876,0.008742000675802162,0.0,0.0,0.048449320977745965,0.0,0.0,0.0,0.0,0.0,0.0,0.0,0.0,0.0,0.0,0.0,0.0,0.0,0.0,0.0,0.0,0.0,0.0,0.0,0.0,0.0,0.0,0.0,0.0,0.0,0.0,0.0,0.0,0.0,0.0,0.0,0.0,0.0,0.0,0.0,0.0,0.0,0.0,0.0,0.0,0.0,0.0,0.0,0.0,0.0,0.0,0.0,0.0,0.0,0.0,0.026794512010499417,0.0,0.008810826458974932,0.021787180703523604,0.01752611664803715,0.0,0.0,0.01283108299088341,0.0,0.01848137268941489,0.011104973395600558,0.004284049844383056,0.0,0.0,0.025849793853692783,0.0,0.0,0.009408581888009871,0.0,0.05033876964167734,0.0026993546788395615,0.0,0.007945345140475419,0.0,0.0,0.0,0.0,0.0,0.0,0.0,0.0,0.0,0.0,0.0,0.0,0.0,0.0,0.0,0.14897352883795095,GSE143760,Col0UV_1_S16_R1_001
0.0,0.0,0.0,0.0,0.0,0.0,0.0,0.0,0.0,0.0,0.0,0.0,0.04011102378269997,0.0,0.0,0.0,0.1736806441667562,0.0,0.0,0.0,0.0,0.0,0.0,0.0,0.0,0.0,0.0,0.014998606703052104,0.0,0.0,0.0,0.0,0.0,0.0,0.0,0.0,0.0,0.0,0.0,0.06104517418970719,0.0,0.0,0.0,0.0,0.0,0.0,0.0,0.0,0.0,0.0,0.0,0.0,0.0,0.011019756635903167,0.0,0.0,0.0,0.0,0.0,0.0,0.0,0.0,0.0,0.0,0.0,0.0,0.0,0.0,0.0,0.08656111646927268,0.0,0.0,0.0,0.0,0.0,0.0,0.0,0.0,0.06351924917983394,0.0,0.0,0.0,0.0,0.0,0.0,0.0,0.0,0.0,0.0,0.1366138854997761,0.008160643832923113,0.0,0.0,0.05461403030567877,0.0,0.0,0.0,0.0,0.0,0.0,0.0,0.0,0.0,0.0,0.0,0.0,0.0,0.0,0.0,0.0,0.0,0.0,0.0,0.0,0.0,0.0,0.0,0.0,0.0,0.0,0.0,0.0,0.0,0.0,0.0,0.0,0.0,0.0,0.0,0.0,0.0030589556610444157,0.0,0.0,0.0,0.0,0.0,0.0,0.0,0.0,0.0,0.0,0.0,0.0,0.0,0.025843382676569642,0.0,0.009193235927802251,0.02081897739497066,0.015395421832501222,0.0,0.0,0.012778005752027853,0.0,0.008499711289482601,0.011184977338714019,0.0053619259054291735,0.0,0.0,0.03156240585099964,0.0,0.0,0.006550785564455938,0.0,0.03534580058179264,0.0027839722184820805,0.0,0.024004036991993483,0.0,0.0,0.0,0.0,0.0,0.0,0.0,0.0,0.0,0.0,0.0,0.0,0.0,0.0,0.0,0.13729427424813112,GSE143760,Col0UV_4_S17_R1_001
0.0,0.0,0.0,0.0,0.0,0.0,0.0,0.0,0.0,0.0,0.0,0.0,0.04272900090273064,0.0,0.0,0.0,0.17375150656995753,0.0,0.0,0.0,0.0,0.0,0.0,0.0,0.0,0.0,0.0,0.024657811869317176,0.0,0.0,0.0,0.0,0.0,0.0,0.0,0.0,0.0,0.0,0.0,0.04305878929202645,0.0,0.0,0.0,0.0,0.0,0.0,0.0,0.0,0.0,0.0,0.0,0.0,0.0,0.010663578884662128,0.0,0.0,0.0,0.0,0.0,0.0,0.0,0.0,0.0,0.0,0.0,0.0,0.0,0.0,0.0,0.0836403577857924,0.0,0.0,0.0,0.0,0.0,0.0,0.0,0.0,0.06741925797003932,0.0,0.0,0.0,0.0,0.0,0.0,0.0,0.0,0.0,0.0,0.1281771041812392,0.009182764287985253,0.0,0.0,0.054211337197429606,0.0,0.0,0.0,0.0,0.0,0.0,0.0,0.0,0.0,0.0,0.0,0.0,0.0,0.0,0.0,0.0,0.0,0.0,0.0,0.0,0.0,0.0,0.0,0.0,0.0,0.0,0.0,0.0,0.0,0.0,0.0,0.0,0.0,0.0,0.0,0.0,0.0,0.0,0.0,0.0,0.0,0.0,0.0,0.0,0.0,0.0,0.0,0.0,0.0,0.0,0.025309864721844884,0.0,0.009350390749352101,0.023080275525329888,0.016479137157808216,0.0,0.0,0.01377863527687007,0.0,0.014987983084265522,0.011792707375036782,0.005255329812278124,0.0,0.0,0.021177898099419282,0.0,0.0,0.006379109166854649,0.0,0.04119595913902706,0.004075575726323505,0.0,0.017245617731300626,0.0,0.0,0.0,0.0,0.0,0.0,0.0,0.0,0.0,0.0,0.0,0.0,0.0,0.0,0.0,0.15240000749310956,GSE143760,Col0UV_5_S18_R1_001
0.0,0.0,0.0,0.01046604276958964,0.0,0.0,0.0,0.0,0.0,0.0,0.0,0.0,0.04950482989971228,0.0,0.0,0.0,0.21851895959717352,0.0,0.0,0.0,0.0,0.0,0.0,0.0,0.0,0.0,0.0,0.0,0.0,0.0,0.0,0.0,0.0,0.0,0.0,0.0,0.0,0.0,0.0,0.020625697167525377,0.0,0.0,0.0,0.0,0.0,0.0,0.0,0.0,0.0,0.0,0.0,0.0,0.0,0.0264444027969176,0.0,0.0,0.0,0.0,0.0,0.0,0.0,0.0,0.0,0.0,0.0,0.0,0.0,0.0,0.0,0.07880250052513273,0.0,0.0,0.0,0.0,0.0,0.0,0.0,0.0,0.08588762493748683,0.0,0.0,0.0,0.0,0.0,0.0,0.0,0.0,0.0,0.0,0.09033572615531447,0.02343969679295976,0.0032765161867237564,0.0,0.04790534562422191,0.0,0.0,0.0,0.0,0.0,0.0,0.0,0.0,0.0,0.0,0.0,0.0,0.0,0.0,0.0,0.0,0.0,0.0,0.0,0.0,0.0,0.0,0.0,0.0,0.0,0.0,0.0,0.0,0.0,0.0,0.0,0.0,0.0,0.0,0.0,0.0,0.0,0.0,0.0,0.0,0.0,0.0,0.0,0.0,0.0,0.0,0.0,0.0,0.0,0.0,0.018824634517592382,0.0,0.011040398660482672,0.025437019676222285,0.030983412267307036,0.0,0.0,0.015168952518017037,0.0,0.02104323697468438,0.0,0.006035326728234757,0.0,0.0,0.020497672466733258,0.0,0.0,0.013332986501973187,0.0,0.024817157253656876,0.0033920016462655007,0.0,0.060241500404507604,0.0,0.0,0.0,0.0,0.0,0.0,0.0,0.0,0.0,0.0,0.0,0.0,0.0,0.0,0.0,0.093978357931565,GSE143760,phot1NT_3_S4_R1_001
0.0,0.0,0.0,0.010578723694173618,0.0,0.0,0.0,0.0,0.0,0.0,0.0,0.0,0.04602215502011539,0.0,0.0,0.0,0.19658074403213746,0.0,0.0,0.0,0.0,0.0,0.0,0.0,0.0,0.0,0.0,0.0,0.0,0.0,0.0,0.0,0.0,0.0,0.0,0.0,0.0,0.0,0.0,0.04762531897412505,0.0,0.0,0.0,0.0,0.0,0.0,0.0,0.021824397274649555,0.0,0.0,0.0,0.0,0.0,0.028860980397527235,0.0,0.0,0.0,0.0,0.0,0.0,0.0,0.0,0.0,0.0,0.0,0.0,0.0,0.0,0.0,0.07064632447013221,0.0,0.0,0.0,0.0,0.0,0.0,0.0,0.0,0.09198059996966369,0.0,0.0,0.0,0.0,0.0,0.0,0.0,0.0,0.0,0.0,0.08724920205587629,0.023934653639119542,0.0,0.0,0.044714492040622694,0.0,0.0,0.0,0.0,0.0,0.0,0.0,0.0,0.0,0.0,0.0,0.0,0.0,0.0,0.0,0.0,0.0,0.0,0.0,0.0,0.0,0.0,0.0,0.0,0.0,0.0,0.0,0.0,0.0,0.0,0.0,0.0,0.0,0.0,0.0,0.0,0.0,0.0,0.0,0.0,0.0,0.0,0.0,0.0,0.0,0.0,0.0,0.0,0.0,0.0,0.012905133914005587,0.0,0.011354728282874838,0.024654150998775395,0.033258360022787425,0.0,0.0,0.01398810768833347,0.0,0.02141679171603091,0.0,0.006394130619701177,0.0,0.0,0.02365464188775454,0.0,0.0,0.013429054118017049,0.0,0.019588289724439295,0.003537158911627541,0.0,0.06442485005005202,0.0,0.0,0.0,0.0,0.0,0.0,0.0,0.0,0.0,0.0,0.0,0.0,0.0,0.0,0.0,0.08137701049745806,GSE143760,phot1NT_4_S5_R1_001
0.0,0.0,0.0,0.010907120823640057,0.0,0.0,0.0,0.0,0.0,0.0,0.0,0.0,0.04874184835997781,0.0,0.0,0.0,0.20827272666818192,0.0,0.0,0.0,0.0,0.0,0.0,0.0,0.0,0.0,0.0,0.0,0.0,0.0,0.0,0.0,0.0,0.0,0.0,0.0,0.0,0.0,0.0,0.0315779808569633,0.0,0.0,0.0,0.0,0.0,0.0,0.0,0.004871480351543175,0.0,0.0,0.0,0.0,0.0,0.03429119736054064,0.0,0.0,0.0,0.0,0.0,0.0,0.0,0.0,0.0,0.0,0.0,0.0,0.0,0.0,0.0,0.07103231790634923,0.0,0.0,0.0,0.0,0.0,0.0,0.0,0.0,0.0904513114620445,0.0,0.0,0.0,0.0,0.0,0.0,0.0,0.0,0.0,0.0,0.08449455908863313,0.02521364718128604,0.0,0.0,0.03981429786130124,0.0,0.0,0.0,0.0,0.0,0.0,0.0,0.0,0.0,0.0,0.0,0.0,0.0,0.0,0.0,0.0,0.0,0.0,0.0,0.0,0.0,0.0,0.0,0.0,0.0,0.0,0.0,0.0,0.0,0.0,0.0,0.0,0.0,0.0,0.0,0.0,0.0,0.0,0.0,0.0,0.0,0.0,0.0,0.0,0.0,0.0,0.0,0.0,0.0,0.0,0.013405297388336158,0.0,0.011778706732780935,0.025643450377724537,0.033105842823465285,0.0,0.0,0.014097586003396575,0.0,0.024043731237446915,0.0,0.007432985169391565,0.0,0.0,0.0274279179066844,0.0,0.0,0.014704582571464793,0.0,0.025268246821028104,0.0034676740441798412,0.0,0.05864304587106352,0.0,0.0,0.0,0.0,0.0,0.0,0.0,0.0,0.0,0.0,0.0,0.0,0.0,0.0,0.0,0.09131244513257653,GSE143760,phot1NT_5_S6_R1_001
0.0,0.0,0.0,0.010480540022519825,0.0,0.0,0.0,0.0,0.0,0.0,0.0,0.0,0.04310586068191223,0.0,0.0,0.0,0.2055565891799415,0.0,0.0,0.0,0.0,0.0,0.0,0.0,0.0,0.0,0.0,0.0,0.0,0.0,0.0,0.0,0.0,0.0,0.0,0.0,0.0,0.0,0.0,0.04745342919855785,0.0,0.0,0.0,0.0,0.0,0.0,0.0,0.0015089897318620712,0.0,0.0,0.0,0.0,0.0,0.03241665659732381,0.0,0.0,0.0,0.0,0.0,0.0,0.0,0.0,0.0,0.0,0.0,0.0,0.0,0.0,0.0,0.06827784171411232,0.0,0.0,0.0,0.0,0.0,0.0,0.0,0.0,0.091185857680206,0.0,0.0,0.0,0.0,0.0,0.0,0.0,0.0,0.0,0.0,0.09311383724022107,0.021210816229227335,0.007374221709083224,0.0,0.04724012479330783,0.0,0.0,0.0,0.0,0.0,0.0,0.0,0.0,0.0,0.0,0.0,0.0,0.0,0.0,0.0,0.0,0.0,0.0,0.0,0.0,0.0,0.0,0.0,0.0,0.0,0.0,0.0,0.0,0.0,0.0,0.0,0.0,0.0,0.0,0.0,0.0,0.0,0.0,0.0,0.0,0.0,0.0,0.0,0.0,0.0,0.0,0.0,0.0,0.0,0.0,0.017093212459423402,0.0,0.011562017548913117,0.0250588606002277,0.03334181219505768,0.0,0.0,0.015009717370559431,0.0,0.024286688640396587,0.0,0.005463795777016953,0.0,0.0,0.02360116509082565,0.0,0.0,0.015305270705062969,0.0,0.024055752048288737,0.0016116541287160555,0.0,0.05802628541033813,0.0,0.0,0.0,0.0,0.0,0.0,0.0,0.0,0.0,0.0,0.0,0.0,0.0,0.0,0.0,0.0766590032468988,GSE143760,phot1slash2NT_1_S10_R1_001
0.0,0.0,0.0,0.01045958341450625,0.0,0.0,0.0,0.0,0.0,0.0,0.0,0.0,0.050232552907476545,0.0,0.0,0.0,0.23886303390493627,0.0,0.0,0.0,0.0,0.0,0.0,0.0,0.0,0.0,0.0,0.0,0.0,0.0,0.0,0.0,0.0,0.0,0.0,0.0,0.0,0.0,0.0,0.013735603282377745,0.0,0.0,0.0,0.0,0.0,0.0,0.0,0.0,0.0,0.0,0.0,0.0,0.0,0.027904074817258526,0.0,0.0,0.0,0.0,0.0,0.0,0.0,0.0,0.0,0.0,0.0,0.0,0.0,0.0,0.0,0.07417367542389879,0.0,0.0,0.0,0.0,0.0,0.0,0.0,0.0,0.08384423728733328,0.0,0.0,0.0,0.0,0.0,0.0,0.0,0.0,0.0,0.0,0.09302552759252466,0.02452625718860952,0.0,0.0,0.0490911341729813,0.0,0.0,0.0,0.0,0.0,0.0,0.0,0.0,0.0,0.0,0.0,0.0,0.0,0.0,0.0,0.0,0.0,0.0,0.0,0.0,0.0,0.0,0.0,0.0,0.0,0.0,0.0,0.0,0.0,0.0,0.0,0.0,0.0,0.0,0.0,0.0,0.0,0.0,0.0,0.0,0.0,0.0,0.0,0.0,0.0,0.0,0.0,0.0,0.0,0.0,0.022578456828214258,0.0,0.012894129980067314,0.027582086840205768,0.03384889934736229,0.0,0.0,0.01638761850202111,0.0,0.01740411451389872,0.0,0.005959865290962657,0.0,0.0,0.019217912768893702,0.0,0.0,0.012049337722602537,0.0,0.017486293245402212,0.00508967199617807,0.0,0.06200592437030007,0.0,0.0,0.0,0.0,0.0,0.0,0.0,0.0,0.0,0.0,0.0,0.0,0.0,0.0,0.0,0.08164000860198833,GSE143760,phot1slash2NT_2_S11_R1_001
0.0,0.0,0.0,0.010232903156368597,0.0,0.0,0.0,0.0,0.0,0.0,0.0,0.0,0.05043550892488744,0.0,0.0,0.0,0.22073951561000602,0.0,0.0,0.0,0.0,0.0,0.0,0.0,0.0,0.0,0.0,0.0,0.0,0.0,0.0,0.0,0.0,0.0,0.0,0.0,0.0,0.0,0.0,0.03383262527011488,0.0,0.0,0.0,0.0,0.0,0.0,0.0,0.009761422096692708,0.0,0.0,0.0,0.0,0.0,0.027274469417890027,0.0,0.0,0.0,0.0,0.0,0.0,0.0,0.0,0.0,0.0,0.0,0.0,0.0,0.0,0.0,0.06536604446232526,0.0,0.0,0.0,0.0,0.0,0.0,0.0,0.0,0.092363002326855,0.0,0.0,0.0,0.0,0.0,0.0,0.0,0.0,0.0,0.0,0.09302960781693036,0.024288218380874364,0.0,0.0,0.0388384756100614,0.0,0.0,0.0,0.0,0.0,0.0,0.0,0.0,0.0,0.0,0.0,0.0,0.0,0.0,0.0,0.0,0.0,0.0,0.0,0.0,0.0,0.0,0.0,0.0,0.0,0.0,0.0,0.0,0.0,0.0,0.0,0.0,0.0,0.0,0.0,0.0,0.0,0.0,0.0,0.0,0.0,0.0,0.0,0.0,0.0,0.0,0.0,0.0,0.0,0.0,0.015221409672723478,0.0,0.01141011465201983,0.026913300698204058,0.03347134459930631,0.0,0.0,0.015009021836954699,0.0,0.023672561312640377,0.0,0.007755780059196849,0.0,0.0,0.023874069215397337,0.0,0.0,0.01352930913147999,0.0,0.02128498980211151,0.004561808525962857,0.0,0.05246172996877937,0.0,0.0,0.0,0.0,0.0,0.0,0.0,0.0,0.0,0.0,0.0,0.0,0.0,0.0,0.0,0.0846727674522172,GSE143760,phot1slash2NT_5_S12_R1_001
0.0,0.0,0.0,0.0,0.0,0.0,0.0,0.0,0.0,0.0,0.0,0.0,0.0337503463817154,0.0,0.0,0.0,0.18326573802004859,0.0,0.0,0.0,0.0,0.0,0.0,0.0,0.0,0.0,0.0,0.008530678530933214,0.0,0.0,0.0,0.0,0.0,0.0,0.0,0.0,0.0,0.0,0.0,0.07125879825551452,0.0,0.0,0.0,0.0,0.0,0.0,0.0,0.0,0.0,0.0,0.0,0.0,0.0,0.022984507782593463,0.0,0.0,0.0,0.0,0.0,0.0,0.0,0.0,0.0,0.0,0.0,0.0,0.0,0.0,0.0,0.06707052911469953,0.0,0.0,0.0,0.0,0.0,0.0,0.0,0.0,0.07417333247095512,0.0,0.0,0.0,0.0,0.0,0.0,0.0,0.0,0.0,0.0,0.13911971641444065,0.007383576440959585,0.0,0.0,0.04380245255138282,0.0,0.0,0.0,0.0,0.0,0.0,0.0,0.0,0.0,0.0,0.0,0.0,0.0,0.0,0.0,0.0,0.0,0.0,0.0,0.0,0.0,0.0,0.0,0.0,0.0,0.0,0.0,0.0,0.0,0.0,0.0,0.0,0.0,0.0,0.0,0.0,0.0,0.0,0.0,0.0,0.0,0.0,0.0,0.0,0.0,0.0,0.0,0.0,0.0,0.0,0.014401028170137765,0.0,0.008506799370857337,0.025262534529996994,0.019671462920940866,0.0,0.0,0.01320373750162906,0.0,0.010005406342744477,0.010364019804040154,0.005119499713751816,0.0,0.0,0.04082370249334879,0.0,0.0,0.00946763267148807,0.0,0.015027149816328734,0.0,0.0,0.03337937542690518,0.0,0.0,0.0,0.0,0.0,0.0,0.0,0.0,0.0,0.0,0.0,0.0,0.0,0.0,0.0,0.14342797527458787,GSE143760,phot1slash2UV_1_S25_R1_001
0.0,0.0,0.0,0.0,0.0,0.0,0.0,0.0,0.0,0.0,0.0,0.0,0.0339191984839303,0.0,0.0,0.0,0.17583557080941584,0.0,0.0,0.0,0.0,0.0,0.0,0.0,0.0,0.0,0.0,0.006674144624807977,0.0,0.0,0.0,0.0,0.0,0.0,0.0,0.0,0.0,0.0,0.0,0.08131301907442326,0.0,0.0,0.0,0.0,0.0,0.0,0.0,0.0,0.0,0.0,0.0,0.0,0.0,0.023915279419425544,0.0,0.0,0.0,0.0,0.0,0.0,0.0,0.0,0.0,0.0,0.0,0.0,0.0,0.0,0.0,0.06520622624245491,0.0,0.0,0.0,0.0,0.0,0.0,0.0,0.0,0.07791301875555175,0.0,0.0,0.0,0.0,0.0,0.0,0.0,0.0,0.0,0.0,0.1302275724848437,0.007949605356313852,0.001455656267826268,0.0,0.04693566050488627,0.0,0.0,0.0,0.0,0.0,0.0,0.0,0.0,0.0,0.0,0.0,0.0,0.0,0.0,0.0,0.0,0.0,0.0,0.0,0.0,0.0,0.0,0.0,0.0,0.0,0.0,0.0,0.0,0.0,0.0,0.0,0.0,0.0,0.0,0.0,0.0,0.0,0.0,0.0,0.0,0.0,0.0,0.0,0.0,0.0,0.0,0.0,0.0,0.0,0.0,0.014541331041795355,0.0,0.00888669445586469,0.023163922376518455,0.018994725385335483,0.0,0.0,0.012697770848916934,0.0,0.010096921473253235,0.011473592624823871,0.004910545044949517,0.0,0.0,0.0400870149879637,0.0,0.0,0.008565794869336753,0.0,0.019026993153867428,0.0017043151702961074,0.0,0.03265406950698205,0.0,0.0,0.0,0.0,0.0,0.0,0.0,0.0,0.0,0.0,0.0,0.0,0.0,0.0,0.0,0.14185135703621676,GSE143760,phot1slash2UV_2_S26_R1_001
0.0,0.0,0.0,0.0,0.0,0.0,0.0,0.0,0.0,0.0,0.0,0.0,0.037153419579297756,0.0,0.0,0.0,0.19502462822543412,0.0,0.0,0.0,0.0,0.0,0.0,0.0,0.0,0.0,0.0,0.012780538048353026,0.0,0.0,0.0,0.0,0.0,0.0,0.0,0.0,0.0,0.0,0.0,0.07103129058220739,0.0,0.0,0.0,0.0,0.0,0.0,0.0,0.0,0.0,0.0,0.0,0.0,0.0,0.015484319100668347,0.0,0.0,0.0,0.0,0.0,0.0,0.0,0.0,0.0,0.0,0.0,0.0,0.0,0.0,0.0,0.07419296646275016,0.0,0.0,0.0,0.0,0.0,0.0,0.0,0.0,0.0708705815322072,0.0,0.0,0.0,0.0,0.0,0.0,0.0,0.0,0.0,0.0,0.141347358399324,0.005221610721987315,0.0,0.0,0.048461885048519976,0.0,0.0,0.0,0.0,0.0,0.0,0.0,0.0,0.0,0.0,0.0,0.0,0.0,0.0,0.0,0.0,0.0,0.0,0.0,0.0,0.0,0.0,0.0,0.0,0.0,0.0,0.0,0.0,0.0,0.0,0.0,0.0,0.0,0.0,0.0,0.0,0.0,0.0,0.0,0.0,0.0,0.0,0.0,0.0,0.0,0.0,0.0,0.0,0.0,0.0,0.017548025571678047,0.0,0.009128315918527325,0.025350923728615134,0.018942173335105523,0.0,0.0,0.014153427841893513,0.0,0.01187957903209544,0.01095201507978642,0.004272344935803992,0.0,0.0,0.03338601899376724,0.0,0.0,0.01062351780090381,0.0,0.01069659901737168,0.0008282106681359971,0.0,0.029425947423334205,0.0,0.0,0.0,0.0,0.0,0.0,0.0,0.0,0.0,0.0,0.0,0.0,0.0,0.0,0.0,0.1312443029522324,GSE143760,phot1slash2UV_3_S27_R1_001
0.0,0.0,0.0,0.0,0.0,0.0,0.0,0.0,0.0,0.0,0.0,0.0,0.03997975018746181,0.0,0.0,0.0,0.17490734354798906,0.0,0.0,0.0,0.0,0.0,0.0,0.0,0.0,0.0,0.0,0.028777274775905057,0.0,0.0,0.0,0.0,0.0,0.0,0.0,0.0,0.0,0.0,0.0,0.06126609309810813,0.0,0.0,0.0,0.0,0.0,0.0,0.0,0.0,0.0,0.0,0.0,0.0,0.0,0.01610856604680061,0.0,0.0,0.0,0.0,0.0,0.0,0.0,0.0,0.0,0.0,0.0,0.0,0.0,0.0,0.0,0.07723676690508662,0.0,0.0,0.0,0.0,0.0,0.0,0.0,0.0,0.0691110975417502,0.0,0.0,0.0,0.0,0.0,0.0,0.0,0.0,0.0,0.0,0.14157735707826702,0.005487810886611034,0.0,0.0,0.049146666452292966,0.0,0.0,0.0,0.0,0.0,0.0,0.0,0.0,0.0,0.0,0.0,0.0,0.0,0.0,0.0,0.0,0.0,0.0,0.0,0.0,0.0,0.0,0.0,0.0,0.0,0.0,0.0,0.0,0.0,0.0,0.0,0.0,0.0,0.0,0.0,0.0,0.0,0.0,0.0,0.0,0.0,0.0,0.0,0.0,0.0,0.0,0.0,0.0,0.0,0.0,0.018464910920188236,0.0,0.007618599973789727,0.022178812686134412,0.01816901762415008,0.0,0.0,0.014054704924659333,0.0,0.020535485424674513,0.010029567720026503,0.0050811907658289855,0.0,0.0,0.03632951247701265,0.0,0.0,0.011168558360838911,0.0,0.023954505986187164,0.0024035944827820763,0.0,0.01890073564656616,0.0,0.0,0.0,0.0,0.0,0.0,0.0,0.0,0.0,0.0,0.0,0.0,0.0,0.0,0.0,0.12751207648688875,GSE143760,phot1UV_1_S19_R1_001
0.0,0.0,0.0,0.0,0.0,0.0,0.0,0.0,0.0,0.0,0.0,0.0,0.03936950513667105,0.0,0.0,0.0,0.18223779929158754,0.0,0.0,0.0,0.0,0.0,0.0,0.0,0.0,0.0,0.0,0.018055030912501886,0.0,0.0,0.0,0.0,0.0,0.0,0.0,0.0,0.0,0.0,0.0,0.05894091409507382,0.0,0.0,0.0,0.0,0.0,0.0,0.0,0.0,0.0,0.0,0.0,0.0,0.0,0.01767649020354723,0.0,0.0,0.0,0.0,0.0,0.0,0.0,0.0,0.0,0.0,0.0,0.0,0.0,0.0,0.0,0.0759118202358986,0.0,0.0,0.0,0.0,0.0,0.0,0.0,0.0,0.07461551096589099,0.0,0.0,0.0,0.0,0.0,0.0,0.0,0.0,0.0,0.0,0.14793406800158188,0.005541539078332304,0.0,0.0,0.04467746548262095,0.0,0.0,0.0,0.0,0.0,0.0,0.0,0.0,0.0,0.0,0.0,0.0,0.0,0.0,0.0,0.0,0.0,0.0,0.0,0.0,0.0,0.0,0.0,0.0,0.0,0.0,0.0,0.0,0.0,0.0,0.0,0.0,0.0,0.0,0.0,0.0,0.0,0.0,0.0,0.0,0.0,0.0,0.0,0.0,0.0,0.0,0.0,0.0,0.0,0.0,0.017756304685087383,0.0,0.007682807299509448,0.02171385749910982,0.014616266630196825,0.0,0.0,0.013406629570969737,0.0,0.013858840232350237,0.011211159140021073,0.004845603722232061,0.0,0.0,0.031890711091076815,0.0,0.0,0.010458773028597487,0.0,0.033799486090726034,0.002888384033783131,0.0,0.027436923830901832,0.0,0.0,0.0,0.0,0.0,0.0,0.0,0.0,0.0,0.0,0.0,0.0,0.0,0.0,0.0,0.12347410974173174,GSE143760,phot1UV_4_S20_R1_001
0.0,0.0,0.0,0.0,0.0,0.0,0.0,0.0,0.0,0.0,0.0,0.0,0.04406143267839515,0.0,0.0,0.0,0.17710270253892024,0.0,0.0,0.0,0.0,0.0,0.0,0.0,0.0,0.0,0.0,0.027473496180817295,0.0,0.0,0.0,0.0,0.0,0.0,0.0,0.0,0.0,0.0,0.0,0.051337213700516075,0.0,0.0,0.0,0.0,0.0,0.0,0.0,0.0,0.0,0.0,0.0,0.0,0.0,0.009299283910783981,0.0,0.0,0.0,0.0,0.0,0.0,0.0,0.0,0.0,0.0,0.0,0.0,0.0,0.0,0.0,0.08374508958359038,0.0,0.0,0.0,0.0,0.0,0.0,0.0,0.0,0.06535448071874234,0.0,0.0,0.0,0.0,0.0,0.0,0.0,0.0,0.0,0.0,0.13709175693744474,0.007705260277295561,0.0,0.0,0.05188150033665007,0.0,0.0,0.0,0.0,0.0,0.0,0.0,0.0,0.0,0.0,0.0,0.0,0.0,0.0,0.0,0.0,0.0,0.0,0.0,0.0,0.0,0.0,0.0,0.0,0.0,0.0,0.0,0.0,0.0,0.0,0.0,0.0,0.0,0.0,0.0,0.0,0.0,0.0,0.0,0.0,0.0,0.0,0.0,0.0,0.0,0.0,0.0,0.0,0.0,0.0,0.02263940658416506,0.0,0.00872025287991347,0.022900363508924226,0.01651605420056447,0.0,0.0,0.013497234386695508,0.0,0.018732499523056653,0.011524260714356927,0.0037360418982014328,0.0,0.0,0.019815540281777934,0.0,0.0,0.010468228861349588,0.0,0.04357633757026197,0.00483941135988201,0.0,0.012950864851280719,0.0,0.0,0.0,0.0,0.0,0.0,0.0,0.0,0.0,0.0,0.0,0.0,0.0,0.0,0.0,0.13503128651641422,GSE143760,phot1UV_5_S21_R1_001
0.0,0.0,0.0,0.010782933812775477,0.0,0.0,0.0,0.0,0.0,0.0,0.0,0.0,0.04694613060035545,0.0,0.0,0.0,0.2014933101391891,0.0,0.0,0.0,0.0,0.0,0.0,0.0,0.0,0.0,0.0,0.0,0.0,0.0,0.0,0.0,0.0,0.0,0.0,0.0,0.0,0.0,0.0,0.03918711336727682,0.0,0.0,0.0,0.0,0.0,0.0,0.0,0.008071630824228536,0.0,0.0,0.0,0.0,0.0,0.024721491981175788,0.0,0.0,0.0,0.0,0.0,0.0,0.0,0.0,0.0,0.0,0.0,0.0,0.0,0.0,0.0,0.07050881847568345,0.0,0.0,0.0,0.0,0.0,0.0,0.0,0.0,0.08832652319294039,0.0,0.0,0.0,0.0,0.0,0.0,0.0,0.0,0.0,0.0,0.09822562835174378,0.022821303861541357,0.0,0.0,0.041017184227937,0.0,0.0,0.0,0.0,0.0,0.0,0.0,0.0,0.0,0.0,0.0,0.0,0.0,0.0,0.0,0.0,0.0,0.0,0.0,0.0,0.0,0.0,0.0,0.0,0.0,0.0,0.0,0.0,0.0,0.0,0.0,0.0,0.0,0.0,0.0,0.0,0.0,0.0,0.0,0.0,0.0,0.0,0.0,0.0,0.0,0.0,0.0,0.0,0.0,0.0,0.015762107995475224,0.0,0.012636481605837253,0.025628575399297977,0.02921409744824041,0.0,0.0,0.014130262324109681,0.0,0.022453563411692634,0.0,0.007861425826603801,0.0,0.0,0.025498736505287747,0.0,0.0,0.0115119825397162,0.0,0.025826475092473787,0.0022458484474209427,0.0,0.060884590670421006,0.0,0.0,0.0,0.0,0.0,0.0,0.0,0.0,0.0,0.0,0.0,0.0,0.0,0.0,0.0,0.09424378389857631,GSE143760,phot2NT_3_S7_R1_001
0.0,0.0,0.0,0.009906237942328696,0.0,0.0,0.0,0.0,0.0,0.0,0.0,0.0,0.047614166905646925,0.0,0.0,0.0,0.2006996360567754,0.0,0.0,0.0,0.0,0.0,0.0,0.0,0.0,0.0,0.0,0.0,0.0,0.0,0.0,0.0,0.0,0.0,0.0,0.0,0.0,0.0,0.0,0.042175796328370006,0.0,0.0,0.0,0.0,0.0,0.0,0.0,0.01403646193864499,0.0,0.0,0.0,0.0,0.0,0.025692563171362596,0.0,0.0,0.0,0.0,0.0,0.0,0.0,0.0,0.0,0.0,0.0,0.0,0.0,0.0,0.0,0.07053958225913112,0.0,0.0,0.0,0.0,0.0,0.0,0.0,0.0,0.0866657524813045,0.0,0.0,0.0,0.0,0.0,0.0,0.0,0.0,0.0,0.0,0.09028444098608678,0.024802886855823852,0.0,0.0,0.04101093159151166,0.0,0.0,0.0,0.0,0.0,0.0,0.0,0.0,0.0,0.0,0.0,0.0,0.0,0.0,0.0,0.0,0.0,0.0,0.0,0.0,0.0,0.0,0.0,0.0,0.0,0.0,0.0,0.0,0.0,0.0,0.0,0.0,0.0,0.0,0.0,0.0,0.0,0.0,0.0,0.0,0.0,0.0,0.0,0.0,0.0,0.0,0.0,0.0,0.0,0.0,0.015399380670324609,0.0,0.012168488103794768,0.02664686085830943,0.0317644037741366,0.0,0.0,0.013995266864040252,0.0,0.02428933728964454,0.0,0.009528141219517934,0.0,0.0,0.03473741677021282,0.0,0.0,0.015188415264824276,0.0,0.016921921040304974,0.0011434317688883895,0.0,0.05743048671851668,0.0,0.0,0.0,0.0,0.0,0.0,0.0,0.0,0.0,0.0,0.0,0.0,0.0,0.0,0.0,0.08735799314049822,GSE143760,phot2NT_4_S8_R1_001
0.0,0.0,0.0,0.010705872123481255,0.0,0.0,0.0,0.0,0.0,0.0,0.0,0.0,0.040582594991386355,0.0,0.0,0.0,0.16638863532616624,0.0,0.0,0.0,0.0,0.0,0.0,0.0,0.0,0.0,0.0,0.0,0.0,0.0,0.0,0.0,0.0,0.0,0.0,0.0,0.0,0.0,0.0,0.0694379323522479,0.0,0.0,0.0,0.0,0.0,0.0,0.0,0.0353019949342328,0.0,0.0,0.0,0.0,0.0,0.02522785330965131,0.0,0.0,0.0,0.0,0.0,0.0,0.0,0.0,0.0,0.0,0.0,0.0,0.0,0.0,0.0,0.06784426016372692,0.0,0.0,0.0,0.0,0.0,0.0,0.0,0.0,0.0871703979165742,0.0,0.0,0.0,0.0,0.0,0.0,0.0,0.0,0.0,0.0,0.1049433001515151,0.02008711818702367,0.0,0.0,0.03608503657688279,0.0,0.0,0.0,0.0,0.0,0.0,0.0,0.0,0.0,0.0,0.0,0.0,0.0,0.0,0.0,0.0,0.0,0.0,0.0,0.0,0.0,0.0,0.0,0.0,0.0,0.0,0.0,0.0,0.0,0.0,0.0,0.0,0.0,0.0,0.0,0.0,0.0,0.0,0.0,0.0,0.0,0.0,0.0,0.0,0.0,0.0,0.0,0.0,0.0,0.0,0.010822453261883578,0.0,0.011513814502704242,0.024552297481591347,0.027246526466037237,0.0,0.0,0.012753049604778124,0.0,0.01653954907623537,0.0,0.008412131432768422,0.0,0.0,0.027501406311363046,0.0,0.0,0.016138809964901947,0.0,0.02678702736393017,0.0026532978436006487,0.0,0.06105061994975245,0.0,0.0,0.0,0.0,0.0,0.0,0.0,0.0,0.0,0.0,0.0,0.0,0.0,0.0,0.0,0.09025402070756472,GSE143760,phot2NT_5_S9_R1_001
0.0,0.0,0.0,0.0,0.0,0.0,0.0,0.0,0.0,0.0,0.0,0.0,0.028750852896150373,0.0,0.0,0.0,0.15015560619032853,0.0,0.0,0.0,0.0,0.0,0.0,0.0,0.0,0.0,0.0,0.004340726009882181,0.0,0.0,0.0,0.0,0.0,0.0,0.0,0.0,0.0,0.0,0.0,0.10925585410250536,0.0,0.0,0.0,0.0,0.0,0.0,0.0,0.0014612551820845222,0.0,0.0,0.0,0.0,0.0,0.01547706321450565,0.0,0.0,0.0,0.0,0.0,0.0,0.0,0.0,0.0,0.0,0.0,0.0,0.0,0.0,0.0,0.06680811139557682,0.0,0.0,0.0,0.0,0.0,0.0,0.0,0.0,0.07297762476278186,0.0,0.0,0.0,0.0,0.0,0.0,0.0,0.0,0.0,0.0,0.14414022673932853,0.005913031238371121,0.007815909800050586,0.0,0.04093866920900987,0.0,0.0,0.0,0.0,0.0,0.0,0.0,0.0,0.0,0.0,0.0,0.0,0.0,0.0,0.0,0.0,0.0,0.0,0.0,0.0,0.0,0.0,0.0,0.0,0.0,0.0,0.0,0.0,0.0,0.0,0.0,0.0,0.0,0.0,0.0,0.0,0.011901417954460829,0.0,0.0,0.0,0.0,0.0,0.0,0.0,0.0,0.0,0.0,0.0,0.0,0.0,0.017251401475586212,0.006531184653597452,0.00879890007423592,0.022022636037850672,0.010996864756152622,0.0,0.0,0.012639868747228257,0.0,0.007457039817204853,0.009550266108998241,0.005436565708311736,0.0,0.0,0.044225604712175806,0.0,0.0,0.01159992454206585,0.0,0.02363720169380484,0.0021634990091416247,0.0,0.02731336985366855,0.0,0.0,0.0,0.0,0.0,0.0,0.0,0.0,0.0,0.0,0.0,0.0,0.0,0.0,0.0,0.13043932411494097,GSE143760,phot2UV_1_S22_R1_001
0.0,0.0,0.0,0.0,0.0,0.0,0.0,0.0,0.0,0.0,0.0,0.0,0.03417755835247201,0.0,0.0,0.0,0.15123701213864202,0.0,0.0,0.0,0.0,0.0,0.0,0.0,0.0,0.0,0.0,0.009117155132212248,0.0,0.0,0.0,0.0,0.0,0.0,0.0,0.0,0.0,0.0,0.0,0.08970138171134462,0.0,0.0,0.0,0.0,0.0,0.0,0.0,0.0,0.0,0.0,0.0,0.0,0.0,0.01958190056140456,0.0,0.0,0.0,0.0,0.0,0.0,0.0,0.0,0.0,0.0,0.0,0.0,0.0,0.0,0.0,0.0678176923945497,0.0,0.0,0.0,0.0,0.0,0.0,0.0,0.0,0.07851910089310105,0.0,0.0,0.0,0.0,0.0,0.0,0.0,0.0,0.0,0.0,0.14956251899847167,0.005065357444506716,0.0028558236505740165,0.0,0.0420989980522247,0.0,0.0,0.0,0.0,0.0,0.0,0.0,0.0,0.0,0.0,0.0,0.0,0.0,0.0,0.0,0.0,0.0,0.0,0.0,0.0,0.0,0.0,0.0,0.0,0.0,0.0,0.0,0.0,0.0,0.0,0.0,0.0,0.0,0.0,0.0,0.0,0.0052724030962468865,0.0,0.0,0.0,0.0,0.0,0.0,0.0,0.0,0.0,0.0,0.0,0.0,0.0,0.02015941891833526,0.002451088764044343,0.008223095443033353,0.022607386184723674,0.009874765506907144,0.0,0.0,0.013463056795631765,0.0,0.012846281392426044,0.010259740758486726,0.004405546255953555,0.0,0.0,0.024986615081331078,0.0,0.0,0.009330844727575026,0.0,0.036797916566152285,0.003518398660810369,0.0,0.02724097503918104,0.0,0.0,0.0,0.0,0.0,0.0,0.0,0.0,0.0,0.0,0.0,0.0,0.0,0.0,0.0,0.1388279674796582,GSE143760,phot2UV_3_S23_R1_001
0.0,0.0,0.0,0.0006289916933245655,0.0,0.0,0.0,0.0,0.0,0.0,0.0,0.0,0.03338993870715579,0.0,0.0,0.0,0.17113636522179704,0.0,0.0,0.0,0.0,0.0,0.0,0.0,0.0,0.0,0.0,0.00021319011685330365,0.0,0.0,0.0,0.0,0.0,0.0,0.0,0.0,0.0,0.0,0.0,0.09336324610839913,0.0,0.0,0.0,0.0,0.0,0.0,0.0,0.0005987945940384185,0.0,0.0,0.0,0.0,0.0,0.010086169216121474,0.0,0.0,0.0,0.0,0.0,0.0,0.0,0.0,0.0,0.0,0.0,0.0,0.0,0.0,0.0,0.0643030112501123,0.0,0.0,0.0,0.0,0.0,0.0,0.0,0.0,0.07548418561267692,0.0,0.0,0.0,0.0,0.0,0.0,0.0,0.0,0.0,0.0,0.1452713935222338,0.007088838440875271,0.0,0.0,0.04297247657835564,0.0,0.0,0.0,0.0,0.0,0.0,0.0,0.0,0.0,0.0,0.0,0.0,0.0,0.0,0.0,0.0,0.0,0.0,0.0,0.0,0.0,0.0,0.0,0.0,0.0,0.0,0.0,0.0,0.0,0.0,0.0,0.0,0.0,0.0,0.0,0.0,0.004038385259913691,0.0,0.0,0.0,0.0,0.0,0.0,0.0,0.0,0.0,0.0,0.0,0.0,0.0,0.024588142217463433,0.0,0.00857245367966462,0.024253676958462544,0.016405185041055457,0.0,0.0,0.013447242099393308,0.0,0.01680249126551462,0.009431950664334143,0.006441691335294837,0.0,0.0,0.022888210323340204,0.0,0.0,0.010292391828653004,0.0,0.028527437865776606,0.0035289899349984543,0.0,0.03145938910687498,0.0,0.0,0.0,0.0,0.0,0.0,0.0,0.0,0.0,0.0,0.0,0.0,0.0,0.0,0.0,0.1347857613573163,GSE143760,phot2UV_5_S24_R1_001
0.0,0.0,0.0,0.0,0.0,0.0,0.0,0.0,0.0,0.0,0.0,0.0,0.05154738668914541,0.0,0.0,0.0,0.0,0.0,0.0,0.0,0.0,0.0,0.0,0.0,0.0,0.0,0.0,0.0,0.0,0.0,0.0,0.0,0.0,0.0,0.0,0.0,0.0,0.0,0.0,0.0,0.0,0.0,0.0,0.0,0.0,0.0,0.0,0.0,0.0,0.0,0.0,0.0,0.0,0.0,0.0,0.0,0.0,0.0,0.0,0.0,0.0,0.0,0.0,0.0,0.0,0.0,0.0,0.0,0.10408407273253822,0.0,0.0,0.0,0.0,0.0,0.0,0.0,0.0,0.0,0.08744059934041057,0.0,0.0,0.0,0.0,0.0,0.0,0.0,0.0,0.0,0.0,0.04168077878331359,0.12916814607550992,0.0,0.06326174162358926,0.248174585226407,0.0,0.0,0.0,0.0,0.0,0.0,0.0,0.0,0.0,0.0,0.0,0.0,0.0,0.0,0.0,0.0,0.0,0.0,0.0,0.0,0.0,0.0,0.0,0.0,0.0,0.0,0.0,0.0,0.0,0.0,0.0,0.0,0.0,0.0,0.0,0.0,0.06155762932331448,0.0,0.0,0.0,0.0,0.0,0.0,0.0,0.0,0.0,0.0,0.0,0.0,0.0,0.0,0.0,0.0,0.017882307322571407,0.0,0.0,0.0,0.011651035683709217,0.0,0.0,0.009747315304303785,0.0,0.0,0.0,0.07295869275427894,2.2371931793288646e-05,0.0,0.07202448247250191,0.0,0.0,0.0,0.0,0.0,0.0,0.0,0.0,0.028798854736613137,0.0,0.0,0.0,0.0,0.0,0.0,0.0,0.0,0.0,0.0,0.0,0.0,GSE225299,col_Mock_1
0.0,0.0,0.0,0.0,0.0,0.0,0.0,0.0,0.0,0.0,0.0,0.0,0.047044861831420225,0.0,0.0,0.0,0.0,0.0,0.0,0.0,0.0,0.0,0.0,0.0,0.0,0.0,0.0,0.0,0.0,0.0,0.0,0.0,0.0,0.0,0.0,0.0,0.0,0.0,0.0,0.0,0.0,0.0,0.0,0.0,0.0,0.0,0.0,0.0,0.0,0.0,0.0,0.0,0.0,0.0,0.0,0.0,0.0,0.0,0.0,0.0,0.0,0.0,0.0,0.0,0.0,0.0,0.0,0.0,0.13910929601709893,0.0,0.0,0.0,0.0,0.0,0.0,0.0,0.0,0.0,0.08463373707295639,0.0,0.0,0.0,0.0,0.0,0.0,0.0,0.0,0.0,0.0,0.025248985643398704,0.1450095834841174,0.0,0.041595790446448774,0.2712276627695775,0.0,0.0,0.0,0.0,0.0,0.0,0.0,0.0,0.0,0.0,0.0,0.0,0.0,0.0,0.0,0.0,0.0,0.0,0.0,0.0,0.0,0.0,0.0,0.0,0.0,0.0,0.0,0.0,0.0,0.0,0.0,0.0,0.0,0.0,0.0,0.0,0.0333524903364295,0.0,0.0,0.0,0.0,0.0,0.0,0.0,0.0,0.0,0.0,0.0,0.0,0.0,0.0,0.0,0.0,0.017937809141046247,0.0,0.0,0.0,0.010250813656200798,0.0,0.0,0.009306015199595001,0.0,0.0,0.0,0.06175852172945522,0.0,0.0,0.07073210361538579,0.0,0.0,0.0,0.0,0.0,0.0,0.0,0.0,0.04279232905686961,0.0,0.0,0.0,0.0,0.0,0.0,0.0,0.0,0.0,0.0,0.0,0.0,GSE225299,col_Mock_2
0.0,0.0,0.0,0.0,0.0,0.0,0.0,0.0,0.0,0.0,0.0,0.0,0.046742419022520874,0.0,0.0,0.0,0.0,0.0,0.0,0.0,0.0,0.0,0.0,0.0,0.0,0.0,0.0,0.0,0.0,0.0,0.0,0.0,0.0,0.0,0.0,0.0,0.0,0.0,0.0,0.0,0.0,0.0,0.0,0.0,0.0,0.0,0.0,0.0,0.0,0.0,0.0,0.0,0.0,0.0,0.0,0.0,0.0,0.0,0.0,0.0,0.0,0.0,0.0,0.0,0.0,0.0,0.0,0.0,0.07778936662668996,0.0,0.0,0.0,0.005167154336784829,0.0,0.0,0.0,0.0,0.0,0.12281514920833146,0.0,0.0,0.0,0.0,0.0,0.0,0.0,0.0,0.0,0.0,0.06085896960314615,0.11496090537630663,0.0,0.06814113427419857,0.23837843766036604,0.0,0.0,0.0,0.0,0.0,0.0,0.0,0.0,0.0,0.0,0.0,0.0,0.0,0.0,0.0,0.0,0.0,0.0,0.0,0.0,0.0,0.0,0.0,0.0,0.0,0.0,0.0,0.0,0.0,0.0,0.0,0.0,0.0,0.0,0.0,0.0,0.0398926321189897,0.0,0.0,0.0,0.0,0.0,0.0,0.0,0.0,0.0,0.0,0.0,0.0,0.0,0.0,0.0,0.0,0.016874574320877873,0.0,0.0,0.0,0.004173429175717892,0.0,0.0,0.01016431581267473,0.0,0.0,0.0,0.06478625822229872,0.0,0.0,0.08509915169579346,0.0,0.0,0.0,0.0,0.0,0.0,0.0,0.0,0.03836431654151875,0.0,0.0,0.0,0.005791786003784436,0.0,0.0,0.0,0.0,0.0,0.0,0.0,0.0,GSE225299,col_Mock_3
0.0,0.0,0.0,0.0,0.0,0.0,0.0,0.0,0.0,0.0,0.0,0.0,0.049974323182804196,0.0,0.0,0.0,0.0,0.0,0.0,0.0,0.0,0.0,0.0,0.0,0.0,0.0,0.0,0.0,0.0,0.0,0.0,0.0,0.0,0.0,0.0,0.0,0.0,0.0,0.0,0.0,0.0,0.0,0.0,0.0,0.0,0.0,0.0,0.0,0.0,0.0,0.0,0.0,0.0,0.0,0.0,0.0,0.0,0.0,0.0,0.0,0.0,0.0,0.0,0.0,0.0,0.0,0.0,0.0,0.10390552953373676,0.0,0.0,0.0,0.0,0.0,0.0,0.0,0.0,0.0,0.09574530375155504,0.0,0.0,0.0,0.0,0.0,0.0,0.0,0.0,0.0,0.0,0.06020609300387171,0.12655941774389762,0.0,0.07987376263830974,0.22154032619981054,0.0,0.0,0.0,0.0,0.0,0.0,0.0,0.0,0.0,0.0,0.0,0.0,0.0,0.0,0.0,0.0,0.0,0.0,0.0,0.0,0.0,0.0,0.0,0.0,0.0,0.0,0.0,0.0,0.0,0.0,0.0,0.0,0.0,0.0,0.0,0.0,0.06653849367998445,0.0,0.0,0.0,0.0,0.0,0.0,0.0,0.0,0.0,0.0,0.0,0.0,0.0,0.0,0.0,0.0,0.017419488362939224,0.0,0.0,0.0,0.01159192422163281,0.0,0.0,0.010272019871295843,0.0,0.0,0.0,0.06613043766959838,0.0,0.0,0.06912736364567601,0.0,0.0,0.0,0.0,0.0,0.0,0.0,0.0,0.02111551649488763,0.0,0.0,0.0,0.0,0.0,0.0,0.0,0.0,0.0,0.0,0.0,0.0,GSE225299,col_RALF1_1
0.0,0.0,0.0,0.0,0.0,0.0,0.0,0.0,0.0,0.0,0.0,0.0,0.0491964830200011,0.0,0.0,0.0,0.0,0.0,0.0,0.0,0.0,0.0,0.0,0.0,0.0,0.0,0.0,0.0,0.0,0.0,0.0,0.0,0.0,0.0,0.0,0.0,0.0,0.0,0.0,0.0,0.0,0.0,0.0,0.0,0.0,0.0,0.0,0.0,0.0,0.0,0.0,0.0,0.0,0.0,0.0,0.0,0.0,0.0,0.0,0.0,0.0,0.0,0.0,0.0,0.0,0.0,0.0,0.0,0.12325218564848123,0.0,0.0,0.0,0.0,0.0,0.0,0.0,0.0,0.0,0.09208546873240318,0.0,0.0,0.0,0.0,0.0,0.0,0.0,0.0,0.0,0.0,0.036048386670981335,0.14125996738450805,0.0,0.06120667078162576,0.2486217712348079,0.0,0.0,0.0,0.0,0.0,0.0,0.0,0.0,0.0,0.0,0.0,0.0,0.0,0.0,0.0,0.0,0.0,0.0,0.0,0.0,0.0,0.0,0.0,0.0,0.0,0.0,0.0,0.0,0.0,0.0,0.0,0.0,0.0,0.0,0.0,0.0,0.038093054691329,0.0,0.0,0.0,0.0,0.0,0.0,0.0,0.0,0.0,0.0,0.0,0.0,0.0,0.0,0.0,0.0,0.01845811827556691,0.0,0.0,0.0,0.011071088184183385,0.0,0.0,0.009826124373384098,0.0,0.0,0.0,0.061278837351532105,0.0,0.0,0.07355798857866225,0.0,0.0,0.0,0.0,0.0,0.0,0.0,0.0,0.036043855072533805,0.0,0.0,0.0,0.0,0.0,0.0,0.0,0.0,0.0,0.0,0.0,0.0,GSE225299,col_RALF1_2
0.0,0.0,0.0,0.0,0.0,0.0,0.0,0.0,0.0,0.0,0.0,0.0,0.04601902389844062,0.0,0.0,0.0,0.0,0.0,0.0,0.0,0.0,0.0,0.0,0.0,0.0,0.0,0.0,0.0,0.0,0.0,0.0,0.0,0.0,0.0,0.0,0.0,0.0,0.0,0.0,0.0,0.0,0.0,0.0,0.0,0.0,0.0,0.0,0.0,0.0,0.0,0.0,0.0,0.0,0.0,0.0,0.0,0.0,0.0,0.0,0.0,0.0,0.0,0.0,0.0,0.0,0.0,0.0,0.0,0.08117761306908143,0.0,0.0,0.0,0.002050673645216879,0.0,0.0,0.0,0.0,0.0,0.12887900529665533,0.0,0.0,0.0,0.0,0.0,0.0,0.0,0.0,0.0,0.0,0.05310378179065759,0.11827374059287633,0.0,0.05546605594432679,0.2363880708612694,0.0,0.0,0.0,0.0,0.0,0.0,0.0,0.0,0.0,0.0,0.0,0.0,0.0,0.0,0.0,0.0,0.0,0.0,0.0,0.0,0.0,0.0,0.0,0.0,0.0,0.0,0.0,0.0,0.0,0.0,0.0,0.0,0.0,0.0,0.0,0.0,0.0382601230484316,0.0,0.0,0.0,0.0,0.0,0.0,0.0,0.0,0.0,0.0,0.0,0.0,0.0,0.0,0.0,0.0,0.01637963562005159,0.0,0.0,0.0,0.001971098394997602,0.0,0.0,0.010364103870041073,0.0,0.0,0.0,0.060465108413753126,0.0,0.0,0.0994207905560045,0.0,0.0,0.0,0.0,0.0,0.0,0.0,0.0,0.044429537244898974,0.0,0.0,0.0,0.0073516377532973015,0.0,0.0,0.0,0.0,0.0,0.0,0.0,0.0,GSE225299,col_RALF1_3
0.0,0.0,0.0,0.0,0.0,0.0,0.0,0.0,0.0,0.0,0.0,0.0,0.050067590847073566,0.0,0.0,0.0,0.0,0.0,0.0,0.0,0.0,0.0,0.0,0.0,0.0,0.0,0.0,0.0,0.0,0.0,0.0,0.0,0.0,0.0,0.0,0.0,0.0,0.0,0.0,0.0,0.0,0.0,0.0,0.0,0.0,0.0,0.0,0.0,0.0,0.0,0.0,0.0,0.0,0.0,0.0,0.0,0.0,0.0,0.0,0.0,0.0,0.0,0.0,0.0,0.0,0.0,0.0,0.0,0.08405163559272773,0.0,0.0,0.0,0.0,0.0,0.0,0.0,0.0,0.0,0.11209433354302167,0.0,0.0,0.0,0.0,0.0,0.0,0.0,0.0,0.0,0.0,0.1009684011179841,0.08631501064702848,0.0,0.08192501553131726,0.21014543106109376,0.0,0.0,0.0,0.0,0.0,0.0,0.0,0.0,0.0,0.0,0.0,0.0,0.0,0.0,0.0,0.0,0.0,0.0,0.0,0.0,0.0,0.0,0.0,0.0,0.0,0.0,0.0,0.0,0.0,0.0,0.0,0.0,0.0,0.0,0.0,0.0,0.08035050294536589,0.0,0.0,0.0,0.0,0.0,0.0,0.0,0.0,0.0,0.0,0.0,0.0,0.0,0.0,0.0,0.0,0.02122027940904052,0.0,0.0,0.0,0.009486539319978065,0.0,0.0,0.011887269033006222,0.0,0.0,0.0,0.0666235626811799,0.0,0.0,0.05675781611119204,0.0,0.0,0.0008107754958380197,0.0,0.0,0.0,0.0,0.0,0.023996507373468656,0.0,0.0,0.0,0.0032993292906840633,0.0,0.0,0.0,0.0,0.0,0.0,0.0,0.0,GSE225299,fer4_Mock_1
0.0,0.0,0.0,0.0,0.0,0.0,0.0,0.0,0.0,0.0,0.0,0.0,0.04981401235309013,0.0,0.0,0.0,0.0,0.0,0.0,0.0,0.0,0.0,0.0,0.0,0.0,0.0,0.0,0.0,0.0,0.0,0.0,0.0,0.0,0.0,0.0,0.0,0.0,0.0,0.0,0.0,0.0,0.0,0.0,0.0,0.0,0.0,0.0,0.0,0.0,0.0,0.0,0.0,0.0,0.0,0.0,0.0,0.0,0.0,0.0,0.0,0.0,0.0,0.0,0.0,0.0,0.0,0.0,0.0,0.06102782213321483,0.0,0.0,0.0,0.0,0.0,0.0,0.0,0.0,0.0,0.13334483803688993,0.0,0.0,0.0,0.0,0.0,0.0,0.0,0.0,0.0,0.0,0.08948909642811123,0.09294966197249482,0.0,0.08033560627601237,0.21478754627241506,0.0,0.0,0.0,0.0,0.0,0.0,0.0,0.0,0.0,0.0,0.0,0.0,0.0,0.0,0.0,0.0,0.0,0.0,0.0,0.0,0.0,0.0,0.0,0.0,0.0,0.0,0.0,0.0,0.0,0.0,0.0,0.0,0.0,0.0,0.0,0.0,0.07380411095354318,0.0,0.0,0.0,0.0,0.0,0.0,0.0,0.0,0.0,0.0,0.0,0.0,0.0,0.0,0.0,0.0,0.01829531398868859,0.0,0.0,0.0,0.011733139026807528,0.0,0.0,0.010374738806091298,0.0,0.0,0.0,0.0722891438843857,0.0008866321294745643,0.0,0.06129466835517077,0.0,0.0,0.0,0.0,0.0,0.0,0.0,0.0,0.029573669383609832,0.0,0.0,0.0,0.0,0.0,0.0,0.0,0.0,0.0,0.0,0.0,0.0,GSE225299,fer4_Mock_2
0.0,0.0,0.0,0.0,0.0,0.0,0.0,0.0,0.0,0.0,0.0,0.0,0.0485444218086788,0.0,0.0,0.0,0.0,0.0,0.0,0.0,0.0,0.0,0.0,0.0,0.0,0.0,0.0,0.0,0.0,0.0,0.0,0.0,0.0,0.0,0.0,0.0,0.0,0.0,0.0,0.0,0.0,0.0,0.0,0.0,0.0,0.0,0.0,0.0,0.0,0.0,0.0,0.0,0.0,0.0,0.0,0.0,0.0,0.0,0.0,0.0,0.0,0.0,0.0,0.0,0.0,0.0,0.0,0.0,0.09479978138724625,0.0,0.0,0.0,0.0,0.0,0.0,0.0,0.0,0.0,0.10964028480127698,0.0,0.0,0.0,0.0,0.0,0.0,0.0,0.0,0.0,0.0,0.08767653784004896,0.0916341102865721,0.0,0.07311060383058249,0.22095873870995758,0.0,0.0,0.0,0.0,0.0,0.0,0.0,0.0,0.0,0.0,0.0,0.0,0.0,0.0,0.0,0.0,0.0,0.0,0.0,0.0,0.0,0.0,0.0,0.0,0.0,0.0,0.0,0.0,0.0,0.0,0.0,0.0,0.0,0.0,0.0,0.0,0.054871928458113874,0.0,0.0,0.0,0.0,0.0,0.0,0.0,0.0,0.0,0.0,0.0,0.0,0.0,0.0,0.0,0.0,0.018951909740396483,0.0,0.0,0.0,0.007127415814974017,0.0,0.0,0.010950142118821787,0.0,0.0,0.0,0.06497683594728917,0.0,0.0,0.07888756425060392,0.0,0.0,0.0,0.0,0.0,0.0,0.0,0.0,0.033817800490192174,0.0,0.0,0.0,0.004051924515245479,0.0,0.0,0.0,0.0,0.0,0.0,0.0,0.0,GSE225299,fer4_Mock_3
0.0,0.0,0.0,0.0,0.0,0.0,0.0,0.0,0.0,0.0,0.0,0.0,0.04951981134555497,0.0,0.0,0.0,0.0,0.0,0.0,0.0,0.0,0.0,0.0,0.0,0.0,0.0,0.0,0.0,0.0,0.0,0.0,0.0,0.0,0.0,0.0,0.0,0.0,0.0,0.0,0.0,0.0,0.0,0.0,0.0,0.0,0.0,0.0,0.0,0.0,0.0,0.0,0.0,0.0,0.0,0.0,0.0,0.0,0.0,0.0,0.0,0.0,0.0,0.0,0.0,0.0,0.0,0.0,0.0,0.0972836772826396,0.0,0.0,0.0,0.0,0.0,0.0,0.0,0.0,0.0,0.11216033081475599,0.0,0.0,0.0,0.0,0.0,0.0,0.0,0.0,0.0,0.0,0.0908143306773196,0.0849188083915361,0.0,0.07471402710521258,0.21440961418845972,0.0,0.0,0.0,0.0,0.0,0.0,0.0,0.0,0.0,0.0,0.0,0.0,0.0,0.0,0.0,0.0,0.0,0.0,0.0,0.0,0.0,0.0,0.0,0.0,0.0,0.0,0.0,0.0,0.0,0.0,0.0,0.0,0.0,0.0,0.0,0.0,0.0751225942364833,0.0,0.0,0.0,0.0,0.0,0.0,0.0,0.0,0.0,0.0,0.0,0.0,0.0,0.0,0.0,0.0,0.022582340383648532,0.0,0.0,0.0,0.01056599112145092,0.0,0.0,0.011513496089422339,0.0,0.0,0.0,0.06789960401484155,0.0008975959017537294,0.0,0.05912032878034219,0.0,0.0,0.0,0.0,0.0,0.0,0.0,0.0,0.026912102682699324,0.0,0.0,0.0,0.0015653469838795776,0.0,0.0,0.0,0.0,0.0,0.0,0.0,0.0,GSE225299,fer4_RALF1_1
0.0,0.0,0.0,0.0,0.0,0.0,0.0,0.0,0.0,0.0,0.0,0.0,0.04771836189582067,0.0,0.0,0.0,0.0,0.0,0.0,0.0,0.0,0.0,0.0,0.0,0.0,0.0,0.0,0.0,0.0,0.0,0.0,0.0,0.0,0.0,0.0,0.0,0.0,0.0,0.0,0.0,0.0,0.0,0.0,0.0,0.0,0.0,0.0,0.0,0.0,0.0,0.0,0.0,0.0,0.0,0.0,0.0,0.0,0.0,0.0,0.0,0.0,0.0,0.0,0.0,0.0,0.0,0.0,0.0,0.05736058341074553,0.0,0.0,0.0,0.0,0.0,0.0,0.0,0.0,0.0,0.13305159541294678,0.0,0.0,0.0,0.0,0.0,0.0,0.0,0.0,0.0,0.0,0.10311024800218387,0.07657638074024674,0.0,0.08290612212825553,0.21833654118968204,0.0,0.0,0.0,0.0,0.0,0.0,0.0,0.0,0.0,0.0,0.0,0.0,0.0,0.0,0.0,0.0,0.0,0.0,0.0,0.0,0.0,0.0,0.0,0.0,0.0,0.0,0.0,0.0,0.0,0.0,0.0,0.0,0.0,0.0,0.0,0.0,0.06905634126472071,0.0,0.0,0.0,0.0,0.0,0.0,0.0,0.0,0.0,0.0,0.0,0.0,0.0,0.0,0.0,0.0,0.02044219403556843,0.0,0.0,0.0,0.013396460122591537,0.0,0.0,0.011241450333586443,0.0,0.0,0.0,0.06238492749317139,0.0006730615658787503,0.0,0.06785342266267423,0.0,0.0,0.0003389375653863071,0.0,0.0,0.0,0.0,0.0,0.035553372176541066,0.0,0.0,0.0,0.0,0.0,0.0,0.0,0.0,0.0,0.0,0.0,0.0,GSE225299,fer4_RALF1_2
0.0,0.0,0.0,0.0,0.0,0.0,0.0,0.0,0.0,0.0,0.0,0.0,0.04833940640064883,0.0,0.0,0.0,0.0,0.0,0.0,0.0,0.0,0.0,0.0,0.0,0.0,0.0,0.0,0.0,0.0,0.0,0.0,0.0,0.0,0.0,0.0,0.0,0.0,0.0,0.0,0.0,0.0,0.0,0.0,0.0,0.0,0.0,0.0,0.0,0.0,0.0,0.0,0.0,0.0,0.0,0.0,0.0,0.0,0.0,0.0,0.0,0.0,0.0,0.0,0.0,0.0,0.0,0.0,0.0,0.07657608266402383,0.0,0.0,0.0,0.0,0.0,0.0,0.0,0.0,0.0,0.12850552057357006,0.0,0.0,0.0,0.0,0.0,0.0,0.0,0.0,0.0,0.0,0.09060276215569336,0.0917489623491815,0.0,0.07349377890911883,0.21789352758208952,0.0,0.0,0.0,0.0,0.0,0.0,0.0,0.0,0.0,0.0,0.0,0.0,0.0,0.0,0.0,0.0,0.0,0.0,0.0,0.0,0.0,0.0,0.0,0.0,0.0,0.0,0.0,0.0,0.0,0.0,0.0,0.0,0.0,0.0,0.0,0.0,0.06303448486166574,0.0,0.0,0.0,0.0,0.0,0.0,0.0,0.0,0.0,0.0,0.0,0.0,0.0,0.0,0.0,0.0,0.020330887548890425,0.0,0.0,0.0,0.012102056263677068,0.0,0.0,0.011422254202860142,0.0,0.0,0.0,0.06242109644269175,0.0018425885182417718,0.0,0.07263530613504221,0.0,0.0,0.0,0.0,0.0,0.0,0.0,0.0,0.029051285392605205,0.0,0.0,0.0,0.0,0.0,0.0,0.0,0.0,0.0,0.0,0.0,0.0,GSE225299,fer4_RALF1_3
