stim_dim_0,stim_dim_1,stim_dim_2,stim_dim_3,stim_dim_4,stim_dim_5,stim_dim_6,stim_dim_7,stim_dim_8,stim_dim_9,stim_dim_10,stim_dim_11,stim_dim_12,stim_dim_13,stim_dim_14,stim_dim_15,stim_dim_16,stim_dim_17,stim_dim_18,stim_dim_19,stim_dim_20,stim_dim_21,stim_dim_22,stim_dim_23,stim_dim_24,stim_dim_25,stim_dim_26,stim_dim_27,stim_dim_28,stim_dim_29,stim_dim_30,stim_dim_31,dataset,sample
0.014128011388527451,-0.044774869873630295,-0.21266438749750383,0.016573146932290162,0.021303927561312223,0.32239767319793344,0.09653109428188585,0.02704140234766417,0.05050164683189392,0.03747807664189885,0.2789873350201746,0.02727247343618817,-0.6731032941542933,-0.7469884659872021,0.052977380130297846,0.5985269244859146,0.023778883695942915,-0.025127015984712217,-0.0971663268777394,0.37326727538950505,0.024817179129635755,-0.04044534005513962,0.2836270164329211,0.05352360608776454,-0.04542331681353213,-0.04525269878671262,0.5195523489931136,0.018676020190896522,-0.06091923836981074,0.017764141218727554,0.021059859700069506,0.015169468922723367,OSD-120,Atha_Col-0_root_GC_Alight_Rep1_GSM2493759_Day13
0.018110351122615352,-0.03835520566361754,-0.14020443295394594,0.01659034252977026,0.019211199403828292,0.28328689483595093,0.08828022096153529,0.02272668165003621,0.03382114535725377,0.03494965483551634,0.2879527331250576,0.01760853041406538,-0.6363203461897796,-0.70243084498692,0.04614616834410168,0.7005996825612333,0.022011541980020647,-0.022183318909700364,-0.03907948659223955,0.3181574338457381,0.013498407304861751,-0.034069655932629506,0.24896365814880622,0.05619805356338311,-0.04202001087722227,-0.039434948714406545,0.47887616814451933,0.01896319599049982,-0.06104864933440027,0.01940325063518083,0.02547603278685207,0.01963983894562691,OSD-120,Atha_Col-0_root_GC_Alight_Rep2_GSM2493760_Day13
0.004741294021473721,-0.037725199605931015,-0.33650529737439416,0.014978027539078651,0.016283524881452176,0.3184715965171464,0.088606212676054,0.02905502371771812,0.04867354653311781,0.02165203073068616,0.23979487927180293,0.02148152678184584,-0.7724632334877551,-0.7612302838720916,0.04899990341007517,0.5405757549137877,0.023042070176025643,-0.026902007415777727,-0.10697032579793797,0.42776903295734875,0.026815948967311924,-0.01811338026685721,0.3384491541444058,0.053505272321532266,-0.039797725571060504,-0.04170049221653956,0.4686504452343985,0.009333188602092214,-0.050908250493054925,0.013775411651848308,0.026733625890730216,0.015742627991785746,OSD-120,Atha_Ws_root_GC_Alight_Rep1_GSM2493762_Day13
0.01759907016350852,-0.04307239199589463,-0.1705135612260831,0.016555036850723973,0.018854718941860926,0.2999885003814499,0.09838223390677604,0.025578766533232447,0.04518989590972989,0.0413988239719678,0.3067691687060533,0.026703480290832412,-0.6248565897500747,-0.7511997547713974,0.05201762924416323,0.6316229051791,0.023593493183174278,-0.024196418218351706,-0.10705365253729023,0.3625738181483191,0.020430008602960757,-0.04159024974820625,0.2671328697525287,0.05639795736502436,-0.04573413351768579,-0.04419368338120731,0.5466694286946103,0.021351935822151766,-0.06297140077508302,0.018950245877329054,0.021468587423188912,0.016681179119100012,OSD-120,Atha_Ws_root_GC_Alight_Rep2_GSM2493763_Day13
0.020985246576447153,-0.03570659939657446,-0.24957060895779196,0.014540256171486536,0.01675542159298554,0.28194935402982213,0.09069168275972274,0.022851449070604015,0.03406790033747057,0.03574469142033918,0.29598055074867813,0.022356410898582865,-0.6814535139926933,-0.7452350620895213,0.04487023356414737,0.5769560685478637,0.01923705943410103,-0.024594633088807934,-0.015513483371893991,0.32554325351705793,0.014104835305515,-0.03576306844075474,0.2482559079706508,0.05287425604668929,-0.04238281919775477,-0.040672795145243586,0.48487402963068477,0.021189316516479977,-0.052490410781129204,0.01980620386276559,0.025484167672360968,0.0178622370059956,OSD-120,Atha_Ws_root_GC_Alight_Rep3_GSM2493764_Day13
0.017249654021801553,-0.035353207859589085,-0.30379127389359434,0.01402903823935055,0.023132353285872757,0.23924444827809058,0.07881321784663503,0.0212017225421101,0.03539418940020381,0.04006314931741436,0.26620670948301056,0.02591360437669673,-0.6327113311079431,-0.8098441450669848,0.041475729085630166,0.6102131120564774,0.015286326790128006,-0.022912731518476497,0.014755649190334142,0.290087912806567,0.009513132366085213,-0.03367080843708039,0.19304933139164795,0.044656924909477154,-0.04259552160110742,-0.045948123654106464,0.4519158541688707,0.02498403418578699,-0.05822712357515498,0.013164899113369922,0.024381010404687434,0.014961790246802744,OSD-120,Atha_Col-0-PhyD_root_GC_Alight_Rep1_GSM2493765_Day13
0.017050846641715762,-0.04629081235892703,-0.14993193772975616,0.017783871804175733,0.030210249320813697,0.35328673781087566,0.09366413582666923,0.024302919157644858,0.0504354869197232,0.04660972171201304,0.28278915973000746,0.03079748441517055,-0.5014711820216498,-0.781816244280731,0.05501232107336768,0.6872640386442442,0.02101735936027442,-0.024106813273819364,-0.027377042930031445,0.30169998661021485,0.017291585260301282,-0.0488689941483306,0.24926775815543675,0.051203457562031915,-0.04880593459614279,-0.053804342078575824,0.4718990806295166,0.02637307423794779,-0.06843160861119227,0.013775279702389467,0.01973648770908376,0.012916637979284733,OSD-120,Atha_Col-0-PhyD_root_GC_Alight_Rep2_GSM2493766_Day13
0.02308275368575031,-0.04007981061077375,-0.12589047573707474,0.017486889074038923,0.016455777326230492,0.32200285091417397,0.09780272904580394,0.023183371570969703,0.038641812123956565,0.041189960132250986,0.3159640788596881,0.024706014728692844,-0.6060839751547464,-0.7534600298964661,0.049863503146180474,0.6122817736790115,0.02102584336331553,-0.024071470128478937,-0.0533273746822452,0.31202321992791915,0.015249152163520694,-0.04726219442664719,0.25738134070150026,0.05713093534683352,-0.045256825462611984,-0.04410423974554987,0.5493576662575892,0.02320964345890358,-0.05773652330972647,0.025027828861157432,0.022510551961260266,0.017546908066990045,OSD-120,Atha_Col-0-PhyD_root_GC_Alight_Rep3_GSM2493767_Day13
0.013046931986507943,-0.03660505885379693,-0.2895633694519959,0.013767789466376438,0.018041301286342983,0.1744544609742665,0.09318710137521989,0.025773069207990384,0.03923775283066193,0.03553254438616549,0.2627922590681812,0.025065272426442898,-0.6893643049381802,-0.7538027628442698,0.04503706633104591,0.6187168803203368,0.021432214738497945,-0.025733856551387744,-0.10219992855681656,0.37563268591002913,0.021448416059155526,-0.030108979092017697,0.23765435637227877,0.05129528987455537,-0.04093655793950296,-0.039084061727500695,0.5025737421824661,0.0171080524623472,-0.05850639320622076,0.012590806246248778,0.02660773220461824,0.017847236482375295,OSD-120,Atha_Col-0_root_GC_dark_Rep1_GSM2493768_Day13
0.012909929221071677,-0.030112833548453493,-0.32257022743419056,0.012017907053061824,0.01217656454476484,0.20191237656255245,0.08411599359281545,0.024432042649763418,0.027408974444040012,0.02580341928947784,0.27417304259136893,0.01578612859557655,-0.727393085222665,-0.7381278863650248,0.038855845686284925,0.5893257035476641,0.02024506464427418,-0.02199794402906309,-0.09138068443401788,0.3763277175939706,0.01466113108184058,-0.014926482725580453,0.22603427530709547,0.052679402243745455,-0.0359253374643869,-0.036893959977281184,0.49415570850460105,0.01480980916787214,-0.05158338127558797,0.014430435442157979,0.03182895895022665,0.021511918237834944,OSD-120,Atha_Col-0_root_GC_dark_Rep2_GSM2493769_Day13
0.01622916537990209,-0.038267516168390636,-0.216581132264581,0.01303980079163007,0.023962926361722262,0.16407800968485964,0.08765050943716662,0.02245004437022313,0.03782506929848284,0.04260438850365043,0.2703431710656957,0.025626214100349588,-0.5809575418398758,-0.726155954293904,0.04427826901260631,0.6872092338761743,0.017538595975081565,-0.023331246847457535,0.01119282852014725,0.3338820153888904,0.01513930241346871,-0.03569747029284788,0.17371793847552477,0.04989345151046955,-0.04172435368126521,-0.0420566496774946,0.45506966078772015,0.021241750085763154,-0.06681543946278698,0.011778548474631962,0.02558476426279202,0.01749251693845805,OSD-120,Atha_Col-0_root_GC_dark_Rep3_GSM2493770_Day13
0.004747499638498072,-0.03427182802707627,-0.3380444664858087,0.013679230611459075,0.016485209075923612,0.1451305082448967,0.08536822935403468,0.025438439061285966,0.03759447644253375,0.023526232803421948,0.2162819689451185,0.018103194439751398,-0.8463320123439448,-0.7360913613826063,0.03954230793355065,0.6247951475473491,0.024404355800518425,-0.02321659664505404,-0.19939916706484678,0.3743494965699127,0.026149054651496747,-0.02053317457768721,0.25607483180796203,0.04829031955781818,-0.03570885717063073,-0.033359897897716435,0.5174971400280356,0.009891286278562332,-0.053599382714736674,0.011416960341072679,0.025428950128831035,0.01916430700662348,OSD-120,Atha_Ws_root_GC_dark_Rep1_GSM2493771_Day13
0.009146184225067477,-0.03689105592711971,-0.2629812464057296,0.01431677652720073,0.01799306938248771,0.16178565151923807,0.08617370474429889,0.023343741852780188,0.03844576267062758,0.025299511718081567,0.22823879033013136,0.0175666709376263,-0.7732331527149431,-0.6828069900131768,0.04063114498294497,0.6142678335714153,0.02326174695264353,-0.02248809181159185,-0.09477175090625545,0.3501941015735533,0.02434266907401765,-0.029703250780558216,0.24280322104252836,0.05014097936659401,-0.036592402401462866,-0.03462995004525765,0.5261807533826373,0.013559195453993178,-0.054979356045204014,0.014513994800339373,0.024385717398521172,0.019373568876316048,OSD-120,Atha_Ws_root_GC_dark_Rep2_GSM2493772_Day13
0.01950154215489957,-0.03567915034230929,-0.19059681118492255,0.017607864936508837,0.013314728226775771,0.23025181186068155,0.09549753199370511,0.023667175292360128,0.029223612697171816,0.029921128504171186,0.2853639697221962,0.017558379044154415,-0.6748800092826857,-0.737485451235194,0.045415960072870847,0.5901419495237086,0.020548867546800905,-0.02467315721327813,-0.0613150918557339,0.32670563519719875,0.0176960240228774,-0.03519412446365227,0.2441258538023949,0.05801727176172487,-0.04041446889903326,-0.03821834963146005,0.5444670728058988,0.019169731146583092,-0.05140943200371698,0.02195208708567801,0.030159881580094076,0.02233648132858099,OSD-120,Atha_Ws_root_GC_dark_Rep3_GSM2493773_Day13
0.017318593786654225,-0.042926008835947486,-0.13291586216841317,0.018255531274859134,0.023605088844212002,0.24598604519400227,0.09408517412585209,0.022530267679515444,0.03979443859090359,0.039435485894257785,0.2818266066953812,0.02337640581362478,-0.6467603383742601,-0.7512071145460183,0.04738610682778671,0.7013537753204816,0.02435967375713147,-0.022515411702468853,-0.12468183848985863,0.29749670656030586,0.018684785957455305,-0.04499011946986882,0.2324408577574411,0.05327602058364526,-0.04471469500660675,-0.04308004837308274,0.5469767582834797,0.023011671132926795,-0.06406477561475146,0.01803459889379002,0.02022933049538805,0.01807254278356996,OSD-120,Atha_Col-0-PhyD_root_GC_dark_Rep1_GSM2493774_Day13
0.008937382119214979,-0.03410859628334204,-0.2517587402923077,0.011772860508940896,0.02187502493044215,0.17381945395612727,0.08455866467044387,0.023641736470411335,0.03210265830451049,0.03619132457413714,0.26203405417058784,0.02358789625750624,-0.5966311843387541,-0.8199640654766874,0.04138506696021305,0.7072235466033063,0.018261618517051572,-0.023891764590238482,-0.08399085321703711,0.34398244125922095,0.012620667150369767,-0.0193147718914886,0.2074516724605506,0.04905732650560282,-0.03921715753787522,-0.04327808848653479,0.43311642137279005,0.017773699340889272,-0.06349339128634823,0.005516744384632478,0.029474267424870717,0.01834005881412353,OSD-120,Atha_Col-0-PhyD_root_GC_dark_Rep2_GSM2493775_Day13
0.012166307326757964,-0.03891465666426061,-0.27190980993850283,0.012572402999478809,0.02544939093083961,0.13347006584223894,0.08556599903251973,0.023288585886202234,0.04414585437870557,0.041947840226820035,0.2400536323090558,0.02959612650359515,-0.6230341055189923,-0.7546393187027326,0.04317535127086922,0.6462193801285829,0.01675509832878969,-0.024618563657458306,-0.00028761813252187814,0.3482439079298287,0.0190892397813893,-0.03569478936255462,0.18532191163192183,0.04589462008603812,-0.04162448889306615,-0.04250416930805842,0.4535545865170311,0.01954258713197632,-0.06501409975110135,0.007856653212260194,0.023698270929835112,0.0151774948559087,OSD-120,Atha_Col-0-PhyD_root_GC_dark_Rep3_GSM2493776_Day13
0.01253173991604638,-0.045816299828202615,-0.233883456835134,0.0190801726608978,0.025747864877402608,0.31004869245095906,0.09348742949649372,0.025722615759594683,0.05249961103142753,0.04001195027994563,0.2640083483970926,0.029339601637742265,-0.6882601571284963,-0.8090544592000766,0.053455304272522125,0.627830740643355,0.024642192780666265,-0.024618980936502617,-0.15188914233016654,0.3421829742664145,0.025605244136714295,-0.042890793736215356,0.27370575105915323,0.050849245875578826,-0.04757945025736521,-0.04741628042182473,0.5340750642927361,0.02250141581065322,-0.06332957982666637,0.014737284228505955,0.017004303688481943,0.013859298302410178,OSD-120,Atha_Col-0_root_FLT_Alight_Rep1_GSM2493777_Day13
0.016656187913987795,-0.04227613833197963,-0.1536646438366063,0.018289640061799443,0.023846903539784428,0.2840278784399033,0.09058758596909222,0.022118279898574546,0.039091701500568614,0.03537568504308671,0.27016074706887266,0.019450056064606636,-0.6615705759530828,-0.7143915163691642,0.04816488778963809,0.706566649045447,0.02471799953273435,-0.022280470421764783,-0.08865472463181018,0.28821133837203167,0.01864884395976579,-0.0421271687653588,0.25263962175500604,0.05368081571441355,-0.0438727014982708,-0.041419641648438435,0.5269664888670487,0.02163973226151364,-0.06239388604561317,0.0174499507088308,0.02089529291769238,0.017805817597349862,OSD-120,Atha_Col-0_root_FLT_Alight_Rep2_GSM2493778_Day13
0.009796740574951501,-0.049737584361939556,-0.1662676073535563,0.018977845051823025,0.02796576070132008,0.3316652316042725,0.09437924636818541,0.026770283495131744,0.05995342318670514,0.04113505479196961,0.2638401181700189,0.029564711455982585,-0.6038980220415371,-0.7475312717376591,0.05889618019666863,0.6608369023918913,0.025172224794770257,-0.022987164727784826,-0.1205906365124227,0.37510352994380397,0.02857174336444172,-0.04389751617690862,0.26969834126879866,0.05452282222324972,-0.04714798679468579,-0.04963929009962344,0.5539766828749562,0.02125160457168229,-0.07114876923687405,0.014160453528206331,0.015674718531125013,0.01329236742476698,OSD-120,Atha_Col-0_root_FLT_Alight_Rep3_GSM2493779_Day13
0.011983038942411962,-0.045128794717153704,-0.19075540698272475,0.019081794459506363,0.026195403381968258,0.3119941146640575,0.09211393856996233,0.024235417441528136,0.048090446140053464,0.03708071920266266,0.25914301828292,0.024762784760774238,-0.6771627437238564,-0.7762447598715916,0.052273146739868236,0.6846502271310358,0.02580383699426054,-0.02387269466291423,-0.14737283222169584,0.31625109408661967,0.023867078378142982,-0.041488596622411965,0.2818186981460434,0.051936305786673596,-0.0461484729208882,-0.04507698204841906,0.5215443885562014,0.021438164194959936,-0.06390365261362613,0.01397179623380135,0.017964085527281983,0.015070948824656476,OSD-120,Atha_Ws_root_FLT_Alight_Rep1_GSM2493780_Day13
0.016745424911681628,-0.04154526488756825,-0.08864299504528994,0.017209347988889918,0.01933372470915839,0.31102770836362964,0.0927293050429314,0.02339443715320356,0.04069020353009441,0.03583533399094669,0.28821887534700985,0.020077881514733706,-0.6209809882010685,-0.7069903227400234,0.0500081421772651,0.655158862671931,0.02434698912353211,-0.02106895294253287,-0.05775353000625088,0.326083128941047,0.01854917601194124,-0.04173368341058484,0.26224535795691417,0.056541160308077335,-0.042478956489542787,-0.04171931111961578,0.534585572561535,0.02062313088883659,-0.06182211558630921,0.020914711690835384,0.022117189490687448,0.018746529629068934,OSD-120,Atha_Ws_root_FLT_Alight_Rep2_GSM2493781_Day13
0.012139062377183936,-0.04591157997639252,-0.14308420883387005,0.018583425352455704,0.02557818347905122,0.31849453017395646,0.09253619300225813,0.024028771372259672,0.04930231002543244,0.037797913068538386,0.26462055559639946,0.02498905254326819,-0.6493358245055326,-0.7671569959215995,0.053393583322914835,0.6695797655090479,0.02506256743002679,-0.02327653039109509,-0.10567660946817027,0.3277669911932473,0.024192238041213524,-0.04282351694810611,0.2747188451842143,0.05320169172254281,-0.04554132931319919,-0.045024654470361906,0.5221137019860338,0.021335895924787948,-0.06495792206409048,0.0148564604368906,0.018018167769769184,0.015621420031608754,OSD-120,Atha_Ws_root_FLT_Alight_Rep3_GSM2493782_Day13
0.01749838850748239,-0.04182723897928098,-0.21167515622890098,0.017421823470222572,0.02102766047353201,0.30444794821457116,0.09214142976587651,0.024942038773664438,0.04122521306841584,0.04077513827214184,0.30138526536534366,0.025250488584752286,-0.6172596484073072,-0.7887670946136514,0.051222283153511114,0.641359226189267,0.020891597021441038,-0.023575008244781863,-0.08672970890405032,0.3460542937275191,0.016796170020308077,-0.03588351511579176,0.24146351601471752,0.0556682960232218,-0.04629598441575774,-0.04659783851195121,0.5318392558823829,0.023071148485037416,-0.06335015479746733,0.016114974484478423,0.024137197143420705,0.01716169021862178,OSD-120,Atha_Col-0-PhyD_root_FLT_Alight_Rep1_GSM2493783_Day13
0.004838909781548537,-0.04912342474099148,-0.15641810539851758,0.018322618908804888,0.032846391145622815,0.3473202066007516,0.08781460347198568,0.025724632140193562,0.06040264922410382,0.04055753991491717,0.23970249089847057,0.031238029035925718,-0.540373960429334,-0.8388751397244357,0.057289506693617355,0.6843650122964313,0.022318792796905098,-0.023157897136264077,-0.09234447539580762,0.3545166726259774,0.026746564938912653,-0.03738730175317015,0.2514481437162488,0.049586661509835595,-0.046505828039172685,-0.055444263233018376,0.4651434154768025,0.021571662874601338,-0.07317351333009971,0.006249870838082866,0.017740612922644197,0.012382717250501546,OSD-120,Atha_Col-0-PhyD_root_FLT_Alight_Rep2_GSM2493784_Day13
0.01584126164287577,-0.04566176822034758,-0.12174649090750135,0.018130814333138262,0.022242116123918104,0.34602203828773676,0.09684135611154433,0.025549018646365964,0.05239691829177746,0.04384766757776501,0.29274141198002274,0.02984314975956875,-0.585214109028234,-0.7872414418499966,0.05542304361283931,0.6154493758281709,0.02329226574021642,-0.023020949916756423,-0.08778703593683154,0.3522431288080532,0.022542441621088292,-0.047324988698918685,0.2667454973077956,0.05527710090365438,-0.04698230379113969,-0.0487162532934173,0.5553532300650539,0.022823165929582803,-0.06485887731336264,0.018844097569072623,0.017984149219469336,0.014969376662181793,OSD-120,Atha_Col-0-PhyD_root_FLT_Alight_Rep3_GSM2493785_Day13
0.007381444637680259,-0.04797991272563936,-0.11018648868390968,0.019522715466760394,0.027364712937617306,0.31996792653524847,0.0924192384980159,0.02490943046760154,0.054550810523717796,0.037400816181254494,0.24809317546595544,0.025319900807767807,-0.6089107324783224,-0.7738259023878001,0.05522854568249004,0.718132804633914,0.027250237238404848,-0.021994525131152916,-0.1664177972535875,0.33663108575953826,0.027724856889604688,-0.041344806387868645,0.27743290508012364,0.05358326230287087,-0.04504756505398999,-0.04715687526990531,0.5425512329559523,0.01972701421399377,-0.07039557666169492,0.011857291103980353,0.016311276144426796,0.015108006311338932,OSD-120,Atha_Col-0_root_FLT_dark_Rep1_GSM2493786_Day13
0.00843122370168764,-0.03758236889180961,-0.2858457761810787,0.013800461828401823,0.021371416063160713,0.16885020457113772,0.08596494700461571,0.024203735544098107,0.040566136953090255,0.03038818685725583,0.23697135292301996,0.021960002838348737,-0.755669116558436,-0.7379414254861225,0.04132003239626541,0.6499617944925786,0.023224431499258093,-0.02283662770949288,-0.14661504845485546,0.3573254522114412,0.022540945351584706,-0.027402763858692843,0.23186711551699513,0.048068747654490755,-0.038822292055518445,-0.03852007321067494,0.5027843068750036,0.015063002150460155,-0.0591677939301305,0.011393388808952047,0.0227294070019591,0.01753650425554822,OSD-120,Atha_Col-0_root_FLT_dark_Rep2_GSM2493787_Day13
0.013060187415768686,-0.039924599616896574,-0.13916378092635198,0.01555223008523216,0.021130864746615595,0.3288254031832368,0.09078802371909041,0.024235279534007878,0.04062780010852847,0.04213869611473242,0.29602776092260846,0.025508107135746173,-0.5448261126182232,-0.8254935294386393,0.052347660181827384,0.6919156689525925,0.02199567424726589,-0.02190959030277804,-0.12450107598916967,0.334901595526222,0.0152626050286478,-0.03327940473433623,0.2445175685481292,0.05422925073710137,-0.043896976721173535,-0.04802003726418236,0.5231182727228608,0.02248294871677921,-0.06700286790545819,0.013411211844862311,0.023224468189820605,0.016338246133563845,OSD-120,Atha_Col-0_root_FLT_dark_Rep3_GSM2493788_Day13
0.0033940932811138643,-0.03704526279771774,-0.24099276130711916,0.01548396646390638,0.02107038680139354,0.1656022278981666,0.081145393564201,0.022757838580562878,0.03557170845851685,0.019542607708847637,0.20920630262311785,0.011929267255910082,-0.7728758377712384,-0.6921888785098017,0.038398264236113595,0.7215573024311334,0.027327436244194155,-0.019789421406187092,-0.1971996570859611,0.33152791584372476,0.024067526675940594,-0.019477705836236345,0.25151389873934926,0.05005668157125751,-0.0346580689771364,-0.03445953199533972,0.5145808376089531,0.01157539601149779,-0.05868639627241715,0.00839446904104728,0.02390546525455041,0.020982312000371886,OSD-120,Atha_Ws_root_FLT_dark_Rep1_GSM2493789_Day13
0.00861703174929043,-0.04126375652113689,-0.1697434549556318,0.016742707519599286,0.023303798798571158,0.22400264800049738,0.08613203225545758,0.022100033657545943,0.04038781720932957,0.02787658303243897,0.23757860321026875,0.017194184477435613,-0.691545885165704,-0.7098876175889359,0.04448844086923399,0.6905696661847917,0.02554778787406412,-0.020587595513040246,-0.12032240905636853,0.3176315097437648,0.023288312248394786,-0.03263293319575463,0.24859976558166094,0.05181791360826984,-0.03890946998802756,-0.03927993987524259,0.5281024294235254,0.017503737141360706,-0.06154585776213099,0.011751266412586295,0.02139639440967667,0.019344012057553813,OSD-120,Atha_Ws_root_FLT_dark_Rep2_GSM2493790_Day13
0.010047405998638993,-0.040637824914810015,-0.16023248815995147,0.015586661981851796,0.025631283891049066,0.21892708399884797,0.08239207206979994,0.021321968292198783,0.04099357668092531,0.030166887715097807,0.23175362659002216,0.01735591805838926,-0.6320146401978508,-0.6790085407512891,0.04420306617439355,0.7066386756131683,0.022985919025527178,-0.020128754948811393,-0.020409726611267796,0.31273950728229327,0.020443822970111127,-0.03347278110733817,0.22034072472412403,0.05048522245994302,-0.0384748344562644,-0.039879344746841044,0.4740341740316151,0.01808890561035673,-0.0642672901774322,0.01095351495347701,0.022268786580068287,0.018630561002825632,OSD-120,Atha_Ws_root_FLT_dark_Rep3_GSM2493791_Day13
0.012262654681826184,-0.03759884800935048,-0.12547594609792034,0.015452101544277163,0.023211257598874328,0.27532259912164814,0.0848129736627058,0.021419972569874497,0.031792458982010836,0.03731001770842493,0.2817308936335545,0.021534242479541138,-0.5118580150682357,-0.8497310661909737,0.045342763264122156,0.7361854958873272,0.01998318291588962,-0.021493298136160955,-0.08485859503768475,0.2851643529092529,0.00920150604623179,-0.028345258969139094,0.21997396712275072,0.05214136388871832,-0.041574909048911673,-0.04839773896586011,0.49799325420571916,0.023784629248467228,-0.06592779062856934,0.008873770538842161,0.026796318387452122,0.01827953445611369,OSD-120,Atha_Col-0-PhyD_root_FLT_dark_Rep1_GSM2493792_Day13
0.007316553162900032,-0.03969991485948183,-0.21483653883652012,0.014827132352220301,0.02228314332419042,0.2814695410481677,0.08729571396205851,0.02410731578357556,0.04728329763904987,0.03462908384951419,0.2439808251463816,0.02651603523199165,-0.684794407058844,-0.8226175071115343,0.04831413140690971,0.6137245984904275,0.023076363589950376,-0.0223394140801615,-0.15107511556678502,0.34629015979826067,0.024630597216637566,-0.03188356939758911,0.24975279787664068,0.04850238961997266,-0.040660928373861184,-0.04518969064765222,0.5384764653751344,0.017996515211831286,-0.06092943912984045,0.011076198286771567,0.01937604869839263,0.015186169674210449,OSD-120,Atha_Col-0-PhyD_root_FLT_dark_Rep2_GSM2493793_Day13
0.0178606485530422,-0.04326002121046838,-0.3640819790733787,0.01917865600404715,0.02811433076450018,0.2898303861875826,0.0850412762783366,0.02390928118671833,0.05091329212886719,0.044407414433466345,0.2532661992345339,0.0363442901158707,-0.7411730469106109,-0.8879425543715876,0.04793781955860575,0.5317133505168605,0.015472818788716331,-0.028219012110788325,-0.03566974497142031,0.28928550998661046,0.018285716450631435,-0.04759664052301523,0.23795464590957954,0.04256265510966672,-0.05051632865591354,-0.05201189638344496,0.5051856022051855,0.02703641662134664,-0.05608856037150234,0.01682358781217867,0.01718273870122519,0.009593421344406512,OSD-120,Atha_Col-0-PhyD_root_FLT_dark_Rep3_GSM2493794_Day13
0.015623827694064481,-0.041798323676220356,-0.12796904441394885,0.01699549153652984,0.020788835880463707,0.300241227843377,0.09149999973124724,0.023808905562729816,0.0418917277371794,0.03787145214396712,0.285585834446432,0.022364133450941077,-0.6212412353888671,-0.7403099839215678,0.049618374959700715,0.6813181911791706,0.02288080651282664,-0.022927571749136077,-0.06413431375480809,0.3327452751030666,0.017678616346769472,-0.038222672603258165,0.2578014080661517,0.05522444497264149,-0.043752756015148546,-0.042719721570542275,0.5049809154978375,0.019748827026561236,-0.06343953256699321,0.018016581712737775,0.02229152987030355,0.01746245578255193,OSD-120,Atha_Col-0_root_GC_Alight_Rep3_GSM2493761_Day13
0.02279043705734825,-0.025764577561820417,-0.28630213860323833,0.013250145466141651,0.019929813667502565,0.28876956900507705,0.06671743048062317,0.018749205136774548,0.007205426274947464,0.029901236716116348,0.31843190099420354,0.011985789083626311,-0.5176251086800496,-0.8166192805243647,0.03069590706449668,0.7081991773412519,0.012768409312476624,-0.02039200044215364,0.10187431507533797,0.23370955841174626,-0.016337845898867127,-0.010788519601185067,0.21317196164690802,0.04963752870475687,-0.03952110164685641,-0.04750145245664142,0.35706502849639304,0.028476357448224826,-0.05262776249389319,0.012090870037321975,0.0373606000455462,0.021023977369055452,OSD-193,GSM2516735
0.023710816388553733,-0.026505813153339036,-0.2590610831176302,0.013611308208402456,0.018122121145758018,0.3020505687863948,0.07081397404713395,0.019334463492776413,0.01008155035701838,0.030884943493522693,0.3237702078460239,0.013548531224258824,-0.5324801302221588,-0.8006534443327977,0.03267591061233333,0.6848311583537288,0.013231592027076687,-0.020981030353988354,0.08185593762221466,0.24844261458799863,-0.013322232285659203,-0.015051519188938073,0.23295366120224195,0.05203910429842096,-0.040010519750229526,-0.04684720536063604,0.37981505668122845,0.02698045997763216,-0.05189939767950084,0.015435656444012397,0.0358944408383241,0.02091353570650919,OSD-193,GSM2516736
0.023485130557225797,-0.02527815787732335,-0.2736887042655692,0.013204313790234538,0.017631778367268477,0.29434585088662285,0.0694205205461187,0.01833589946467554,0.006364062854288607,0.027857062517974887,0.32124552440248866,0.012037772775385563,-0.5405595752015531,-0.8114907363731424,0.030199911071272737,0.6782996502125402,0.012516104482594572,-0.021629120950397554,0.09509699164909852,0.22590007851538263,-0.015889523329512708,-0.014152854161246007,0.24073570391188326,0.05108404965186058,-0.0392361018568453,-0.04687523158056032,0.3892322361165555,0.02759794738193289,-0.049048799600348254,0.014960416381028057,0.0371870702254378,0.0208271446883367,OSD-193,GSM2516737
0.022365162290541387,-0.025509158704600625,-0.2812419910990119,0.012162688852054359,0.018373897021437328,0.2908056083087816,0.06797057368278012,0.019389949322207684,0.009418177543303425,0.02986463426952274,0.31984977580688073,0.012909135007046837,-0.5405360800805623,-0.7822675951276971,0.03132684847066689,0.6774323267858974,0.013586020830773593,-0.020095959548388897,0.09834129301330355,0.2556139880983382,-0.013981440518776742,-0.011126233394436856,0.2349712596642843,0.05037787880800105,-0.038721248429882775,-0.04579983209497499,0.36949898713397294,0.027060562445110563,-0.0518439533249769,0.012764479932836506,0.036467011585181355,0.020861315792951928,OSD-193,GSM2516738
0.01931652912959324,-0.029957118387029587,-0.2445122719026178,0.014596822474811366,0.01870573691248628,0.33114115757407114,0.07220705083861106,0.02045179618258458,0.018987909198938734,0.030887602645465403,0.30706705582791627,0.014419021213021988,-0.5570773214613897,-0.7982504012469955,0.03731257602411582,0.6761859920758346,0.01590088726286985,-0.020189065267660004,0.038295889402584875,0.2687714504253005,-0.0060046035944061734,-0.0185470665312151,0.2474924630598101,0.05152022551369747,-0.040507710574544484,-0.04681095451334311,0.39463171024410704,0.02520416790899659,-0.05418427357124636,0.015763352241077704,0.03201881918647403,0.019388948366610863,OSD-193,GSM2516739
0.02407585587717288,-0.02698855857993153,-0.2593702915638323,0.01351844359785698,0.015131659101976705,0.3347927145981843,0.07385098905000911,0.020734358304766484,0.013522225942635316,0.031838180222153144,0.33514868813860627,0.014926729614864806,-0.5597992240631716,-0.7878148364651311,0.03538980340191611,0.6391447358246025,0.014656625742346344,-0.020766360936384273,0.0545180588332443,0.27420066736502463,-0.01030905846473558,-0.016214817887017573,0.25761884203068197,0.053430823429266784,-0.040463618255533684,-0.046214975452060825,0.40889632344268223,0.026404903794050114,-0.050591670474054024,0.01796150590318029,0.0345636515028745,0.02041096049026971,OSD-193,GSM2516740
0.020817762404929767,-0.027672487214264404,-0.2801231897250906,0.013849318180466037,0.018387986099200813,0.32058510045215743,0.07112118994115152,0.0202739230092363,0.014384079817903895,0.030093777403353967,0.3150217937161538,0.013782403868691569,-0.5596646143195405,-0.8095804329210154,0.03526702326948979,0.6767620558775848,0.014702534162445668,-0.020681263400832404,0.04202282372169563,0.26744969987078665,-0.008786219219661431,-0.013244847643692853,0.2349815509564318,0.05156978512113056,-0.04008552078133203,-0.047110557836782786,0.3863029634968469,0.025646850586873885,-0.05285745338636563,0.014301992211587799,0.03454306233791505,0.02021749137792163,OSD-193,GSM2516741
0.018007431740120296,-0.026365582501806102,-0.2571938064826566,0.013265419564239518,0.016504023815433182,0.2984364698208957,0.07118337627994908,0.02018322509509403,0.012346649705201872,0.025571407837686258,0.30314207620272215,0.011075695979634715,-0.56719391691289,-0.7881632838346517,0.033485887270618124,0.6843616889752343,0.015845179555388125,-0.02041987585492355,0.02569571427384676,0.26685228527237614,-0.007739415013531262,-0.010049387028583757,0.2530756695180914,0.052147494177640794,-0.03746609276232606,-0.04469980125726929,0.39801721429309683,0.023112250627769892,-0.05124170134487524,0.012970970346553364,0.03601493316110755,0.021294039301927886,OSD-193,GSM2516742
0.021502847512490625,-0.026205746110680474,-0.27128593213305535,0.014258612167484648,0.017674174687842343,0.29304664708916406,0.07036973487912157,0.019502142423274475,0.01134994600793385,0.02831767429952091,0.30688084474573846,0.012884123853038458,-0.5559002598379629,-0.8110854293855199,0.03248007847930544,0.676013760614124,0.013176525398285125,-0.02128220681177885,0.05907593039477512,0.25105874676974826,-0.010458748739663121,-0.013805272798397812,0.2332022737910688,0.05133192842465635,-0.039112740420965554,-0.04619636421185203,0.367247559853273,0.025038590448624658,-0.05024906465993687,0.015158176551815663,0.0358243656821852,0.021015872080230185,OSD-193,GSM2516743
0.02310508604931442,-0.02671822769107772,-0.25277065096003426,0.013772253629853761,0.019330135062943548,0.3097113738375294,0.07169549551949274,0.019776546627960315,0.011191831681726175,0.032399616648578274,0.3226858905985619,0.01485413965340141,-0.5386188369588287,-0.8103842397872296,0.033549820651238196,0.6952546049724174,0.014271147062491012,-0.02051695445033097,0.041162877335408465,0.2500430814772852,-0.012521436243053883,-0.0164323303823825,0.24137161422540515,0.052143909404512155,-0.04075994756552942,-0.04784317176264506,0.38775223819965976,0.026902785280613357,-0.053015737550640436,0.015266150896753698,0.03474737799194042,0.020629013933346308,OSD-193,GSM2516744
0.02216184734168542,-0.02552117510639849,-0.25319571828774573,0.0126437868150038,0.018388795806211763,0.2938625356383864,0.06983088840423084,0.01915522624988551,0.008804681181797244,0.03032758248678469,0.32091038276607936,0.012667205478442892,-0.5308079581661017,-0.8051869550833135,0.03204316685441531,0.6984871284521278,0.0139728980402063,-0.019980875918174566,0.06620597006233596,0.24948600145497876,-0.013499527978286057,-0.012778050615373454,0.22256071637722627,0.051078367834538126,-0.03887068975838197,-0.04664579384583034,0.3767277142300141,0.02669745254238648,-0.052939117050530955,0.014101762474304308,0.03633289598845257,0.021261157022279233,OSD-193,GSM2516745
0.02174500892558653,-0.02755770369649199,-0.2812392331051999,0.014657320110176902,0.01917220014222567,0.3040987092887515,0.07097355531901181,0.02039034636237695,0.013345045084585332,0.029468282542611305,0.3110601154098625,0.014048257704923182,-0.5632706926882904,-0.8002491140412477,0.03384301587657122,0.6746947058226879,0.01403987596152931,-0.021216456749442583,0.053387285564270276,0.2591455321264734,-0.010373252618756596,-0.015809658797521522,0.24793841759210475,0.05204621688206321,-0.040675016494798065,-0.047497891305272495,0.38361412840563386,0.02583344622617185,-0.05155741951611958,0.015697299233635054,0.03512559196453231,0.020423641941350303,OSD-193,GSM2516746
0.020389617722803587,-0.027608965036284457,-0.22305932342610912,0.01475980927347452,0.01574774601316785,0.355234659866535,0.07391349195357395,0.021344710118009463,0.016320115221028574,0.028485689169698666,0.3214063807106642,0.013857412448633172,-0.5335940098977054,-0.790921334003813,0.03696408790495875,0.6550081094385675,0.015452669950506485,-0.02035897638507773,0.02219126973152725,0.28374866571642143,-0.007943997426939306,-0.014493996779118456,0.2836122594472806,0.055444827494089015,-0.039770498563903425,-0.04793745155314338,0.3884903991838311,0.02409098728152894,-0.05129758509418778,0.01723950740023878,0.03455929463702348,0.02074525826629098,OSD-193,GSM2516747
0.024162439372175628,-0.027802347543698886,-0.22215260647913887,0.015077587987326961,0.016125279620706683,0.36333426410742575,0.07544307317923701,0.02124497577798788,0.014653408319652058,0.03292896465645102,0.33828694333719833,0.0157500599853678,-0.517944327028849,-0.8110136665032441,0.037859550219680904,0.655982725228304,0.014564520224515314,-0.020985271660412128,0.04136245488396122,0.27370091965187887,-0.010534983857163584,-0.017851738835836746,0.26810893031123095,0.05561839638491032,-0.04175948227787519,-0.04896048324618865,0.39876248463428277,0.02678463154316677,-0.05208295677264285,0.018914896262484767,0.03470018337625535,0.020590187628719465,OSD-193,GSM2516748
0.021274135523159935,-0.02885441669989013,-0.2510922203455394,0.014015826388192527,0.017415683905716232,0.35307042941360445,0.07358274199046425,0.020641209549002268,0.018937153205492715,0.031069647309481783,0.31858722148649554,0.015940834003260084,-0.5545502722865303,-0.784717235627922,0.037420014932908266,0.6383538798211466,0.014830498881203458,-0.020647988497752907,0.04425633074792592,0.2793174874493976,-0.006468879269466337,-0.01823095144067685,0.27269229551947927,0.053707519850502955,-0.04064995584701611,-0.04763556949282221,0.4009556994644092,0.02491573609264314,-0.051534493109929067,0.016453312130339598,0.03220359437505351,0.01941952813255028,OSD-193,GSM2516749
0.018843901861214447,-0.029687268694443946,-0.245566802925936,0.014728582006729928,0.02071094511331726,0.2885669307445477,0.07063039432229025,0.01875254870425181,0.01630791862643678,0.029401099210957113,0.2914740411194111,0.013521706877431781,-0.5829449663899201,-0.7938936573859843,0.03448263681646655,0.7032342185818075,0.01563420152750963,-0.02036129677178901,0.02096678503665759,0.24028224809846277,-0.005416169437562789,-0.01870361669554361,0.2332136880705503,0.05006181508139282,-0.03952741478001432,-0.0453698921736655,0.40658672007798125,0.025044368319931665,-0.05435736355144195,0.013534881071933966,0.031527284694571465,0.019880001473793613,OSD-193,GSM2516750
0.024521909736788704,-0.02066875309388843,-0.33102853398250215,0.011306874721394387,0.012729364289903651,0.2994549452980119,0.06694524710294678,0.02012157705166081,0.0011829647409561472,0.026092985489465568,0.33857329540647907,0.009425625092965908,-0.5241290931284528,-0.8057039659931347,0.029093725423807015,0.6315263017537145,0.011870858448558527,-0.019920707916037287,0.11758947172664536,0.2687153860887871,-0.01885987802205064,-0.0017716768018858574,0.2272422748607366,0.051959456804940365,-0.03684016797571145,-0.045279520345984675,0.3547785426212163,0.027438000298422246,-0.04592792912317895,0.013439276116308041,0.042407923350045416,0.02323103636594724,OSD-193,GSM2516751
0.025445932531134134,-0.02081476082812361,-0.3420124312496062,0.011891226090610036,0.012552989552789441,0.29120241070712677,0.06792781373484075,0.0200755216724599,0.00071327407262522,0.025986419803950472,0.33890467097324073,0.009089471865494353,-0.535600332630557,-0.810011172882547,0.02893944012132907,0.6326884168103865,0.011626674305216375,-0.020305205359294216,0.11237013309300542,0.26646454992982815,-0.018523413598224212,-0.003352102286372628,0.21384677813363442,0.05227974872206969,-0.037258956870462386,-0.04524789549577782,0.36276419559442646,0.027273481752790887,-0.04546641269415532,0.015181911814122834,0.0425569265339119,0.02353670043968813,OSD-193,GSM2516752
0.025653514948741823,-0.018749347688107838,-0.3282334598088224,0.01063948551159667,0.009889171411911275,0.31293070124363487,0.06862080017406198,0.02049594031107589,-0.0019755210369395296,0.025202496506456753,0.3510173424132036,0.008068040846417563,-0.5336626011870793,-0.8101521122381931,0.028801501832920764,0.6241612503248689,0.012556265274036428,-0.01988735134174773,0.10587237645145908,0.2742538422531725,-0.020480833434265332,-0.0009187786313276268,0.2306769604477911,0.053306271444192845,-0.03625834557032646,-0.04446274923582769,0.3730710584726183,0.026701195485883754,-0.04400673409759799,0.016414053078006738,0.043750081333589076,0.023995414622448107,OSD-193,GSM2516753
0.025078587915069925,-0.021192240130898796,-0.334697159950602,0.011331217882709686,0.013974952912748239,0.29165919765783244,0.06578603978728796,0.019609140632695053,0.0018546214744811428,0.02739461566456529,0.3349096569104186,0.009896917795717565,-0.5310365852104312,-0.80306135717379,0.0285984306285018,0.6341339926166574,0.011841269778324176,-0.01938277963697263,0.12556833288641192,0.26061034002300587,-0.018638380406191212,-0.003334324016949556,0.21272887092185233,0.05043459705988318,-0.03701683717236733,-0.04498162005360001,0.3510335142426483,0.028282350077847847,-0.04660016371143709,0.013075662066909388,0.04113471564980052,0.02296307969218534,OSD-193,GSM2516754
0.022125062926515036,-0.02277232712411558,-0.35019862692845405,0.012526573588075848,0.014494941695935178,0.2995943102336563,0.0670039670627223,0.020013132309032556,0.0061516362328041365,0.025859035630902406,0.319898871006652,0.010340933464310725,-0.5497879400419312,-0.8273326652419494,0.03042682105643025,0.6350757183287392,0.012383101028104242,-0.020133252075892717,0.08189441863717836,0.2655456435206489,-0.014140515988141904,-0.004096407657979428,0.2139461252607748,0.050286786988948846,-0.037412017851375996,-0.046075405792829614,0.3616399376878859,0.02644159000056207,-0.046651218464660596,0.012824706588539509,0.039640042095499824,0.02214489304363287,OSD-193,GSM2516755
0.02337332126335969,-0.023464812697717344,-0.3135768775539468,0.012437439041335902,0.014844001650193303,0.303182422148685,0.06846653295923807,0.020135678200249356,0.006199901444285726,0.027422635126095638,0.32774077492843473,0.011121885428387006,-0.5317266085439155,-0.813823924624023,0.031173398312660174,0.634884076676662,0.012657158063046573,-0.020080248327134242,0.10270563638010137,0.2629186132832178,-0.015129560235154535,-0.0069618239734017635,0.2224588061152422,0.05101697419440385,-0.03798665331911915,-0.04633238738839943,0.3690228812506936,0.02763830769136568,-0.04772484071980156,0.013612158690170545,0.03967716016754895,0.02209522117639193,OSD-193,GSM2516756
0.025772472105234933,-0.01945305895551594,-0.32958590181063674,0.01112173855614269,0.010546500806626134,0.31699920744725596,0.06696985405963143,0.019104811170629635,-0.0018493096304165555,0.02528713606726386,0.3447379394070731,0.007530845099087745,-0.5409574151403564,-0.8096768567918882,0.02822426896956179,0.6281523179696619,0.012136544633916882,-0.019400392009343778,0.10141284362529848,0.25061185123067486,-0.020064313126929707,-0.002592179013626396,0.22668793767341147,0.052076750757551506,-0.03631931885347741,-0.044099807398100314,0.3736962840703397,0.027452879166394356,-0.04352684766045148,0.015493529671231805,0.04209647166537446,0.023499246163993157,OSD-193,GSM2516757
0.025235574339241257,-0.020035569476943044,-0.34999342852260723,0.011604226326824209,0.012163125805407517,0.2928337127327903,0.06532504586611666,0.018847630466157776,-0.0005768765297853521,0.025137202039105147,0.3320343836802932,0.0079817020793507,-0.5500843810405593,-0.804278031515064,0.02745028086653819,0.6301916307762588,0.010872360142744768,-0.01991541626308447,0.11683094171916496,0.24828560781411385,-0.019056765584481647,-0.0025953260171146524,0.21642430122771,0.05079333826064301,-0.03649064021848534,-0.04390148076549205,0.34635044250632213,0.02710444097386594,-0.043715311603092874,0.014170509632926712,0.04199497692929493,0.023210215680263886,OSD-193,GSM2516758
0.02314045154049082,-0.021729077218571667,-0.3695787478137126,0.011261224610276037,0.015804659473796764,0.3103113756545505,0.06401277284467888,0.019331616445139827,0.003619306455330013,0.026805430368131804,0.32740130460494055,0.010461435828895013,-0.5262845747467897,-0.8392928718329521,0.029442618802647962,0.6356390063166016,0.01130112979712791,-0.019761606562131804,0.12007362435908304,0.25683258616676075,-0.017923940118500202,-0.0012409173683447523,0.20501814905030724,0.04902521745194567,-0.037416553212383095,-0.047298962633772854,0.3478497237067233,0.028586905776103077,-0.046996301904912614,0.010329695380301573,0.04051784213557413,0.021828159415517797,OSD-193,GSM2516759
0.025305652351235476,-0.021007307874378333,-0.35581911597451044,0.011510397892204592,0.014310841401767969,0.3123329821168128,0.06605801095189683,0.019658045238479083,0.0017083522717158146,0.028092247233548653,0.34112525826428175,0.010550965200888973,-0.5190609936743187,-0.8386824502396225,0.02934579595851458,0.6373030067894275,0.011015846257461485,-0.019967483184597786,0.11289180299691981,0.2586652720966165,-0.019698626481953384,-0.0023308166209239233,0.20460991776755935,0.05043069883497997,-0.03806016704689014,-0.047444791349071244,0.34459012563174723,0.028836770329634494,-0.046554195619039535,0.01297771120125708,0.04153042580038557,0.02238135948999765,OSD-193,GSM2516760
0.02465631681713578,-0.02184610580916496,-0.35481541903989855,0.011727479354044588,0.015554635885301793,0.308143880064352,0.06537206690379754,0.01977906155219955,0.0032972841638694303,0.027678794048797056,0.33288066473885025,0.011097228422217251,-0.5205183184812655,-0.8381429560886899,0.02959287185080132,0.6300490994207959,0.011251847634180103,-0.020126584909971688,0.13348839415134248,0.2580605760735495,-0.018896083207127528,-0.003637124253369966,0.2074758884411921,0.04969838745508539,-0.038043642413504344,-0.04749905198270117,0.3495900493257658,0.029199844374304756,-0.04678354769255829,0.012467135117345528,0.04087189980043722,0.02207660301704241,OSD-193,GSM2516761
0.023640528195584376,-0.022706162514876217,-0.37101852451309975,0.011619205986429534,0.01649947561364919,0.28599745482647426,0.06640338913346687,0.020139357055170688,0.005756728296993422,0.028098626524555366,0.32469254995297075,0.012033639941970185,-0.5527485025873294,-0.8257302029640509,0.030255862454546728,0.6303029698189171,0.01150563461454682,-0.020504421327283726,0.11318148826432191,0.2714002662890744,-0.015437686835644544,-0.004388393512758234,0.1992708561445586,0.04941483219213349,-0.03823501829312588,-0.04666481008605113,0.35320955608276855,0.027836139225874384,-0.0480473393781995,0.01205817317102402,0.04007001419445066,0.021839632077081898,OSD-193,GSM2516762
0.024361509477443512,-0.022140023389373722,-0.32282896240091075,0.01210637727184396,0.012707519914213232,0.3197975033837337,0.0680945654833428,0.01962455091958908,0.003557962964409793,0.02700640215331552,0.3353489162772166,0.0097343164262652,-0.5221127358221894,-0.8233577194098628,0.03126327431005376,0.6276501059622541,0.011917974565579107,-0.01995980791990269,0.10734318203464945,0.26113545500448565,-0.016459157193927546,-0.005300652565471085,0.21948174545594926,0.05209508914347281,-0.037482124074037684,-0.04568385969697732,0.3717096221901495,0.02760078332144246,-0.04625220658297208,0.014308517062823583,0.04059546354968659,0.02268196955221456,OSD-193,GSM2516763
0.021787991007688925,-0.024708910717089447,-0.3363820430850499,0.012510319699632809,0.01797426995179424,0.3168064729301795,0.06569710547079112,0.019654253255109506,0.009122404769864537,0.028097127447517082,0.3171945922164182,0.011797699526528184,-0.5366989373948261,-0.8306878287404432,0.032020398651817696,0.6471440522075621,0.012722502726231787,-0.01956974204214551,0.10088610971953428,0.25800482977899647,-0.013893454629998797,-0.00675421363985327,0.20839926873084352,0.048902842740216175,-0.03855683690238994,-0.047871964625969494,0.3565992634882866,0.028174708613260883,-0.04970077990648974,0.011446371546436889,0.0376241016005492,0.02091902412705638,OSD-193,GSM2516764
0.02617791409814392,-0.019772035006835376,-0.3359368846586365,0.012319249347704115,0.01121576915174958,0.31490671919308855,0.06830893294102172,0.01955952753077187,-0.000711507331236149,0.02560205303507732,0.3424068799288124,0.008796106902884604,-0.5374281849982069,-0.8296543064764452,0.02908833987390606,0.6162025935262601,0.01135661797046402,-0.02012072985399564,0.09368977588342796,0.2542058173739802,-0.018886472588415002,-0.003825548372804016,0.2204593354698286,0.05239656592664866,-0.03716089178273413,-0.045764590980579764,0.36095612196268023,0.027784720927480824,-0.04294006289626524,0.016380321383520538,0.042381684354892465,0.023672879186706724,OSD-193,GSM2516765
0.023323091895997194,-0.02318296590039106,-0.3276990097204867,0.012306522246408137,0.01625815889070818,0.3263982882291285,0.06607865432441021,0.019983342063047676,0.005868233500417555,0.027761569995365904,0.3291418064045413,0.011167633885971107,-0.5228980923154558,-0.8269088996675106,0.031466596294001774,0.6412581456257709,0.012319789456177734,-0.019813187833942467,0.11077356645170859,0.2588697448443972,-0.016715259701526958,-0.004441341375573857,0.22460183760237112,0.0503325204849219,-0.03844222765640721,-0.047643334833527125,0.3478223122643031,0.0285611952394297,-0.04818388600780556,0.01193132160564452,0.03967329103509264,0.02162014444539428,OSD-193,GSM2516766
0.020158587819991688,-0.03688116079567344,-0.34981491216187494,0.018962623381796148,0.026144471964761738,0.3831050497718667,0.07074867271227132,0.02457135631209209,0.03508192335889338,0.03198327150235971,0.2756962286777755,0.01986346877663035,-0.47567130380078565,-0.8171211716258581,0.043983822631809076,0.5933614710140032,0.014391450555435881,-0.02167282420272111,0.1634548815171316,0.29296758664019223,0.0004930583922091594,-0.02153482268105478,0.22349374834792785,0.0470872839721521,-0.044211652697468753,-0.0546568630329833,0.32042922867884255,0.02954742490182128,-0.05472995514646807,0.01208836566855131,0.031248376504573544,0.016488554336452424,OSD-217,Atha_Ws_root_GC_Rep1
0.02071162282336939,-0.037048532362029256,-0.35492513004968446,0.019076947543815864,0.025383919204095558,0.40525159671595296,0.07188845324034898,0.025151238546269883,0.03677619367613238,0.03287815389717022,0.283226297491919,0.020950835912264085,-0.46394872714919344,-0.8224454766119526,0.045220395614311806,0.5779169145039117,0.014501848644301788,-0.021949010822493117,0.16608804120689485,0.29955048831228276,0.00010764468900526837,-0.02278396598411098,0.23566340134495734,0.047654876989445816,-0.045049460262914905,-0.05593490187218347,0.3258479354890736,0.03015340849334195,-0.05427379739858783,0.013294926626877103,0.030778799303376472,0.015696850414391818,OSD-217,Atha_Ws_root_GC_Rep2
0.02087127318514594,-0.037006152945664054,-0.3476186947190599,0.019132456926842355,0.026170101143964522,0.3911686814530346,0.07066244047347083,0.024540586591254018,0.03482812810064033,0.0319780407010196,0.2783560941957948,0.01913079741020837,-0.47629746345439816,-0.8060701615418894,0.04421297919463129,0.5969517608886391,0.014564457631239926,-0.02135527599659451,0.1686270768565325,0.2913716400692814,4.4706235150232316e-05,-0.022313121864940427,0.22255785320782592,0.04737976264771121,-0.04443434311458646,-0.054543268529634335,0.3147232390847836,0.029652305746561386,-0.054812551806690785,0.013240044169040354,0.03128371243605687,0.01657435227224026,OSD-217,Atha_Ws_root_GC_Rep3
0.0026727063514059763,-0.08337261769015002,-0.13272084952510912,0.029240142719798884,0.04103186296335014,0.4911859910856807,0.1100784713308318,0.04238399590435718,0.12666105280907045,0.04768873562337395,0.1729425815790409,0.051343834803211474,-0.5012369895317705,-0.35934354241622696,0.08645968933423762,0.36672460990596034,0.02538427013038726,-0.02637386797737871,-0.016035924177570698,0.535702092394399,0.07139971102153211,-0.07511739684804496,0.5764877407777028,0.054463030497744,-0.05791998562495409,-0.06392221878158182,0.10624117169905384,0.015968385771986383,-0.0740165901630209,0.02059521256398539,0.006238507672202784,0.0012263724295780588,OSD-217,Atha_Ws_root_FLT_Rep1
0.00263368736363021,-0.08047475422774979,-0.1559842901256912,0.027651824788546706,0.038600027892348496,0.49281095082306237,0.10791822597816042,0.04223658941607257,0.12465728446805407,0.04646769945593807,0.18234962468629565,0.05080254512123919,-0.5069394738340635,-0.3750743000927527,0.08360675910334252,0.34130377853411714,0.025649020937318,-0.026385859536934106,0.008027680752585493,0.5399744144464956,0.0676348638590444,-0.07106131928741423,0.5878744735133399,0.05344582848342716,-0.057239656819846885,-0.06371263077911082,0.14915060695462967,0.01663119697735657,-0.07135941387174881,0.019313323248887758,0.007027882451178347,0.0009757658644079292,OSD-217,Atha_Ws_root_FLT_Rep2
0.004810900652750391,-0.07762119151727336,-0.13777655715975745,0.027441975689309103,0.03672532279923384,0.4895305901243529,0.10764747225280268,0.04079467714212725,0.1145104902517822,0.04425457224260531,0.19291645773225657,0.04764247846418189,-0.4918890082057487,-0.37283952557237066,0.08130399757931285,0.3606120640990545,0.02372251728733908,-0.026111729786068842,0.016391523872618146,0.5107823038899211,0.06219106546599285,-0.07073792575895486,0.5784016934994739,0.05550896165088546,-0.0555633270010599,-0.06320249932460367,0.10993141486034425,0.0172583698219371,-0.06826570371413641,0.022310051081023758,0.01041653621725677,0.003127364319202816,OSD-217,Atha_Ws_root_FLT_Rep3
0.02110362035122595,-0.03559983022424953,-0.349922976339195,0.017841480691072744,0.02549941700103436,0.40020885531241984,0.06853797796061296,0.02371699964484125,0.03280428485380045,0.032014181015478135,0.283698692375284,0.01870269766482977,-0.47276665817314295,-0.7975010057744077,0.04307783370002101,0.5899981741396826,0.01365516182575543,-0.02104768764687017,0.20108901757128134,0.28431636908066976,-0.002704800632493574,-0.02132115720839593,0.23072059794934174,0.047170597043851195,-0.04375380965948691,-0.054124153002491925,0.3098655205144428,0.029969790189760624,-0.053889289207786496,0.013488968435786557,0.03114830466862153,0.016283722137345417,OSD-217,Atha_Ws_leaf_GC_Rep1
0.02179610557876648,-0.03757324838572629,-0.3518421074097585,0.018930785982171634,0.025405422799396716,0.40475878772382196,0.07206794968745196,0.025293982329918637,0.037456958106793066,0.032900919451022255,0.28321627079268336,0.020936806292371053,-0.4744934194525091,-0.7958351904759414,0.04520514752632969,0.56094648025122,0.014489394876867262,-0.02164866126343066,0.1887070840062907,0.3030802318159069,0.0007201567330668384,-0.025249802377030516,0.23256348871885016,0.047396075633489736,-0.04493323899506446,-0.05549210240138524,0.3228541482207291,0.03023570562886923,-0.05393917018730798,0.015274869569917448,0.030538000286656427,0.015878234440654317,OSD-217,Atha_Ws_leaf_GC_Rep2
0.019241082436982266,-0.03811444604863029,-0.3440202079409525,0.019426245471200813,0.027617004145134738,0.394370917613039,0.06994184080579514,0.024583206144833294,0.037193483497585486,0.031666950479736854,0.2682856328987082,0.019717427519602954,-0.48473400154271135,-0.805204265145711,0.04507827854718944,0.5974673725984093,0.014798175201213064,-0.02163374713053675,0.1766149848962512,0.29089921529302304,0.0016852954907372153,-0.023104889257600736,0.2295313221115687,0.046685054357078586,-0.04467347900058893,-0.05499146750524836,0.3105755205300925,0.02953407719680326,-0.05552046371147697,0.012259734140408401,0.030127509704837806,0.015995135926109957,OSD-217,Atha_Ws_leaf_GC_Rep3
0.001751296661565088,-0.07901848517483254,-0.12448307133063115,0.02556247793095729,0.038395966413859325,0.4531316103948972,0.1069721072663497,0.04035736598935009,0.11179792941402106,0.04123329956357786,0.19501369692070478,0.046594442029246785,-0.5050736241792335,-0.31745630875446695,0.08081126194986674,0.36165324710842606,0.025464137007903835,-0.024072190249083143,0.03524779237327718,0.517846763279983,0.06140608034601103,-0.07247779773846057,0.5639196768378616,0.05485645481850684,-0.053041992237415084,-0.06293272024813708,0.111290931281691,0.0193341792753122,-0.07083538694604029,0.02057266893900414,0.01095561537459455,0.004144405393723147,OSD-217,Atha_Ws_leaf_FLT_Rep1
0.0030113569527752916,-0.08063463227793768,-0.11223224229274263,0.02530888221112032,0.03835069338205076,0.4818733398591225,0.10978657077427853,0.040382143930772045,0.11491575357925776,0.0436197195013359,0.19873059844783714,0.04817238942395961,-0.4817970290685828,-0.31069616512867376,0.08295853387379445,0.35032820074410087,0.025015223014435723,-0.024168931106333412,0.029122728098831048,0.5187366257827692,0.06370799033363816,-0.07669938560557113,0.5720537088759062,0.05542020141110489,-0.054004764034065615,-0.06399311381701674,0.10984385094668177,0.019374207548290584,-0.07152105016337965,0.022204493113001635,0.008846427325374273,0.00352487052474648,OSD-217,Atha_Ws_leaf_FLT_Rep2
0.0010786360717453187,-0.08976938150379073,-0.07781708293631855,0.028304765211140115,0.046138344586709734,0.48923680308273176,0.11560973546822663,0.042354353021568106,0.1286906516846918,0.04929208204286675,0.18218843651830016,0.05485059429771568,-0.44875050938490496,-0.30969929923871026,0.09062490133903059,0.37637074724287034,0.02585047975342205,-0.025325315889759795,0.016625068708818497,0.5330394625445395,0.07222558762498049,-0.08894217140704053,0.5577213984942703,0.05481185630097265,-0.05849175846326204,-0.06940926250056702,0.10300256385212539,0.020924693462254916,-0.0800090681887296,0.020774161490130855,0.004503341734302999,0.0010338963589401396,OSD-217,Atha_Ws_leaf_FLT_Rep3
0.0232152440105002,-0.02475023450379718,-0.28937360966643605,0.012702855648718607,0.0190386627194734,0.28708681700256294,0.06644144905848462,0.01840484431797318,0.004896582620652815,0.02923104596924744,0.32271150920466724,0.010960908014076272,-0.5194954264678204,-0.813712225958004,0.029810079383054782,0.7091944491548172,0.012716676619554194,-0.020134071971471205,0.09949366985720719,0.23083544357975552,-0.017518971541852828,-0.009487908403490208,0.2120381763930863,0.04990535456242541,-0.038954599913496445,-0.04690915913905347,0.3605594671553632,0.028468166594059742,-0.05192686965613444,0.012152925403073311,0.03811389110665447,0.02147443913884562,OSD-218,SAMN06465201
0.02417516501671944,-0.025395853111827064,-0.260565972466002,0.01316987703226247,0.017313690455774196,0.29996961333733885,0.07074668904272018,0.018899567201564136,0.007204583507203693,0.029939598823997386,0.3284188981626022,0.012301879478587824,-0.5338739164025305,-0.7993127571789489,0.03178568550927668,0.6870998561312314,0.013239643200841198,-0.020830162747054737,0.07911278803735991,0.2431478200517545,-0.014636667300311709,-0.013755511150463792,0.23273055757508443,0.052365558102036726,-0.039437915016893366,-0.04628387560640522,0.38161209793129275,0.027179510832297974,-0.05095075862580389,0.015501817404292273,0.03690224131247738,0.021527688666894345,OSD-218,SAMN06465179
0.023806820586131972,-0.0242297518835911,-0.2763636440271603,0.012785983551310436,0.016964263693927544,0.2929824444173639,0.0693360275597674,0.017952572198351224,0.003780037495931805,0.02696583243658267,0.32485766001599564,0.010928957639980476,-0.5420158953577379,-0.8110996888998223,0.029414430410883735,0.6799271864564961,0.012513318311156815,-0.02149598005023949,0.09190316678826732,0.22093132712938032,-0.01703505326508741,-0.012927794960612094,0.24107104150131398,0.05132695853738562,-0.038717551633522355,-0.04642125205218395,0.39003451949175666,0.027741256002348887,-0.04808491088696064,0.014883501181626447,0.03812441880710437,0.021359606792795346,OSD-218,SAMN06465197
0.02283103884277534,-0.024407697829579866,-0.2835062228260032,0.01169959000346331,0.017576729408886757,0.2884897199948773,0.067886446487554,0.01893580628963563,0.006474081228238018,0.028969408445479506,0.3246731125046376,0.011728990613087421,-0.5420306694503698,-0.7836141446296567,0.03042528765971365,0.6792380118719907,0.013509892607066955,-0.02000720854106689,0.09664872125790742,0.250269365958961,-0.015380451815899738,-0.009874117765773472,0.23391791283036187,0.050689316563094236,-0.03818329470395267,-0.04528725379900743,0.3723868382748096,0.027284387031207766,-0.050877747361131855,0.012849383469372108,0.0374950156154261,0.02146839720891689,OSD-218,SAMN06465194
0.019740722747502965,-0.028878617624522165,-0.24724893123377475,0.014054657153056888,0.01776524435376961,0.3291299491957048,0.07194536512242422,0.020066336986528675,0.01650917662239775,0.030043290332544517,0.3113893835233735,0.013292437790477932,-0.5588212808061926,-0.7954816172254175,0.03637828650083787,0.6768865741354262,0.015822072826091525,-0.01996768781242361,0.03648193176153036,0.2656158745958301,-0.0072070821250756305,-0.01712222732496574,0.2464330592595956,0.051824619677726676,-0.03987449740477184,-0.04618921516980705,0.39723865388088436,0.02519605930442668,-0.05337148632633974,0.015834800243140663,0.03286456618266734,0.0199007736246361,OSD-218,SAMN06465190
0.024503983556563386,-0.025962173063764714,-0.2622222997123913,0.013017570141544638,0.014233439916075114,0.3330669177115792,0.0737136697270948,0.020370884518632646,0.011094470336091547,0.031028022464861457,0.33952552568707267,0.013850281787759733,-0.5617038377547009,-0.7859903084114572,0.034547108063905416,0.639654159502836,0.014613115964554646,-0.02059639152725629,0.05262810523816955,0.27103780299515756,-0.011459597754758065,-0.014961894890737043,0.25669607329882527,0.05374259172206475,-0.039891012040409894,-0.045638512903516816,0.4121239506193322,0.026443509540292863,-0.049769037575989925,0.018102318197980853,0.03539443483886375,0.02091367721121301,OSD-218,SAMN06465187
0.02110357528142692,-0.026682924465294702,-0.283394294185539,0.013289874833220682,0.017485431277348702,0.3189782891889727,0.07086399968925203,0.019977846480878667,0.012304847473206725,0.029371773378728656,0.31857502390584,0.01279499687550042,-0.5619074820121572,-0.806222984761525,0.03444934357602116,0.6766080596125995,0.014679158306927674,-0.02040440433740964,0.039218380191778854,0.2657088380787039,-0.009761937275945659,-0.011937396604604442,0.23429461524343803,0.0518315911206346,-0.039476657877702416,-0.04650197330722808,0.3896174262989189,0.02552490806372914,-0.05213543904988423,0.014321615816458482,0.03524943592381171,0.020650888345951003,OSD-218,SAMN06465183
0.018396072716578494,-0.02534729124543082,-0.2599726408884078,0.012723834266011966,0.0155357245717455,0.2963972931464495,0.07108157525619534,0.01988077324475752,0.010065827317024177,0.024822235993267123,0.30740731941668903,0.010015902713392883,-0.5697892679651149,-0.7854237770749483,0.032647490577742314,0.6852431402889668,0.015838677497963964,-0.02019203102309537,0.022207224162219763,0.26478869623014045,-0.008806905166042094,-0.008811900919202717,0.2515945345374946,0.052495452652236194,-0.03688030859288069,-0.044089932961988244,0.40273375065817985,0.02299912750766175,-0.05052312209490318,0.013179735461285884,0.03680426772944872,0.021776285346127005,OSD-218,SAMN06465181
0.02269843062899498,-0.02594522775857525,-0.26380438254189836,0.013183621345604229,0.018482700346680498,0.2874373464672455,0.06965997257070361,0.01870918197197951,0.008541159590331072,0.029291632276113262,0.31392838548195034,0.010883068799492353,-0.6004192409741111,-0.7652825446865623,0.03179377722113462,0.7066716172529933,0.01534020500962766,-0.019868606394335495,0.04084581565805787,0.24478690550091722,-0.011019646010243762,-0.01417008982557593,0.23429972814751335,0.05099163319139237,-0.03897546234199494,-0.04277418481371009,0.36590465247321075,0.025312600467352786,-0.051907084203827794,0.015464376838440293,0.03473211637282011,0.021568671760670847,OSD-218,SAMN06465177
0.023715459043536804,-0.026152394923489853,-0.2597750227088604,0.013599516084282347,0.019105050478699773,0.31627107003249755,0.06967409749443704,0.017844786964353626,0.0061221649400972095,0.029891222552308774,0.32725512088150327,0.012897505331060028,-0.5567219440757665,-0.8115223263804366,0.03164687341321643,0.6850011252575416,0.013316598526250665,-0.02117376187972271,0.05526675921640516,0.20463058715663052,-0.01610077092574521,-0.016542386764111176,0.25747970904306244,0.05029726753594703,-0.040832487644105256,-0.047835875354841885,0.39381548515873266,0.029862678147506004,-0.04997204037141125,0.014142604655909982,0.03599047710758778,0.01978080562258262,OSD-218,SAMN06465174
0.020902122216704743,-0.02667943860820028,-0.26534774226949326,0.013554470479291807,0.019826777468071825,0.2764971422931,0.06906332923760647,0.01808384871519811,0.009144986484561083,0.029235286324716392,0.30578720195806247,0.012383386253155756,-0.5923253234940552,-0.7904811628517081,0.031029401386786767,0.7158637045462448,0.01468820656332114,-0.020381027543694683,0.011377526249445916,0.22403850771207476,-0.010778236803531096,-0.014093332010165943,0.23973335110050306,0.04983708245287702,-0.039277395890085165,-0.04497150608136533,0.39491747947713185,0.026088476872770088,-0.05267623693711199,0.012339339718770428,0.03422287355288509,0.020485522674195605,OSD-218,SAMN06465172
0.025846419804349083,-0.024390517835958733,-0.27591332838970956,0.013776322310442913,0.01694688601933352,0.2991680821270244,0.06807892429935815,0.01702878757959252,0.002078265588300059,0.027982873708444357,0.33087962574473545,0.008752074892841641,-0.5692373898097004,-0.7789173213026662,0.029091892897208784,0.6985664860782168,0.01363540360264152,-0.019209985107799626,0.04660784164910151,0.21077383383358483,-0.016568787689740905,-0.01324657287093395,0.23221606893299765,0.05186906402036879,-0.039027435573518836,-0.04453955251296401,0.37804899093312827,0.028552066921927476,-0.04877496290971314,0.015948285137554565,0.036462804404962336,0.02250509500383988,OSD-218,SAMN06465170
0.014598945498333784,-0.04022556034514123,-0.2768975750929623,0.0150814994803265,0.03172214246446527,0.21348636422310813,0.09551308949768544,0.030426650541289506,0.06623205814054584,0.04778363909860125,0.2586957724926933,0.03845597806534387,-0.5123470347200564,-0.7496543548710518,0.051072429461474125,0.31707021006718344,0.006679164505789164,-0.013271214941356572,-0.16951472171606582,0.4829445868042043,0.016909257263666624,-0.05326382809166425,0.2746167825458262,0.065105724756098,-0.050426354069154466,-0.06188681786615961,0.45630790270176985,0.019258554617474742,-0.0540989922087735,0.016997200136627578,0.025313625190128454,0.017752990036899792,OSD-218,SAMN06465168
0.02066082198886236,-0.028283971457193025,-0.31481533386030924,0.014491126470070014,0.01791275524789413,0.32244013554168294,0.07102314398373283,0.019901270247164926,0.015972445385229954,0.029651029365803938,0.3121999059447932,0.01514579944659598,-0.5851120255631047,-0.8129833367355933,0.035227548170994445,0.6425016581089592,0.01329584159016977,-0.021407673463079632,0.017084085689204966,0.26252935324095783,-0.0071986549635546055,-0.014185570684301851,0.2540999126873969,0.05138004353780604,-0.04094735185186664,-0.04788487497480578,0.3883549336539671,0.026049292838373293,-0.05061530369990253,0.013643962928917383,0.03357939476253396,0.019198270022782134,OSD-218,SAMN06465165
0.020051024019950053,-0.02933289363020232,-0.28044956439127977,0.014378260314498285,0.020716977189156795,0.33994669603465616,0.07163809386886022,0.021083496673364167,0.018471808014549885,0.032345050686475085,0.3133884469629632,0.01735116993617947,-0.5682478675379012,-0.8263807191263953,0.037663916296415606,0.6574272112982278,0.01475688473083022,-0.021247971300583236,0.028370453863003544,0.270832360356855,-0.0073491178032890955,-0.015867644854006695,0.2571857603902763,0.05076112852018612,-0.04206849940550524,-0.049782707483558494,0.38800932259699766,0.02716418816498898,-0.05416657815016254,0.013495803842059399,0.03297119121865085,0.01846138231850917,OSD-218,SAMN06465163
0.017458411156227042,-0.037542481614078756,-0.26026315303332287,0.014687880012298326,0.029101812933604938,0.20417353486338402,0.09804500357528191,0.030974350737989157,0.06458362771767753,0.04854286784884055,0.2733150298348851,0.03897906352411692,-0.497116225786655,-0.7203924270257223,0.0497827944144615,0.26477408581475365,0.004414952389261744,-0.012163049431808194,-0.17797529814181096,0.5008004087207273,0.01367801287750151,-0.056184307137468144,0.2909048417324218,0.06940984143953478,-0.05050625163535246,-0.062301934100619856,0.4564270032371247,0.018597696042958415,-0.04993203625862147,0.021514766676944345,0.027129371659940015,0.019350793326663996,OSD-218,SAMN06465160
0.024864345425959878,-0.019712001890103328,-0.3366930668757889,0.010755234098643566,0.01190307014512114,0.29854492261097976,0.06663954472989854,0.019819515805918647,-0.0008617721924556284,0.025467107500754992,0.34231922692497996,0.008501473020209373,-0.5266835471589382,-0.8036849174735302,0.028324484545739898,0.6313069706104124,0.011795915384773007,-0.019686342400017123,0.11535523776953457,0.266922957565593,-0.01986881003474636,-0.00047460358035645954,0.22581210174323535,0.05218271775953978,-0.036315550373954765,-0.044742361403834224,0.35799742798482864,0.02738023926795993,-0.045234776152030844,0.013439748412514028,0.04308358481422142,0.023617769334573765,OSD-218,SAMN06465157
0.025785085284989188,-0.019870510193245563,-0.3474914385823856,0.011396911943420797,0.011822873638456712,0.2901790428928244,0.06768944247076551,0.01976112597777491,-0.0014324188537991798,0.025334184177356233,0.3425173676428562,0.00814926619079432,-0.5381395536540712,-0.8089663716672925,0.028205658511134556,0.6332885133515546,0.011574464263993913,-0.02011862354406226,0.10970724458889182,0.2637668263424077,-0.019532927066408693,-0.002094621096043036,0.21249380911500357,0.05249073060833022,-0.03677454708369382,-0.04475832280658045,0.36574705178261696,0.02728757529738318,-0.04474731090996743,0.015137746542466524,0.0432861447945092,0.023947156269212847,OSD-218,SAMN06465155
0.026007955792937205,-0.017674954484986183,-0.33356598235595053,0.010147455461344811,0.009144314165163906,0.3114538100635142,0.06843557275219848,0.020112981236392345,-0.004545459380726544,0.02433963439826445,0.35481735225506983,0.00694993039168936,-0.5358321690361917,-0.8098221968988157,0.027994001935514733,0.6246067254169424,0.012522507880810123,-0.01971699352666008,0.10346629876272485,0.2701450464215728,-0.021626007005284633,0.0003982485906206267,0.22971869706624132,0.05352900606037375,-0.035708412922707454,-0.043954715842031256,0.3754434405745081,0.026830680186944768,-0.04305768292713375,0.01634321999343268,0.044661096984671016,0.024518531586623562,OSD-218,SAMN06465152
0.02546345799474971,-0.02019530228653602,-0.3400482735176218,0.010754787080227627,0.013134090461545107,0.2905092663457106,0.0655056670482934,0.019309442680253634,-0.00031324386477861763,0.026791401874353103,0.33896719263048447,0.008938956217038578,-0.5333653448606546,-0.8010158424772859,0.02781708697656104,0.6344571531021835,0.011779692489989453,-0.019141225236678574,0.12351541528750065,0.25876266785952984,-0.01971491581235307,-0.001992815137542647,0.21086160698043147,0.050675097199217,-0.036483029029661905,-0.044421389405592156,0.3545919730929543,0.02824081011273635,-0.045931626946381685,0.013081468737023294,0.04187199612971087,0.023380990212789467,OSD-218,SAMN06465150
0.022520425956659967,-0.02162507967547386,-0.3552778313317488,0.01192257745852878,0.013474434056248883,0.297829320702389,0.0666717978581886,0.019691215305673717,0.0037667003483300722,0.025076409489693568,0.3239881951070733,0.009248781753377322,-0.5519245048613782,-0.8246025454646833,0.029486367269638946,0.6343861537230018,0.012289048327227731,-0.019848383924483577,0.07978299902865865,0.263554765732352,-0.015305815277109046,-0.002557501447516504,0.21234353345076223,0.050552542991959284,-0.036751332188605136,-0.04543031626587168,0.3644755698794469,0.026341440573447533,-0.045775683942746295,0.012857621979323872,0.04048754775794198,0.02264151353562676,OSD-218,SAMN06465148
0.023769428122617852,-0.022387454637932583,-0.3186180852625276,0.011841751237767614,0.013870004011735939,0.3018962353338609,0.06817013791493098,0.01980008764250362,0.0039023169724663486,0.026732104348949612,0.331869348677616,0.01008658182329152,-0.5339434202397136,-0.8115823591793424,0.030304617868291254,0.6346584565992186,0.012572928010685538,-0.019820413705016016,0.10043312173883785,0.26070478001313147,-0.016255404050202253,-0.005564382478699694,0.22085902855211345,0.05127656450912471,-0.03738022300290624,-0.045703762011176596,0.37265507429581707,0.027561706228747526,-0.04692416718032624,0.013651960042754296,0.04044524897921146,0.02254711057916696,OSD-218,SAMN06465146
0.02614460015154073,-0.018383225700592604,-0.33445758276521015,0.01054754245766188,0.009600673233659868,0.31556451847219924,0.06670652770196732,0.018793506337955707,-0.004107724067424003,0.024563573111887956,0.34865769721733486,0.006517518038914392,-0.543179043700372,-0.8079036431877281,0.027364824402094354,0.6277931057623642,0.012063538671163724,-0.01915618248091889,0.09899556112762542,0.24853209426238435,-0.02115634000781712,-0.0012099895034630651,0.22502881319676685,0.05233534510811512,-0.035715131154556434,-0.043514733912779706,0.3775083687291127,0.027364822415969527,-0.04272090087427531,0.015549876282568261,0.042875827018202264,0.023954557866407215,OSD-218,SAMN06465144
0.025591254411722632,-0.01899252139318154,-0.3553855964689027,0.011020129847760417,0.01129950780725692,0.2918115399508392,0.06494576147194919,0.018515266157715083,-0.0027772794991399053,0.02443852369638171,0.3356745569276139,0.006967410349536494,-0.5526122151930133,-0.8019538095645387,0.026607469700513517,0.6298479110782672,0.010784101074887925,-0.019643207219946925,0.11503472658873108,0.2459757606121359,-0.020115718973736058,-0.0011400167159887177,0.21466966307644572,0.05098343958067754,-0.03589318003225728,-0.04330518405183733,0.348875032482812,0.027042325196624688,-0.04294011288315228,0.01409448818139774,0.04273820421684581,0.023637622663165346,OSD-218,SAMN06465142
0.024669250876024652,-0.023932881301940094,-0.3052580881843617,0.012456550378733276,0.016014324246771554,0.2912194818404927,0.06928936885005932,0.018822033211685078,0.004255878303243118,0.02993365066173195,0.33110302113241274,0.011676368035149208,-0.5486856207590841,-0.8194250655675369,0.03077419990540259,0.665943104710852,0.012904731171045594,-0.020456280644880594,0.08035856892514075,0.2391930241119455,-0.0157980585910418,-0.01096730748321901,0.214389002707455,0.050576690358069054,-0.03893611861519185,-0.04558067944313571,0.39550850747707744,0.02861954450407057,-0.049264511018366236,0.01427336390817406,0.038186516031797,0.02179352995468135,OSD-218,SAMN06465276
0.023918017401777673,-0.022661025901143658,-0.3255407529687364,0.012134562469061727,0.01439830040070632,0.29921669560952874,0.06771928629249149,0.018999797095117,0.004024886357388852,0.02798096373925588,0.330298560427783,0.011193599693949324,-0.5400954929672139,-0.8223583472142937,0.02978116280080673,0.6416036418478976,0.011757159616641505,-0.02033222428378284,0.0829283350579193,0.2472838501092823,-0.016413533087905448,-0.006769610352648889,0.22587018189073896,0.05054836890450182,-0.038063006238013425,-0.04592848672813472,0.36546963379636616,0.027941453870359144,-0.04682115623751812,0.012959483152649474,0.03925056475270576,0.02181533290791909,OSD-218,SAMN06465275
0.02195030828414097,-0.024473206132238412,-0.33210411137729645,0.012756947245716844,0.01754078521679939,0.2896427972983208,0.0665329996594661,0.0191464784541155,0.008668422193721,0.02907274542143122,0.31216117650235425,0.013241440098323846,-0.5443174059802034,-0.8361498398245804,0.03096093186600618,0.6424728591015921,0.011401430536721442,-0.020538610639949387,0.08771391475093795,0.24813150554450766,-0.013396540024980754,-0.008568752122985673,0.21321569486649106,0.04835388071039693,-0.038697463617237256,-0.04718336114353453,0.3486023027906809,0.02798522801308679,-0.048788613187831245,0.011072253419630411,0.0375323559918615,0.020682322513213773,OSD-218,SAMN06465273
0.02392002056623847,-0.02277324232215781,-0.3250552808755535,0.01195879846470712,0.0156808023554597,0.29126021257815143,0.06616346446787376,0.018475053024234925,0.003997925626040955,0.028003561957501793,0.3247272462970647,0.010998539905809514,-0.5478478654041238,-0.8135109164938872,0.029052146097172406,0.6461149540719998,0.011594733913804089,-0.019862544523403976,0.09344041666126725,0.2401050286189924,-0.016525376469587662,-0.007419211178923083,0.21869037218664641,0.04952156618236931,-0.037869436036618256,-0.04563747975352839,0.3576198600962472,0.028211960355685534,-0.047328666660718756,0.012494137892684058,0.038693374037263195,0.021687695076042474,OSD-218,SAMN06465272
0.023393268378798803,-0.022820189939124064,-0.31761802964674557,0.012890333748361035,0.013570109479677043,0.3086113935975034,0.0683132911244778,0.01904619736934275,0.0038646449131387824,0.026951070832440586,0.32651051901879624,0.009890924329410794,-0.5506907607717978,-0.826036156097495,0.030605010670649066,0.6463539639291832,0.012583165207422843,-0.02004996182676562,0.0594051462542885,0.24261943092282443,-0.014991805332571415,-0.006900700154487812,0.2268165047374005,0.05109821526925453,-0.0378676251951442,-0.04525631186602465,0.37937806725038503,0.027290219748534014,-0.04638852932679491,0.01361845775619949,0.0391351990769847,0.02219460678314025,OSD-218,SAMN06465270
0.02418962831870756,-0.023881022448636578,-0.30630151430243546,0.012994486775400261,0.015267107213310108,0.3222804627616618,0.06905385552999159,0.01943615237624981,0.00563475146482376,0.02899685184135468,0.3317439728153095,0.011423492871271734,-0.5350082193513788,-0.8283195812325556,0.03239008794251519,0.6431343194345347,0.012907932486452401,-0.020027525760042544,0.07864971289726758,0.24904251400181762,-0.014876677618053395,-0.008749941991644545,0.22638282883435726,0.05123127567704026,-0.03889858103961315,-0.0464758550427817,0.3732546816365548,0.02874181392935733,-0.04798458903445974,0.013641787697147429,0.03845374876579435,0.021920541655808073,OSD-218,SAMN06465269
0.024313609474081243,-0.02224843916156551,-0.3200786235758769,0.01270993040716834,0.013207535301111913,0.311965192876406,0.06815603906187713,0.019220175988846323,0.0030374422485005565,0.027106152702133558,0.3345811854234448,0.00970458970876748,-0.5476600066425183,-0.811529750101085,0.030224078357611574,0.6461236617375712,0.012326043566474923,-0.019760692350844336,0.057976665148919526,0.2504856397256073,-0.016136787424088864,-0.005461773892995717,0.23201664894299964,0.05204676781928,-0.037986995925281125,-0.04541598574346517,0.36330553541887345,0.027273819876800755,-0.04638062964337921,0.014101420940630594,0.03970303689475987,0.022556334845147463,OSD-218,SAMN06465268
0.023730459387618315,-0.022504756031870077,-0.3258769139683096,0.01310362101680487,0.01352053054650158,0.2920634029106986,0.06740143093605121,0.018388471795348124,0.0026608299426904114,0.025453108730264205,0.3214216867661328,0.008259250959650674,-0.5648767112080327,-0.8064844532473292,0.029326974661774318,0.6470304820845161,0.01236736341544333,-0.01960599850843013,0.06276350733110934,0.23892558949403003,-0.01456265745110434,-0.006925515088982266,0.21935151010877876,0.05105215752890015,-0.03716756305838832,-0.04376480871937111,0.3635679819872114,0.026846062726385636,-0.045361111068869454,0.014024407077073447,0.03918613933831974,0.023007455050053617,OSD-218,SAMN06465267
0.019202358171557254,-0.03964174777085876,-0.2918382992239396,0.01948816997393447,0.03126579477016381,0.33481963692397976,0.06950489521179157,0.021162780416010708,0.036023299516829574,0.03522646484108799,0.2587333474182772,0.01943712777175104,-0.5018299532320968,-0.7826774330240663,0.043271588197696303,0.6661834452824837,0.016471243655531577,-0.019102714663670046,0.11849023523010607,0.250089764096999,0.003421687400567736,-0.02942066576591502,0.20219055607833336,0.047151027562621184,-0.04473321142990697,-0.05247675912153361,0.39623096580041883,0.03100241709337355,-0.06061244176457621,0.008238599693576725,0.02519233072364074,0.01662283382343816,OSD-223,F08
0.016879200356568154,-0.041902804733213284,-0.3122814383135911,0.02027058197744532,0.03511686024406982,0.3297040995027093,0.06806845261004912,0.021346292172081713,0.04140874296415032,0.03575977749337512,0.23848930344376892,0.020971886639629855,-0.5076698072020199,-0.7756647190391823,0.04473616295830207,0.6801104740614903,0.016819943112208826,-0.019263672862587445,0.11431634625098733,0.25089613356450297,0.007010469994419567,-0.03061357581024935,0.20142370268190102,0.04549088075574051,-0.04555829354453411,-0.053560224399504815,0.3830942395496008,0.030742479142452442,-0.06315222248771056,0.005317296711384111,0.02301354834878416,0.015255151778414265,OSD-223,F18
0.016023168239463922,-0.047998339982569645,-0.3258974878459662,0.02190334439076027,0.03960701170109544,0.3364658530620028,0.0719206511898976,0.02327222505651952,0.0513286723506258,0.03815740371271955,0.22748120187094073,0.0250741751383108,-0.49976364649400135,-0.7534969173963441,0.04888344504639784,0.6741313488445171,0.017521904625027014,-0.020615420752300273,0.11217741591706931,0.2663590040710518,0.01315400433250056,-0.037961978425011644,0.20462011208023373,0.04430947303130633,-0.048483422879164975,-0.05711835862322302,0.37156169184493093,0.03120673401933132,-0.067127981617613,0.005354567715391098,0.02073999601112958,0.013241914952237498,OSD-223,F03
0.01619355173060304,-0.045401288323295555,-0.3054122144764222,0.02128612333271195,0.037646684024518116,0.32492941611102444,0.07016300067544877,0.022225552986049998,0.04682739903854085,0.038088808220258966,0.23376301544837283,0.02340488129101338,-0.5114120681514578,-0.7730690067751531,0.047276378014018204,0.6832517495243923,0.017509152578534908,-0.0194910142233183,0.09915381687647268,0.26322460078464377,0.010898748519319252,-0.03469435213356499,0.1944893055816807,0.045176460092805876,-0.047234694701420034,-0.054867696746015666,0.38473128322710465,0.031090489001563266,-0.06650906726084342,0.00526733939047996,0.021073316301178705,0.01456950565105595,OSD-223,F13
0.0171973466998973,-0.041551106704888,-0.26335598719149905,0.019824866068129384,0.03316144465861458,0.32436080835194436,0.06943626556531572,0.02070767094301926,0.03831373406060102,0.03589666475149464,0.2505541174940381,0.019787066388274908,-0.4977175809962041,-0.7823215615899508,0.0444041437301799,0.6911332482021625,0.017327884780858286,-0.018586337016763183,0.099581510634974,0.24993244935320547,0.006109894184576914,-0.030171615617319777,0.19599091794269763,0.04697595749471768,-0.044634481616119256,-0.05225263922737302,0.40202329911780943,0.030854157626459166,-0.06396621166553,0.00621318599475977,0.023536403523469553,0.01664926254123678,OSD-223,F28
0.01760375543271669,-0.03784276780036889,-0.2506920036546254,0.017627343690710052,0.028587893090347902,0.3546556461421202,0.06724306135693693,0.01994096348019791,0.033724035481782454,0.03565642224368173,0.262094953216448,0.016623753300156904,-0.5051389122396485,-0.7610209077840185,0.04253730745673807,0.7017167537143612,0.01834366254316339,-0.01683879324569873,0.08829101530206278,0.24433698566191836,0.0021260707648811964,-0.02788265140513235,0.21352879977631878,0.04640240391547222,-0.04259777482781573,-0.04868974233462679,0.37755808973691224,0.029279810521263328,-0.061721013667845576,0.009004520348726721,0.023595622900665223,0.016710342597982687,OSD-223,F38
0.014889867846838687,-0.04986255542457117,-0.3102595979621439,0.022145096526124695,0.04160389069773527,0.341406155006519,0.07274262653435101,0.023662364505216523,0.054900834077416,0.03979247827518456,0.2214425750168276,0.02691369710991091,-0.494423586470354,-0.7596130511831067,0.05079441357426174,0.6739174961972648,0.017527435275513526,-0.020735761070115453,0.11318124879660324,0.2731856880783993,0.01557668854977882,-0.04017174829310322,0.20196186812690306,0.043771927982756184,-0.04924605702574898,-0.05823637576203567,0.3602645441640942,0.03104901138503099,-0.06893946553771232,0.0045256959880830465,0.01966851524437611,0.012699690613388732,OSD-223,F23
0.018304567217716512,-0.04061708436792262,-0.2893159820210377,0.019480128171701312,0.03288706192765292,0.3164915696142433,0.06779134019038228,0.020187281849645772,0.03653931895286973,0.03534047419937436,0.2513667136856545,0.019341572645044994,-0.5025933140772543,-0.77595318052665,0.04290532589818345,0.6840987563162079,0.016366824695968275,-0.01905664498309095,0.12614968773329305,0.24253237107572423,0.004311188769736001,-0.029204676309516134,0.19334011858212846,0.04600922929996213,-0.04438880291115791,-0.05166180006827533,0.3890416324353805,0.03156377764246764,-0.06269301350392288,0.0062347990206252524,0.024141601072582987,0.01644737741116986,OSD-223,F33
0.01301411114295854,-0.0505452835667823,-0.3139404737867077,0.022217343273159832,0.042217199859159185,0.3325994147357349,0.07286174346454868,0.02399662234069909,0.057452655668575096,0.03940075079875073,0.2120347055564234,0.027475890707370665,-0.5007495241227076,-0.7585998448934141,0.051450604821463165,0.676079475639992,0.018313329018918766,-0.02083333465625007,0.10076664079037213,0.2819826973064767,0.017934118072779125,-0.03984428736851107,0.20792017106073182,0.04348092071918587,-0.04901951758914255,-0.0577510296470103,0.36345499057681446,0.030281919759651905,-0.06980050976130021,0.002993379733361033,0.018625371626498077,0.01233251054742118,OSD-223,F48
0.015475095494630779,-0.049841314277987964,-0.30504234984948436,0.02253852087048221,0.04049286129724038,0.34523943221397196,0.07377698193625426,0.02436188555345616,0.05540457011387014,0.03985848695550896,0.2257895657528855,0.027221922133634793,-0.4802030058091081,-0.7607753695103937,0.051423695214236384,0.6609569220952265,0.017161644510298047,-0.02113880338609061,0.12946621293486923,0.28209132130562276,0.015103083162239305,-0.04064368946405509,0.2066002099212892,0.044868620136964604,-0.049550347691033426,-0.058651272445635366,0.36242054099994025,0.031051790236143066,-0.06837468510224753,0.005885173732812059,0.02049929680812341,0.012826978148283522,OSD-223,F58
0.013998550877995614,-0.04948287822644492,-0.3042425070038477,0.022467098008722892,0.04164371599404737,0.33334353422994634,0.07230426489826428,0.023427628235097184,0.05452558168053277,0.03886770776740019,0.21639271855523742,0.025739081172375805,-0.4986959769835649,-0.7548872097935702,0.050131662592359405,0.6983280936445038,0.01876152824530177,-0.020151079010999398,0.08667112883487826,0.26713299854004,0.015653115254500232,-0.03968113295770678,0.2055324675736659,0.044110143684641875,-0.04882780990610315,-0.05746392143088455,0.3750401070369282,0.03049624397388746,-0.06962158943893276,0.004110102667568603,0.018931658791061293,0.012826445874426627,OSD-223,F43
0.013826394078403133,-0.051932429153511823,-0.30377390540565585,0.023292779476019758,0.04280869659632205,0.33100688062152833,0.07399704429276877,0.02420835325983921,0.05814694806164532,0.039129224147232106,0.21033125611050732,0.027047446495843598,-0.48988801135964954,-0.7400637196441143,0.05185179105262043,0.6867187497243129,0.018518978824367552,-0.02107921331538982,0.10636892902974102,0.27383692079086985,0.018323367555288267,-0.042754769914210365,0.20699296046345497,0.043911362073760764,-0.049593463512711905,-0.0583821799713336,0.36881429162298235,0.030569478056694306,-0.07059906717861499,0.004561659163230072,0.018840069900131182,0.01236951834885433,OSD-223,F53
0.014533874432830347,-0.05299737399085806,-0.3090714058763798,0.023674952306182367,0.04420787149561792,0.35527581564582317,0.07540474626079788,0.025265007489612388,0.061048497802024655,0.040772984280749755,0.21296354447931226,0.029122085896646648,-0.4859793212819424,-0.7430338197212213,0.05365018143035729,0.6672037230414337,0.018526137385175133,-0.021353474490311792,0.11450834443785896,0.28210456776323717,0.018893240478630908,-0.04580443932394913,0.21508684357391603,0.04363920076542677,-0.05111522737579501,-0.06063434984534829,0.35207007813069907,0.03119107851533157,-0.07029559808344849,0.00592959264153119,0.018376912581331895,0.011618323291608277,OSD-223,F68
0.014707685975109358,-0.04911951477791532,-0.33101877809583774,0.022233483994866847,0.04198065244496864,0.3367425671287341,0.07118827263039142,0.023598689510378277,0.05497582158777345,0.03841766552284237,0.21345220831564884,0.025991713275981678,-0.49807582791391963,-0.7417823301136413,0.04950725974688222,0.6769871439511623,0.017707819568054554,-0.020369540802605005,0.11907681479544502,0.267164400556578,0.015075907163357155,-0.04006975539177099,0.2033661204946977,0.04283224199025131,-0.04876756021718967,-0.05815719096050048,0.3496182701885895,0.030677625440205233,-0.06792887290728046,0.004786695843700774,0.019595369895529523,0.012420700136050346,OSD-223,F78
0.017671178115463242,-0.04143699905948433,-0.30833802755123735,0.01979008790026568,0.03407062377292893,0.32564247000515917,0.06852037531326657,0.021246025195333824,0.03979132452216875,0.035653158035646663,0.24318468918887642,0.02042943556568057,-0.4916744481901238,-0.7640816397830504,0.04390791681480981,0.678374203905634,0.016629532102349024,-0.01911121730527645,0.12400361557370716,0.24812447966800513,0.005819946060885921,-0.030754967340467416,0.20108712597405898,0.045529954941830306,-0.045006253391097394,-0.053212599039232825,0.3805542972056264,0.030964930246872448,-0.06260550436180255,0.005778567458245661,0.02393923218906114,0.015656294484019628,OSD-223,F63
0.015307589311202815,-0.04906254837623784,-0.32645358028858995,0.021680350319492944,0.04087600379747743,0.3401026354411888,0.07254638079908797,0.02424698472938916,0.05536723251821466,0.0388067801819217,0.21916517251859557,0.026367763808395995,-0.5093604707555806,-0.7280431754543667,0.04993130799561267,0.6606436177530519,0.018151875345447366,-0.020161149335377226,0.11694929162217119,0.28207148203233406,0.01569999162062021,-0.04057954883620157,0.21056951310270894,0.04388745742302159,-0.04867464594964533,-0.05733575141992237,0.36139509893348687,0.029943572105447364,-0.06753906724961133,0.005972636807864787,0.019598238124731965,0.012761149664417302,OSD-223,F73
0.016612955952042062,-0.04451417735401947,-0.3038927942921569,0.020636204686698766,0.03584328159652373,0.33051358203358766,0.07167955056925371,0.022857907852577693,0.046238371664995545,0.03946246383755308,0.24560453203091973,0.024386054841040727,-0.4893908676466688,-0.7868771962980295,0.04751188202522642,0.6711656251168451,0.017319627396951035,-0.019345224234892502,0.08914085723094656,0.27509877504438374,0.009686882652039127,-0.03393824774473302,0.19651460522478,0.0458832485659765,-0.04726976880912894,-0.0557053353308272,0.3892238235454551,0.03136259990375706,-0.06618384821797525,0.005732811298344971,0.02191732855806495,0.014715677960014679,OSD-223,GC14
0.014235146060735115,-0.050651560566284344,-0.3089335588082026,0.022404916344580375,0.04116560286951322,0.35652266843067776,0.07463553205470808,0.02476162882374064,0.056915676820771935,0.040959357399440184,0.23066605767455844,0.029441751539792095,-0.4554278616962226,-0.798606628042448,0.05250187177692647,0.6484923339871186,0.017010843243016553,-0.021280358387206735,0.10869135649997878,0.28816779272486953,0.015520204994289506,-0.03981433616303162,0.2075701656548804,0.04413164668842174,-0.05006373183896678,-0.0615488454157229,0.3630389418030136,0.03249193154765002,-0.0692227422304907,0.004051132704474047,0.02033498672748063,0.012322393430661304,OSD-223,GC16
0.01576226140353806,-0.04851412182287539,-0.3282182893472721,0.022179181200138825,0.04044039667874271,0.3282571075316332,0.07163473210038926,0.022809938087312114,0.052207208632028955,0.040270581526108754,0.22690999259403252,0.02666666129306708,-0.5057588070204576,-0.7759599358882341,0.04922170845421231,0.6802153200378519,0.017271169543732545,-0.0206902080522143,0.09183605462020927,0.2611496131878666,0.013634042275570673,-0.03898087720937045,0.19857350121097472,0.04369585635814216,-0.049245579739489294,-0.057409679041760114,0.38513378814912674,0.032065204684787456,-0.06848813748433431,0.004362922466742637,0.019300858246395065,0.012636326750289103,OSD-223,GC01
0.01592079826906116,-0.046557264812526936,-0.31658454774406375,0.02172111034132884,0.04008855853110185,0.3007857219148508,0.07923198993553568,0.026544913345169917,0.060968050248174116,0.04298731149048961,0.23760276194836064,0.031221437651992874,-0.4848231350747769,-0.7111088194436979,0.05151049629275141,0.5617294917537481,0.015582260272067428,-0.017017756083463592,0.06770295367986598,0.3530540256538907,0.015319484482423566,-0.04546111851756723,0.2147794753243316,0.0519401830629856,-0.04994090684851566,-0.06043181260148696,0.4007761361004617,0.02964816022220577,-0.06344094851060987,0.008799227667367892,0.021176545507329243,0.014199163959862258,OSD-223,GC13
0.008268044509271934,-0.055809391186746354,-0.21773631647416064,0.02161871492833051,0.029425103674221104,0.39441401008815935,0.09438696361268481,0.03601813775999442,0.0833376219952842,0.0332788336365264,0.22220675916071667,0.03436336710690084,-0.5191658007539953,-0.367553072456086,0.06146113650822897,0.33761002826572845,0.02203267659439715,-0.016434254062366507,-0.03271716452608156,0.48233687418651666,0.0368593974321135,-0.05202478198080801,0.5520491776189302,0.061375472385406235,-0.047262438608039935,-0.0586382174042432,0.28879829102150384,0.01749125518527702,-0.0535771034882054,0.021331260416202674,0.018495947872328472,0.011730079347753754,OSD-223,FLS18
0.007922463922266504,-0.0609062266822173,-0.2836658151293207,0.022832012622364208,0.02976086612695436,0.42034753480057774,0.1090304537103165,0.04191498665477225,0.10067851853874515,0.04278118500737101,0.24021345877883515,0.049476479106103435,-0.513067373421616,-0.4837758572981701,0.07193753591461025,0.19749534409437214,0.019810598388685655,-0.021369477993843804,-0.05400070132959501,0.5789827984442135,0.04616291501372237,-0.06517383469848989,0.533933190920391,0.06374202530849774,-0.05350904987168401,-0.06837872356720713,0.3377872269043777,0.017900036368809928,-0.054350586767691327,0.026135084058332526,0.017023858298988243,0.008620019589406168,OSD-223,FLS13
0.004988681522119037,-0.052718832619658165,-0.2316648879229024,0.01687546989974165,0.01833614345949343,0.4818069698677432,0.09741538536903627,0.037669508772152374,0.08353937594851765,0.03874780994893784,0.2596296538247599,0.038358868462959966,-0.5731340915549855,-0.46945621792482095,0.06557817662099666,0.3013326268736749,0.02486634278916168,-0.018737757460991187,-0.09367778375830936,0.52565113115901,0.03792615156330914,-0.04779708149460543,0.575796341846348,0.05753070027897242,-0.046085721851747224,-0.055532173486811165,0.2861445206961325,0.014975908236658298,-0.05381316204998351,0.025761625946111626,0.01613480898362665,0.00869199655191428,OSD-223,FLS28
0.010194986684492134,-0.05163409364523892,-0.28111882813410505,0.019687940119265727,0.022836153906126724,0.39527617154632866,0.0902386181243507,0.03386969888096383,0.0705573093448815,0.03147041687440559,0.2426239390009785,0.03150056691487192,-0.58039541539902,-0.4406157663364723,0.056683968902553575,0.35229892135160445,0.021414274797897682,-0.019339260081097598,-0.033040228236266365,0.4494719083198227,0.032324395819510535,-0.04173894889648626,0.5358530134923016,0.0572229052574261,-0.04537627646956829,-0.0549143989855687,0.26525083579325737,0.01843765823795384,-0.05107060444002765,0.021635996564158738,0.02074638676124614,0.012321819707569535,OSD-223,FLS38
0.0050043251576320415,-0.05916667764260789,-0.2673044358859908,0.021234879027991347,0.026859277920906834,0.41117769407505084,0.10571811953729984,0.04089095507123061,0.09965928541774594,0.040003168390029875,0.22973565941149166,0.04613241041761331,-0.5610540322835242,-0.39032178168684517,0.06975883139364754,0.18569379406180897,0.022171657247457805,-0.01828829824170971,-0.1133785880089978,0.5787969023164103,0.04887936907317021,-0.060662966140176605,0.5887130832022769,0.06439253593785067,-0.04984162767672212,-0.06294519176830812,0.3133904103314032,0.014960837727772562,-0.05148032429328893,0.02502613733598379,0.015808746292768173,0.008916539941416798,OSD-223,FLS23
0.013915900099404207,-0.050294734412356955,-0.2664550773978857,0.020848442543188038,0.016618774062248244,0.43368791752391,0.10029151203408998,0.03601448966200042,0.07492268467438819,0.03571373130062441,0.27189600387763097,0.03642701006671784,-0.5397596640753626,-0.4661703255582866,0.060765012854845986,0.24066821418163725,0.019811739348835226,-0.01908484340722644,-0.09095470794210403,0.48911847112041346,0.03335829378264367,-0.049369679872869825,0.566475450500797,0.06479283596650089,-0.047472485646013814,-0.058178046940024784,0.3442551580514391,0.018346619810312128,-0.04402154302511297,0.02771822045704454,0.021093166365724045,0.012706497996619546,OSD-223,FLS33
0.005983351740639622,-0.07464030865725789,-0.2783488281216885,0.02872894197722296,0.045680605038507176,0.37631757426539114,0.12447028284905694,0.04671703227367356,0.1287117802730891,0.055083176535121695,0.21127747936564603,0.06291102037668993,-0.4330613037511178,-0.4833224691036222,0.08500627665077834,0.19175061848441935,0.01720305910491499,-0.02226782451754242,-0.14588194844057087,0.6443254438196175,0.06060346126814695,-0.09091571627220897,0.4801901667474309,0.06885154813428317,-0.06344963182586276,-0.08115544945427011,0.36134266135374776,0.018257444265656838,-0.06612237475186157,0.02701562937903426,0.011909351922460055,0.00579938496523471,OSD-223,FLS48
0.009182363622968506,-0.0678562443046226,-0.2200669209914882,0.026081594188062947,0.040140570765477196,0.4041538412214652,0.10807168300725767,0.039653382037125616,0.10408288318526791,0.04556297149368001,0.2201462034064104,0.04709846889815814,-0.4476791499571175,-0.43743694760366436,0.07295660267609527,0.3550307265472512,0.02007134494525817,-0.020715854965448345,-0.06461041003505986,0.525029069802389,0.04742992903721418,-0.07222835204769924,0.4929784100712699,0.06251211109251707,-0.056789707407499744,-0.07017708647403724,0.2912392054620223,0.019789367901468565,-0.06481006288582067,0.023441000995474463,0.0140711423053543,0.008129413891320299,OSD-223,FLS58
0.006414729372530853,-0.0692755124030924,-0.2803929943020523,0.026433347862009435,0.041363169296004684,0.42257860989772356,0.11741430843705468,0.04475713726690612,0.11909426840188679,0.051105460490970575,0.22234879482563386,0.05802901159547356,-0.42663847780420194,-0.4982937681027513,0.08039607583909013,0.2312971375952854,0.01822510687982657,-0.02200531442166545,-0.10987352792175846,0.6159537051138649,0.05406926295304342,-0.07868710644173106,0.5010391941423512,0.06632922356201171,-0.06017402462460073,-0.07846056224534119,0.33677132060829656,0.018483005568614746,-0.06301197327042252,0.024932237064726318,0.01351682987890482,0.005911092727530904,OSD-223,FLS43
0.0069375209334195664,-0.06904130110602275,-0.2611264170629154,0.025457182446515323,0.03667401682226383,0.41402734336483565,0.11937461186914515,0.044753845532191375,0.11878343224901361,0.05133769319229878,0.22824427472045025,0.05803218611153532,-0.47445569984256925,-0.45271209332839163,0.08072072109002724,0.17962553655525734,0.019863075451378304,-0.021484321693223774,-0.10868920596618367,0.6202016205001291,0.056041939871861714,-0.08264716553139945,0.5352257174238069,0.06690040409255381,-0.05896508188008653,-0.07435369829680807,0.3744633565499924,0.018185693543373176,-0.060378788862282894,0.028770683679447687,0.011842107070924687,0.0057371038736103944,OSD-223,FLS53
0.0019691293382001597,-0.07488702940920877,-0.2817980937055958,0.025879997329235273,0.042560336379950936,0.36346913238713036,0.12157211142793319,0.0450025366015477,0.11928098778476626,0.049036456790122605,0.21037195566375938,0.059630874050928005,-0.4736992638132876,-0.3986822261889119,0.08386181224793975,0.19102782748790453,0.018732243016056825,-0.020988515778602498,-0.11987013835277925,0.6212867361068602,0.060704304037962044,-0.08856164449376079,0.49542381277056197,0.06716589108935547,-0.05725003942248693,-0.07667920492633343,0.30199188491337325,0.01900267547950589,-0.06359927712497856,0.025345303883247076,0.014290831286105872,0.006250850674103515,OSD-223,FLS68
0.008945569492653871,-0.05532132899289174,-0.27199442185587275,0.020503220502580893,0.022640533061042963,0.4220215681690033,0.09764274432212816,0.038604806302292675,0.08524182212427044,0.03520809432017881,0.23918656944414685,0.039100845790586786,-0.558316893350391,-0.4033496751559037,0.06307306058521124,0.26580515263300747,0.021809120090061536,-0.020384027781198195,-0.04316511479558607,0.5167078117691873,0.039876409075869125,-0.04782095931211857,0.5969855165197867,0.05891216874495412,-0.04815102851902798,-0.05855485133445298,0.2512074187670094,0.016894062578370415,-0.05074661017871538,0.022883560006700217,0.018782367618275408,0.009662217938203684,OSD-223,FLS78
0.013846178711930373,-0.05208341350123605,-0.23586337766031648,0.019295754933413737,0.023227819138086594,0.3903163175041806,0.09011718487985636,0.03345995656092198,0.06841949382663304,0.03411031027227932,0.2545746097404522,0.03203799473046377,-0.5417290997247914,-0.42505985132077684,0.055851689984890304,0.3829908196190652,0.020811906676098266,-0.02001132645088324,0.020883533452462254,0.4370551394216335,0.02918370043420137,-0.04341340834856357,0.5342832149478021,0.056096737466683304,-0.046306619045269,-0.054577571580444524,0.2569460451082849,0.020883158044937778,-0.05457480813196581,0.022095376073602364,0.020776635077654176,0.012323549694206053,OSD-223,FLS63
0.012550784729957794,-0.05640008150227997,-0.2035183979968321,0.022089358922767886,0.03287678293014319,0.41798470781131913,0.08640664168811073,0.031176911926985733,0.07071355048561546,0.03577711984313424,0.23726635524015113,0.029850235095608926,-0.5332401791378278,-0.4826668705238845,0.05701009543523286,0.53173901056182,0.023443155935621247,-0.019455593784786975,-0.019260062488546364,0.38651429797032505,0.0289955171584863,-0.045651871431969915,0.4914815223095498,0.0536581624129621,-0.04983391643055624,-0.05686948535076424,0.2681493582405099,0.02310183321735426,-0.06324508083955382,0.016921868750295905,0.016541198952882256,0.011407501250730782,OSD-223,FLS73
0.006896039692141465,-0.06370724900753452,-0.28967393325821433,0.024039500390518324,0.031260830635587565,0.4033247227682221,0.11353009234669979,0.04402664669120111,0.10638869708961037,0.04471138872599343,0.23544104968849913,0.052462726271343706,-0.49628546702320936,-0.4432646776353071,0.07555759600619473,0.18349237700205054,0.02035651348995054,-0.02158454368100075,-0.10487217500747519,0.6011985062633132,0.050661732067916986,-0.06856340980759831,0.552797675590627,0.06530425539684973,-0.05476590358638287,-0.06970851835936294,0.34244268437227654,0.017385725860753463,-0.05600064181392285,0.025930131042736306,0.01665477223993382,0.0077839484720584285,OSD-223,GCS14
0.005072642185430219,-0.06831665550958836,-0.2385061288840751,0.024965524882037012,0.03950276194931614,0.3962272341085485,0.10941762977127517,0.04192671551196741,0.11161821796388317,0.04629492227435417,0.21054063660451283,0.05075957851478052,-0.48228161340597675,-0.4149449021039121,0.07561989255443564,0.2807311529213232,0.022200006308260047,-0.019235752438484327,-0.09502656511304935,0.5768591364252083,0.05322272888392524,-0.07210305905427188,0.5342452858303675,0.06363617849367624,-0.05611890607793886,-0.07037137661330918,0.3388491716546296,0.0187625722962825,-0.06441731397612763,0.02245909249249878,0.011902765222379914,0.007280972802543481,OSD-223,GCS1
0.008690792355890627,-0.06433136125597012,-0.33014401866946974,0.024453510127849964,0.03639450632029403,0.3883815644988648,0.11586966639010851,0.04479755463554087,0.11132079505509981,0.0485359910264255,0.2360939048477454,0.05484583860807087,-0.47387469744303967,-0.44767888197793343,0.07739559476089554,0.1732849409151375,0.017355869142511735,-0.02056856975750741,-0.0823096154642741,0.6342388588095458,0.05047842356719018,-0.07359987110775058,0.501100528099953,0.0689063726798765,-0.057281637670028536,-0.07357082285766811,0.355548862465026,0.017533129491747824,-0.05730360553115461,0.0275458924930039,0.017421778127229042,0.008243378388002503,OSD-223,GCS13
0.007823773687545717,-0.06207149564025475,-0.19724205580298565,0.02353706865090471,0.03345088431621281,0.39541449789383143,0.09882984044938424,0.03633216106302004,0.08969723574225048,0.03669256844997368,0.21331832911915383,0.036411728851937636,-0.5193122854702156,-0.3707231935357966,0.06555684391382803,0.3879735395638579,0.024041510650871727,-0.017897952508244358,-0.07109036746683055,0.4745024675191202,0.043406339805342836,-0.058590405845893104,0.5508914693310776,0.06055572997768857,-0.05032983450434739,-0.060220112407537246,0.2908727493227053,0.01876272834284605,-0.06005501808370708,0.02141485875518371,0.014832651367934288,0.010328584012283393,OSD-223,GCS2
0.009492491520984877,-0.057100714899086115,-0.2513298486656732,0.02017230358716622,0.020376755298487932,0.4187543982837888,0.09640069521219963,0.037038377401053764,0.08350877255670114,0.03251868969312678,0.2368259828054383,0.03663214324305162,-0.6109954983735795,-0.3511735712949156,0.061286256564485324,0.27712877118975904,0.023692971044095706,-0.021813564948225096,-0.029207080356482142,0.4878953031395068,0.04162873520455144,-0.048351107319573754,0.6400346401794685,0.056642921446628046,-0.0471261014848558,-0.05407436149345125,0.24566372680259516,0.016869740098136465,-0.050389888928114315,0.024911430428902787,0.016720323489896563,0.00850176984806469,OSD-223,GCS18
0.005810480149204353,-0.06040506975191831,-0.23925328021412814,0.020733057630572548,0.024397466421175403,0.4002716779168413,0.11214487840106832,0.04324394865537624,0.10984024261611124,0.04067422911348026,0.21772892061769059,0.04760920116598306,-0.5520530647527078,-0.29437160326353884,0.07195056241651404,0.12039314039505439,0.021657197370618546,-0.017589039484802834,-0.10087134926140642,0.6347714923412426,0.05588208484176251,-0.06631365920220628,0.6331279878872075,0.06810807334690284,-0.05013909808517757,-0.06092297112062851,0.3041366068251759,0.010509674374652042,-0.04824120154188692,0.029042930614321547,0.014352822250792973,0.008575870446024028,OSD-223,GCS17
0.023942558276072657,-0.022106478471945495,-0.3157215162793336,0.01279864952160574,0.012601470568707992,0.29996484372991594,0.06790415621940542,0.018402597224589676,0.0020148473830458027,0.02592027545289942,0.3266653841441038,0.007959319009764754,-0.5630344206588157,-0.807241187139678,0.029482595791321474,0.650692160563964,0.012650342524763299,-0.019401245742809086,0.057110248350135936,0.23911478449778176,-0.015335756345619386,-0.007399793767555109,0.22177635524909364,0.051308530179436894,-0.03716208540700975,-0.04352349741381901,0.3644636660209046,0.026686932626142714,-0.04536546172937097,0.015158875079650093,0.039239513141038886,0.022967851380209226,OSD-281,SAMN06468812
0.024629381302004493,-0.021964843004096905,-0.30953638002297573,0.012463474895268554,0.01239038322376108,0.31870560006783527,0.06875213369804968,0.019234355140765116,0.002436246644647242,0.027760273459435443,0.33991120331831925,0.009494628938505006,-0.545524887091692,-0.8118077290190475,0.030468594549774585,0.6503970971099049,0.012578396196529194,-0.019594413436178026,0.05292845744628812,0.25038800166778125,-0.016840770570541768,-0.006124964964488942,0.2337244175552927,0.05233466302257499,-0.03807828872144458,-0.045163018881977254,0.36492590621754106,0.027208845562011568,-0.04653401409159122,0.015189528933158144,0.03974658046366837,0.022522773469535084,OSD-281,SAMN06468813
0.023700291712314015,-0.02241622354704516,-0.3076057717765976,0.0126063639477966,0.012699757873096256,0.3164366283595824,0.06881366461750331,0.019004039508808936,0.0030645819272961884,0.027481441135181393,0.3319532976917254,0.009603667248693583,-0.5487479843623763,-0.8274938243812904,0.03074187449434614,0.6502724510947778,0.012819042521915357,-0.019883098284088897,0.05434448257061535,0.24144682161818457,-0.015862528282060383,-0.00747187458691339,0.22914102176180434,0.05132663070561888,-0.037909090352934736,-0.04502717031031078,0.3804778320491275,0.027244837162552098,-0.04635194160983343,0.014724139704236555,0.03920786861621389,0.022152936084805695,OSD-281,SAMN06468814
0.024390580043953225,-0.023528161896435158,-0.29633196254482996,0.012706428940919761,0.014403733716279496,0.32989132969147295,0.06954564531974877,0.0194401408173401,0.005042376524551563,0.029442426326559183,0.33668492800828353,0.01114579849145301,-0.5329427634836162,-0.8290279919887185,0.03255908491655969,0.6464869641697023,0.013169009736497962,-0.019844876262291727,0.07379609948319345,0.2490944985951683,-0.015600783423964964,-0.0092552951320976,0.2288755716386388,0.051483815281934964,-0.03889993424556995,-0.04624533087539157,0.37421771097205325,0.028603311845878103,-0.04799193813902947,0.0147077080737341,0.03849311020988806,0.021874522014686613,OSD-281,SAMN06468815
0.02416229420001871,-0.022395401536167446,-0.31577228956464054,0.011716626278647807,0.014825897636162984,0.2987647863343171,0.06670392579257094,0.018468928816030017,0.0033254790864705574,0.02841922913689046,0.32967155017002914,0.010733012155489666,-0.5461090546549796,-0.8150604601114243,0.029212446395618964,0.6493239649968342,0.011825289910418322,-0.019728670474951936,0.08781810246494438,0.2397211732649986,-0.017238577976312293,-0.007896170628672513,0.22117338643363646,0.04980225025937813,-0.03789032422534171,-0.04544394998162253,0.35882714902377033,0.028090932226600942,-0.047256135370780786,0.013555229312904515,0.0387703948566538,0.021666451769485062,OSD-281,SAMN06468816
0.022125801233088153,-0.024146297189935908,-0.32287141644272394,0.0124591087791787,0.016753590914047992,0.2966158440240356,0.06695396439751554,0.019146805279010887,0.008139172142446341,0.02954755207825743,0.31683135132494916,0.01302243259937907,-0.5427464690872726,-0.8367104669859441,0.03109974411231861,0.6457568997449173,0.011645433294834466,-0.0203532706980981,0.08297099726191619,0.248098448283182,-0.014105499935749544,-0.009076967554600694,0.21550903714766362,0.04854374935822017,-0.038710617609097595,-0.04698458881500626,0.3499075797888804,0.02786802526307367,-0.04884784106285435,0.012070957833896417,0.037538036617898576,0.020601692945050862,OSD-281,SAMN06468817
0.024996320229650076,-0.023440099311065162,-0.2960277986192545,0.012166778271710015,0.014969293091569262,0.2987712267133007,0.06976516929756048,0.018803145608252355,0.0034281074139935162,0.030289606675198366,0.33669310355654253,0.011321120588220546,-0.5470263180300573,-0.8194636709923423,0.030796490510753855,0.6684915402562136,0.013079516782235307,-0.020273346154094332,0.07462552069898785,0.2391136518571186,-0.016671297929592026,-0.011313240668407037,0.21737929571466455,0.050931350214274446,-0.03889935088604907,-0.04531726359084579,0.3960145491964561,0.028433654591700573,-0.04908179527576922,0.015451109344374965,0.038321897460636245,0.02180330503692235,OSD-281,SAMN06468818
0.02463994966600764,-0.0211097101163106,-0.34319591141519623,0.011779788350017298,0.011587256657341775,0.30736239155782213,0.06747226715108474,0.01870670542723942,0.002303383067842589,0.027400059856804767,0.33273671898524104,0.009911520926914682,-0.5336635907800615,-0.8418332875931475,0.02957705162204977,0.6179923805976493,0.010623348237852872,-0.020128703424280817,0.09662610558264413,0.2479239104238915,-0.01689544907545637,-0.00578133264820882,0.20569520364541205,0.050329444726858845,-0.037149814006620444,-0.04523027249863602,0.36132314086282963,0.02759248126849289,-0.04423027467554399,0.014374040984353399,0.04032892286838148,0.022316130382297402,OSD-281,SAMN06468819
0.021622106452137628,-0.028042885431793663,-0.2974487589957452,0.014937079799349533,0.018819677317240224,0.2955178020137501,0.08244758737185741,0.025824465180629023,0.03044826633252436,0.03515972500145331,0.321614837319346,0.022164744823177013,-0.4796104874878998,-0.7633664353129463,0.04087326366477948,0.4840351850838113,0.010047666858802418,-0.016965629655513115,0.03690949470309994,0.38696633463902386,-0.0034536927267372905,-0.023774939467352943,0.22893031546452586,0.06070859911551459,-0.04236966268987787,-0.05447974842566474,0.375802248472793,0.024462921789342423,-0.04600116476243278,0.018184139102605978,0.037418510534902194,0.021515807821438696,OSD-281,SAMN06468820
0.024034065751831715,-0.022381856677574693,-0.3168903782622708,0.011828014284188016,0.013653883976830579,0.3061854493282354,0.06810868150743163,0.018985433784617926,0.0035946901124596533,0.028448259518906935,0.3346273499270162,0.011001326316112186,-0.53878667289678,-0.8230526684081354,0.029940577716311013,0.644864713676645,0.012006348712618015,-0.02015851080893681,0.07824779854655717,0.2472762795953901,-0.017047760608583207,-0.007297803242314713,0.22826367776523504,0.0507093734577848,-0.038075029056927,-0.04572336163969033,0.36721952704180594,0.02781195087506048,-0.04691046741459175,0.01388849456695021,0.039189701390368994,0.021702108510684708,OSD-281,SAMN06468821
0.02053835408530034,-0.026281782353819467,-0.3095548551191113,0.013641254921340851,0.018930456046985827,0.2935166668007822,0.0800915587890585,0.025030445124353314,0.028824309285138485,0.032790481045669374,0.3155258691591495,0.021150634167525825,-0.4821410676399935,-0.7537067414883608,0.038870768404157804,0.4644880661748029,0.009110948197277632,-0.016402268093431337,0.058703877781354406,0.3792511625797836,-0.0054411242794150634,-0.022509645030589182,0.2387795857973678,0.06001453150143818,-0.040983546888541715,-0.05432031237906293,0.37028800054820005,0.024144713953408507,-0.04309874586268337,0.016978744098311814,0.03828270498639487,0.021319391526788162,OSD-281,SAMN06468822
0.024645914074585423,-0.02005271629401553,-0.31942414705695454,0.011678034164253061,0.011409815579720432,0.3151627714338558,0.06807723661543835,0.0188261445001399,1.1265605982390826e-05,0.027360580318765915,0.33974300348837894,0.00938936333995537,-0.5253817489461491,-0.8413941965032834,0.02937732600536222,0.6379427661741834,0.011596323365883603,-0.01971296103407702,0.06868121155233486,0.24629373870923793,-0.018184381065882823,-0.0036114837950174668,0.21880566116434033,0.05125363640838442,-0.03690127341525308,-0.04535929820331466,0.35450479708333454,0.027613572262285394,-0.04462716846797936,0.013966809195669092,0.04107157665665583,0.02301071233942813,OSD-281,SAMN06468823
0.023563549686644095,-0.021368483123890017,-0.34307695979918235,0.011036295005109966,0.013580861094569385,0.3055651943289802,0.06560093806146634,0.01821732050933309,0.0024776554269470906,0.026752773271747878,0.3269920298956607,0.009523689016369807,-0.5378978672828856,-0.8340781365309761,0.028843496006254868,0.6256024059218718,0.0114460546804084,-0.01946767490843124,0.1118207721059799,0.23997976859830628,-0.017292130592230913,-0.00551051549544476,0.20484453731552807,0.04850677171635263,-0.03665919715872743,-0.045256933816754046,0.3568006013471789,0.02833295417439905,-0.04486101844132568,0.012534639445865968,0.039617208987700395,0.021906062320530474,OSD-281,SAMN06468824
0.023498510949534087,-0.02263656278216452,-0.32184772461171,0.012215923149226869,0.015589108814611506,0.3108255333931367,0.06688072281801166,0.01882249726933621,0.002842696557447406,0.028540462640236155,0.33141538265649345,0.010585516049223125,-0.520102826151592,-0.8489207805300153,0.030449832423205283,0.6557372600484408,0.012355937659307849,-0.019586087156099663,0.08478373378055792,0.23676035331853043,-0.01773620747404379,-0.006654926475907653,0.20976741660716997,0.04944387422005419,-0.03826822813807089,-0.04736055664541642,0.36778899620356104,0.029665982512396268,-0.0479344731306539,0.012286697477130636,0.03962380352617832,0.02188779257118073,OSD-281,SAMN06468825
0.023669804130734003,-0.021527581134392536,-0.3049876997152946,0.011403920939021662,0.012748452760964885,0.3206859513302888,0.06814180635665135,0.020091245084989797,0.003865745036372297,0.027697730011897168,0.3380243731156341,0.010071716078615133,-0.5058754214395217,-0.8267671587180185,0.031034515259965336,0.6368106847883807,0.012577191667432142,-0.019218587237282203,0.10156190525488926,0.2697133870241143,-0.017101317815933603,-0.0038521150873874264,0.21486420102128326,0.05153833800587844,-0.0369643304925603,-0.04620092148902205,0.3560294152596885,0.02734283162770062,-0.04732027921864234,0.013929219517243444,0.04076886421962065,0.022759879394840442,OSD-281,SAMN06468826
0.02333481485845559,-0.022868441029511202,-0.3177075251126779,0.011842703921386944,0.015969867515120886,0.3147724832375737,0.06671135017126555,0.019292387451199367,0.004220695990778425,0.02975684407172204,0.33333835762531533,0.011480326329877584,-0.5106013194398258,-0.8439358213509578,0.03116636522813791,0.6553184334113915,0.01238120651362702,-0.01944212896271497,0.09284141912040977,0.2486172190465376,-0.017581101704399908,-0.005850885684534959,0.21305268026637522,0.049438048360190015,-0.038461510439453714,-0.04740708128602609,0.3500406238873661,0.029628352517909833,-0.0490809004930718,0.01150692739139722,0.03942484543911465,0.021664331867027854,OSD-281,SAMN06468827
0.023560118134384033,-0.026306477841235448,-0.24823442540031956,0.01347823777931375,0.018804581227113867,0.3226447895839635,0.07031452235153801,0.017992661281008272,0.006451981995340402,0.030406841230749763,0.3295701100488448,0.012940855726675679,-0.5541191659333405,-0.8129965077109056,0.032117573769792344,0.6894310509637125,0.01364085932035692,-0.021096020574116924,0.05266231429955638,0.2062802103696031,-0.016249491526477006,-0.017352704707922707,0.26248041110361076,0.05048978985379105,-0.04104420669922832,-0.04791316230430098,0.3937646892421004,0.02968863102322952,-0.05042296473741202,0.014797205125171258,0.035839376283780915,0.019579687934284717,OSD-281,SAMN06468828
0.017721467203230663,-0.03714894555352616,-0.2485896683099337,0.014367540995809903,0.028174922669117797,0.2102471222241446,0.09861862529304527,0.0309539512901621,0.06375538195932742,0.04882892269628592,0.27802888632068573,0.03854914357401979,-0.49532643341464305,-0.7220010881475566,0.0497637442800654,0.2661612390916581,0.004605989625784058,-0.011940175393138797,-0.18190358558955566,0.5002971522715273,0.012811069656084455,-0.05680573629695124,0.29570876686830994,0.06971946961054902,-0.05052505995164585,-0.06212526934290266,0.4565407314197797,0.018500741867226934,-0.04978941702858226,0.02264302293883641,0.027256285223663877,0.01942395119973379,OSD-281,SAMN06468829
0.02002401252632717,-0.02928642972504606,-0.2697554913387382,0.014210537067818618,0.020150200710111154,0.3471703285314077,0.07225499031809103,0.02115575836991961,0.018524636215143917,0.03289425192099901,0.3169021091503867,0.017321604079813126,-0.5669965738227737,-0.8272686516862019,0.038086476910362446,0.6610079279731538,0.015095858775234268,-0.02111950547466608,0.022131114021082702,0.2717841893295475,-0.007618782198429794,-0.016755347710974967,0.26012191846524896,0.05094721621203591,-0.042197371485500006,-0.04969793425119669,0.38913590328569325,0.026998750092481854,-0.05443175099101109,0.014495597636497357,0.03276820850707157,0.018296597440858105,OSD-281,SAMN06468830
0.014416194543410933,-0.04342164579703473,-0.24752171530794795,0.016260784588334375,0.03533205968335399,0.21779444437726694,0.10346971712977152,0.034146765051340115,0.08222755989081447,0.05534896383693286,0.254357317261687,0.04594718120703727,-0.4462674829842868,-0.7203615020651605,0.05833137796758873,0.23188062943548313,0.0044334918245979285,-0.010530875937865159,-0.19789369208929536,0.5613821614130902,0.024237902491281178,-0.06235537866201759,0.26861390522154804,0.07090588912265104,-0.0531457161198788,-0.06637154544054667,0.44170316625795797,0.017078329473412365,-0.05535142919145764,0.017904792444267976,0.02414946672595138,0.017546093684444958,OSD-281,SAMN06468831
0.020764504447298965,-0.02793587095642376,-0.30526546210334865,0.014192574394945874,0.01714586190295018,0.33004115502593045,0.0714800315169373,0.019900882797790048,0.015405914059120085,0.030055380619832362,0.3167709431218123,0.01488974551595312,-0.5835682782511259,-0.8142605409093399,0.035404305373272764,0.6462264679005076,0.013594057540473001,-0.021229452083143426,0.01144461066398795,0.2623971928895916,-0.007880101945604977,-0.014641068669804028,0.25682103207963664,0.051574188858146436,-0.040942557957075645,-0.047705635440309126,0.3895614860499132,0.025920878922793978,-0.05065018646195512,0.014614626708941396,0.03360000466793825,0.019130463552191952,OSD-281,SAMN06468832
0.014849836164598383,-0.039869122845967046,-0.2657141284229176,0.014764477478545191,0.03087432126917124,0.21923259199629533,0.09600829171969606,0.03037723327654105,0.06534728424235162,0.04812247885032625,0.2633214562761248,0.038022127734771365,-0.5111477835076134,-0.7518006546800969,0.05101557868758908,0.32041928868780123,0.0068917893152569375,-0.013072111933414099,-0.17291339283615534,0.4819416242384357,0.016010709494207388,-0.05380677521354808,0.2796484854510935,0.06533426762344961,-0.05048133435362149,-0.061710729205973223,0.4555469514808049,0.019205090093991937,-0.054073435096954676,0.01800920883547561,0.02541454999822154,0.01779888663401281,OSD-281,SAMN06468833
0.022837244665298073,-0.0276808585356164,-0.21458306489564105,0.014169228124093493,0.014357290732364211,0.34724265597684095,0.07478121391187256,0.01926897692323067,0.014658089318081068,0.030147038842073887,0.3258496707185197,0.012947789632198432,-0.5920349600341962,-0.7692709441242024,0.03590810855351119,0.6467318626562288,0.01604119580238217,-0.019562374724119053,0.0057952256498395634,0.25913387978739155,-0.00711839063825669,-0.021796243928488484,0.27058228419518804,0.05397237265086243,-0.039719835901311486,-0.04433401490595968,0.4092961044613576,0.024750772996328448,-0.04989027885618141,0.021338885304765267,0.03144196989271825,0.020477512583833825,OSD-281,SAMN06468834
0.02590587535473071,-0.0242171517360737,-0.26574203796386603,0.013518262819656705,0.0163142419444793,0.3065127410880009,0.06854268431124702,0.01706858763522141,0.0018825225814575772,0.028563200523855456,0.33487630029345744,0.008654947822110388,-0.5675364509690458,-0.7797587859009142,0.029398934328365624,0.702404257589301,0.013950162045317547,-0.019026836162069072,0.04136315879710277,0.21136372483409516,-0.01704280901607387,-0.01388162546005634,0.2346113729847607,0.052019378092954316,-0.03909273931377252,-0.044374244214052616,0.37910951987528196,0.02842393067720862,-0.0490193321001355,0.01684827957270494,0.036325579473082834,0.022371031133292096,OSD-281,SAMN06468835
0.020784621408265213,-0.02645469926653188,-0.2573584552934063,0.013328111621652405,0.019198693752258515,0.2830374875406934,0.0694694986951458,0.01814459987875763,0.008942200769944857,0.02947088203763242,0.30882990993888393,0.012169839355673494,-0.5912537921121316,-0.7916586653896623,0.03126522722511044,0.7185624997301004,0.015019215266210143,-0.020191297068076493,0.004838442177667022,0.22511168491030295,-0.011096053019325015,-0.0143807457921721,0.24217809094020193,0.049976279738844054,-0.039233159971547645,-0.04484913579022562,0.39547385011511305,0.025883383068153715,-0.05274662595865399,0.01306702463748923,0.03418417490399047,0.020417688121062202,OSD-281,SAMN06468836
0.01508639099736901,-0.0429725575100014,-0.23709149841595087,0.014808648694946346,0.03317199100100608,0.18704894938143998,0.1046974568490399,0.033421626956237495,0.08239400002751172,0.054711322472841516,0.24961910816812383,0.04488070267527395,-0.44714714541001443,-0.7148893208673605,0.05498004664046283,0.17797548914488115,0.0015758713886428854,-0.00878908482787609,-0.2525053341104318,0.5574201677984194,0.0224838089059546,-0.06759191124613814,0.29818725381678746,0.07281645248481022,-0.05344152805517136,-0.0658230657448023,0.44787365927849626,0.014988861781536586,-0.052451563613805575,0.02054717766221593,0.023042409325765425,0.018454329039487665,OSD-281,SAMN06468837
0.022860060948320694,-0.025613317544867148,-0.25321736182009075,0.0128702516355816,0.01759788914574667,0.2944443107739619,0.07015350143614747,0.018725707948224674,0.00804823142183805,0.029771409244516055,0.31877208151316944,0.010641611802458878,-0.599364160054214,-0.7651084101581641,0.03193054153685274,0.7099791604370349,0.01565935294763123,-0.019638016620866467,0.03486691634192843,0.24520027366215374,-0.011692900623177993,-0.01478533744170172,0.2369497792401109,0.05121618999426315,-0.03895784295504347,-0.04250490915479018,0.36802567957037935,0.02513509671996309,-0.051977627185093245,0.01660481633927865,0.034679696478253266,0.021499183837912036,OSD-281,SAMN06468838
0.014490363239815278,-0.045710389071824405,-0.25518889895335717,0.01588690907414626,0.0374183422978829,0.18243163004155943,0.10244323937942267,0.033266377460325125,0.08722181563859874,0.05723852747470629,0.2326958947919684,0.04807669429933059,-0.45474584096069226,-0.7437767825680637,0.05622312167881094,0.1775902765469748,0.0009241877210599168,-0.009662078935239307,-0.2319933610151432,0.5468413147860317,0.024796311191331605,-0.0709201321829458,0.28177456809436285,0.0692081835446598,-0.05516599596378377,-0.06744031685527825,0.42721403282793996,0.01681872062273985,-0.05500976321656448,0.018636763664676745,0.020108106491931295,0.0166860041312361,OSD-281,SAMN06468839
0.02168287812519489,-0.029916310531514747,-0.2258458744848136,0.014989384333432726,0.02115276541640149,0.32492539834127804,0.07264384069780434,0.020173105801352086,0.016224990646827274,0.033321304099599644,0.31427486199895804,0.014944077757218866,-0.5462345355477233,-0.7911983258656445,0.037023050358540636,0.7062971582823745,0.015600272518530717,-0.020361636997820967,0.042077292980908974,0.2529583019977539,-0.008550338457965252,-0.01966567054446329,0.24710023202262202,0.051867970662940244,-0.04190831909314099,-0.047364176699975155,0.3729569700364824,0.02684303228910196,-0.055633998051058994,0.015042744626710316,0.03291896805849231,0.019792752290251545,OSD-281,SAMN06468840
0.018374547615955278,-0.03288989720880423,-0.24514252369412767,0.015459241227058617,0.02397640457204902,0.30828924430861065,0.07237754624646163,0.0197910284057704,0.02221784664015974,0.03275717199363028,0.2914712337478713,0.016901200217743922,-0.5747715946042703,-0.8009693492158929,0.03829290655343313,0.7012127251047424,0.015923087153847396,-0.021374806061021174,0.035457644389303114,0.252897938127354,-0.0033866054195807477,-0.023209865699852013,0.24631165777686614,0.04988441481992805,-0.042318471329721066,-0.047689803941081244,0.39246997545614454,0.02631347797661562,-0.05721627475586843,0.013119324119383984,0.02967081320636964,0.018135525114959687,OSD-281,SAMN06468841
0.01825195169029257,-0.034690959808850286,-0.22892397616421395,0.016555428087866503,0.02845356806762918,0.3318569314176598,0.07240245558462349,0.021425035734571954,0.025890329983337852,0.03703300972333924,0.29412997257430357,0.02027085064982434,-0.5290631032421531,-0.8293979647185817,0.04059778635362068,0.7378781131462219,0.016151557883781885,-0.02156108864470523,0.034800728208760456,0.25744659360714456,-0.004977551940706406,-0.023370751765391513,0.24653558508986595,0.04942854714930154,-0.045170850004833174,-0.05240759890733574,0.3617442869076351,0.02783386257420563,-0.06165374989729118,0.011107647254099004,0.029457286090038587,0.016888499579214154,OSD-281,SAMN06468842
0.02185424989448628,-0.028170092773396525,-0.22800004180367273,0.014335154675658728,0.02019142081260318,0.3124556574423749,0.07259891917998484,0.01969885498380509,0.011271529993955854,0.029907900777975883,0.31974891835931407,0.012299774626205252,-0.5654713550357652,-0.7745979555146526,0.034486650523762874,0.7152907981883265,0.01652057012420124,-0.020160955442991443,0.02837074803489232,0.24466600873248584,-0.010880891508465126,-0.017472946962239198,0.2581027633838068,0.05267453064197518,-0.04075294461261831,-0.04643134050238799,0.38909588818082014,0.026661838265326226,-0.05383573229494244,0.015695776434836797,0.03459646118604709,0.0209088362456023,OSD-281,SAMN06468844
0.00998254876876192,-0.07319941042203677,-0.22140588360886296,0.027397001867518242,0.05193830271968764,0.46947333214750986,0.09618409852650808,0.03434025043889759,0.102894387604988,0.05443309148483918,0.20938535221890706,0.050799581309134006,-0.4271570764871796,-0.685916289688735,0.0737638939800033,0.5444067670548152,0.022335166173185296,-0.025157859024139632,0.021803782682751537,0.4004891810811997,0.04220875841915954,-0.07605566695083597,0.3644170973635272,0.04563310466158572,-0.06172600782302642,-0.07420326106994643,0.32394967485621706,0.03042216315032344,-0.08076226137657294,0.014220962891719625,0.005083091581929304,0.002688585407408428,OSD-314,21H5_WT_RED_Col0_1g_Rep1
0.010523798370980643,-0.06935038857633032,-0.24409314388043246,0.026330384985204233,0.048524194497456964,0.45506475001491864,0.09428646579957276,0.03420479677651345,0.10049205585221731,0.050215190014020306,0.20329766352550843,0.04626064296188225,-0.43433643411248885,-0.6259820893547653,0.07076505453541211,0.5241955884772308,0.022534726710810218,-0.02323375918899618,0.03404932362919646,0.4145454311289508,0.04183704309906718,-0.07022645333331563,0.37490688574402453,0.04739096943841984,-0.05891152972240035,-0.07045085475362109,0.3094922063301827,0.027907664434032975,-0.07632072017015301,0.014216667504598251,0.0070227878343059194,0.00435737576301512,OSD-314,22A6_WT_RED_Col0_1g_Rep2
0.01060292503403118,-0.07193557043758873,-0.2226619243920937,0.02733100648983437,0.050004930972237537,0.45818447364476744,0.0991737524301527,0.035956355789527536,0.10590194254199317,0.05274102656028178,0.20718483018474748,0.049529077073923476,-0.41842388704003625,-0.6239996117746013,0.0739429521869831,0.5009202080266127,0.022444843924235295,-0.023566332459785237,0.023544579225236843,0.4395277708601231,0.04459880763911649,-0.07580527682342138,0.37767346858426615,0.049454743569532,-0.060880138775551644,-0.07307422027076245,0.3145190465040916,0.027724938768019992,-0.07750995581182984,0.015940571234349762,0.006880725248393472,0.004168653034141344,OSD-314,23B6_WT_RED_Col0_1g_Rep3
0.0034660902603466017,-0.08758276131432895,-0.24721578059973742,0.03355011360840213,0.06287074541877398,0.5365408685474975,0.11613687025614537,0.04246607811347205,0.14286532851739872,0.06768506671857519,0.19012966268632348,0.07234462331725001,-0.38609652344678547,-0.6968554421469966,0.09521324975031935,0.34034503530378385,0.01890802976006143,-0.025926880743165185,-0.09494867059976915,0.5204855422371379,0.06416217425360478,-0.10452809598860635,0.3900617083637275,0.054668753776313285,-0.07105628771859222,-0.09079690423564349,0.34137568390503303,0.028530931189347696,-0.08267393344329389,0.018529710807623855,-0.0025526356056114656,-0.00320415411132214,OSD-314,30H7_WT_DARK_Col0_1g_Rep1
0.006045414714558319,-0.07896076299758882,-0.24988925238810522,0.03125557398949029,0.05725389254369302,0.5013170689260225,0.10759730113536609,0.038366506977798955,0.11859590588331231,0.05958491588691683,0.20597907078058195,0.06040499380779403,-0.4068068816375684,-0.7285397108108103,0.08547529257994742,0.42685915445088535,0.020449531893790708,-0.02514646829553939,-0.05482661224995446,0.4546019989565685,0.052088217530206475,-0.08812327260063002,0.3556732821654468,0.052412075939793294,-0.06580312744176899,-0.08356043681066991,0.36287064795085977,0.0307460705094984,-0.07926357218325912,0.01499329983424685,0.004038934615099514,0.0016377082147444912,OSD-314,31A8_WT_DARK_Col0_1g_Rep2
0.0046711606496148235,-0.08335941392424469,-0.24893396765217854,0.03232424531330053,0.05985189346336,0.5109466057373802,0.11128469267152309,0.040098544419420575,0.13006612344320317,0.0625351136084399,0.19243290958610815,0.06514372547411716,-0.38220735701757763,-0.7067215490779154,0.08949598824593388,0.3911820359745121,0.01973683887586488,-0.025311186497772597,-0.06830583487962313,0.48290106243090963,0.05877865597354492,-0.09470212242429421,0.36545368241657483,0.05250621938780131,-0.06768744176593003,-0.08659995936036234,0.33360790781513183,0.029406761744823418,-0.080777620658923,0.015160587263099814,0.00105962425125173,-0.00032022183050984176,OSD-314,32B8_WT_DARK_Col0_1g_Rep3
0.0029573309775060993,-0.09286210119006069,-0.21410525019225277,0.037332410185319,0.07302288077402334,0.481517747049181,0.11426613284435046,0.04297043462189255,0.14898717089730215,0.06493420686952009,0.15239329597947143,0.0710354928092875,-0.38062376678602383,-0.6625309154678196,0.0952099285246878,0.41066436312067184,0.02029117288845799,-0.026680782511386354,-0.01978045984725404,0.5142843815575877,0.0666591389134256,-0.11016432902697942,0.3629629787307064,0.0520300574235738,-0.07414460561933293,-0.09301175402215403,0.3448357111175641,0.031096776020439986,-0.08895592158808667,0.015068805273138303,-0.00259308388071266,-0.002919497160416931,OSD-314,05G4_WT_RED_Col0_03g_Rep1
0.0054502982207774555,-0.08863658495775492,-0.23930495479647265,0.03574722240713537,0.06877927901836686,0.4851464468104416,0.10960092877049941,0.041103067765868265,0.13794550410988565,0.06287190178562307,0.16987098984828158,0.06735990594884114,-0.41278732211306196,-0.6824120487272165,0.0901677207015922,0.44413563586796256,0.020011468022107907,-0.02789621120934632,-0.007649958242993559,0.4839422371689886,0.059597838499453853,-0.10276714744830598,0.37024507391081396,0.0499989826668254,-0.07270192884570824,-0.08945327768511303,0.3210900649679676,0.031400586306523155,-0.08669908501436456,0.016323557791449294,-0.0009595939246276706,-0.002393677483503727,OSD-314,06H4_WT_RED_Col0_03g_Rep2
0.005419275485013527,-0.08978857570456267,-0.24340007797904606,0.03689290041552188,0.07203576242990835,0.4390422693641306,0.1182023122991474,0.04438183433206078,0.14986620133431497,0.06599894618200199,0.16205720667792642,0.07180270243228866,-0.372992465889933,-0.6240423406398942,0.0938606258610397,0.3541376728208819,0.018049339230425947,-0.025030834513206725,-0.011465778736771421,0.5573273004160603,0.06556834358367558,-0.11200340427616062,0.33752981386401004,0.056388905293729225,-0.07428177545795882,-0.09379079967181618,0.3415250449416959,0.02991744282968449,-0.08492266132622349,0.017205382391935874,0.0012418746246700232,-0.000945379992465535,OSD-314,07A5_WT_RED_Col0_03g_Rep3
0.002963138782325489,-0.09391004037607266,-0.18452027320852682,0.037495658907016144,0.0704105082224836,0.5350567984305752,0.11904196636831517,0.04211533687293748,0.15377367527890118,0.06751909831796465,0.1602202057556306,0.07345381490627874,-0.37113522930645154,-0.6834580623041694,0.09902350172401994,0.3479184407389784,0.01993093024306202,-0.02558246181566212,-0.064913099241501,0.5033387442840765,0.07055947812925291,-0.11811793747948451,0.36973588141703934,0.053805264269385006,-0.07429666291995987,-0.09455278597347418,0.3934393101478433,0.03133553017047846,-0.08556126166720653,0.018116455450717984,-0.00631877238788605,-0.0042978317767532505,OSD-314,13I4_WT_DARK_Col0_03g_Rep1
0.005422222321678287,-0.09001561567003656,-0.20707792954675863,0.03729210486646741,0.06634881478497665,0.570155961885317,0.11270374269445402,0.03916787749125074,0.13869629260328434,0.06149784557811038,0.17205489600472795,0.06566431865056808,-0.40690994840429173,-0.7172290661759987,0.09438841402292593,0.4151317386566199,0.020935468320461226,-0.027143783297150177,-0.05354599138872873,0.4420410184684208,0.06407368230877876,-0.107531411116576,0.37116654754002154,0.05159924805978602,-0.07207890845253147,-0.09038098467573889,0.3691791891929711,0.032296872874838595,-0.08296170645359606,0.01806550050430896,-0.004138409614129587,-0.002507918722862979,OSD-314,14J4_WT_DARK_Col0_03g_Rep2
0.005104751586427366,-0.08837797169819579,-0.19614485231414797,0.03701421411273469,0.06505785879624022,0.5242438125168434,0.12037239556113988,0.04234969230018949,0.1445305627943081,0.06350762639009389,0.17721564007497653,0.06869550722764342,-0.35739422332804766,-0.6685049270868199,0.09658944764645776,0.33396187340614036,0.01903424915590804,-0.024879204525528654,-0.07564976865677756,0.5172613591239164,0.06633209306677233,-0.1101936426057197,0.37603812506307915,0.05848957007616114,-0.07204003319922456,-0.092011123934415,0.37553829976422926,0.029706452337360603,-0.07949077339117017,0.019124017423653595,-0.0005916730704260221,-0.000688537553181021,OSD-314,15A7_WT_DARK_Col0_03g_Rep3
0.007116962952531443,-0.08079698646631533,-0.28006893140075056,0.033242830382087855,0.06405189081723531,0.43748866360970795,0.11465001467432029,0.04144313155514288,0.13834663411983192,0.07036899245381173,0.1878134817200042,0.07392864414629331,-0.35247246971085616,-0.7149664286565889,0.0887869086456165,0.2895450873772628,0.013404315269239478,-0.02368915836549852,-0.033149229504000524,0.5184718287728705,0.055786729596734384,-0.10679555446212907,0.33026637237007755,0.0556765584901591,-0.07112877295945805,-0.09295166066973538,0.36231771669053386,0.031418343497919575,-0.07641133152668825,0.01660862631175029,0.002427650229954077,-0.0014448514529342962,OSD-314,JBA1_WT_DARK_Col0_0g_Rep1
0.008693730947457968,-0.0754060091052607,-0.3128192833623193,0.030109703164831702,0.06007631538945323,0.4896713515948322,0.11299119855893584,0.041456586762805,0.13186009461073722,0.0721058587618698,0.21650039828576992,0.07554865652521373,-0.3287025823393196,-0.7906919047936428,0.08834285801357294,0.24074297626133223,0.010504725036998536,-0.024641315129782133,-0.010043482268924644,0.5249275159775786,0.049222600475063896,-0.09883955731063356,0.34051835661647745,0.05619678982555529,-0.0704888557129751,-0.09429942175682558,0.3607271370914208,0.03246532535004986,-0.07209457208133946,0.015550618647800987,0.0058449036836053635,-0.0016793970955689803,OSD-314,JBB1_WT_DARK_Col0_0g_Rep2
0.00910602110226932,-0.0733677120491898,-0.3001492405696823,0.030773088034400414,0.059166476888613186,0.41366540995573503,0.1052766634508317,0.03874822124141774,0.12029990362158553,0.058266178591070764,0.18928128701582317,0.05950120969512294,-0.39443515877902724,-0.6486970822021016,0.07859896551096744,0.394020662442076,0.017163767462017438,-0.022586103312315187,0.01422455679193824,0.4855705134721579,0.04725535960388145,-0.09049670431521234,0.3286025147536003,0.054054101341454,-0.06568843200822523,-0.08388793634508446,0.33998966437542477,0.029388871021616084,-0.07450561528718067,0.015431064673860058,0.007666724343717984,0.0027531068266214284,OSD-314,JBH2_WT_RED_Col0_0g_Rep1
0.010473681329289223,-0.07634732812611542,-0.2995823274749643,0.032482082407609046,0.06387336771397766,0.4171210273996364,0.10780861354838818,0.039912431607234816,0.13079619160222633,0.06463585273682904,0.18602323248735864,0.06665547777735291,-0.3734336687992902,-0.6772069244037414,0.08229873727665393,0.34842268832041995,0.014252571294467,-0.023271285708464037,0.045269964210126724,0.5089855667132084,0.04988131799424459,-0.0988508522183444,0.3074735426127721,0.05453410828055906,-0.06955887474612268,-0.08867171020738071,0.3492501907256998,0.03126696544419819,-0.07607142380238165,0.01566246057800814,0.00546863242105826,0.0007580640133218582,OSD-314,JBA3_WT_RED_Col0_0g_Rep2
0.014634737002621622,-0.06541139732117594,-0.3230458679244718,0.02843351279531932,0.05386606969709088,0.42415612624978066,0.09155647024085851,0.032773870704997946,0.0967249051440067,0.05251020353498031,0.2070914273985037,0.04861362319816989,-0.43554842585594566,-0.6945132265742848,0.06783635757202146,0.5021911332905051,0.01715038537468296,-0.02343466207896128,0.0939523981631148,0.382999210899583,0.032807581753682966,-0.07581920731267239,0.29273720827701716,0.048063294855296625,-0.061675483656564445,-0.07616106465671041,0.34227754705595465,0.03244375138088192,-0.07227541776130603,0.014149782476126556,0.010200573649046495,0.004586212887934165,OSD-314,JBB3_WT_RED_Col0_0g_Rep3
0.015125026411500372,-0.05028163876581612,-0.2643909226471455,0.020176641940843308,0.0317332947003606,0.42720287745504637,0.08273495217946467,0.030112590786780538,0.0653806514216777,0.03730727406147482,0.2727197656407385,0.03590427803830513,-0.4751942886201342,-0.7048028797941864,0.05373850153052757,0.4599669843780606,0.015189907138258456,-0.024342686054795032,0.14883446307939277,0.38494602171398,0.01565273899464596,-0.040947945234460034,0.3596494616980998,0.04875671807431168,-0.049706471051389894,-0.06391991844210362,0.2829414301996216,0.027907450665192686,-0.059602821794163194,0.015568061866254689,0.02274544888000465,0.010028401529279552,OSD-321,GSM4486031
0.013696516919633165,-0.05380095203365588,-0.26246659624227137,0.020613452140255145,0.033978441313910736,0.43290977338134434,0.08509350475846847,0.031225356017806495,0.07199230523182222,0.04007791306417549,0.26587158569831565,0.039359728857831115,-0.4813050282826161,-0.6780594528068984,0.05768146852441605,0.4453159576429052,0.01543605124793262,-0.025000880237116718,0.12845152934453152,0.39917404111594335,0.020872418223450723,-0.0457692406247669,0.372455527683301,0.048618751553368623,-0.050955604280701186,-0.06469567325977217,0.27715722143580446,0.027545613936438184,-0.06242620382551382,0.016146093277239287,0.020125906612685464,0.008560545660789134,OSD-321,GSM4486032
0.010182577988197005,-0.05985160064983811,-0.29285761415796546,0.02228993615919231,0.04092359324764395,0.44738058841985723,0.08528783178789409,0.032780935687700276,0.08635912703748347,0.04300532793529353,0.2385851815015198,0.04520055606933119,-0.5012029844847132,-0.6918229211646445,0.06263886258511309,0.4431630748069113,0.015915873204550807,-0.026445793187599157,0.13018241808199957,0.42189676132264325,0.02885753241140308,-0.050639529817362486,0.3739514540584069,0.04588496560767123,-0.054156012224458636,-0.06814432017621568,0.2658184586495177,0.027266288639579566,-0.06741708167005937,0.01279782544347772,0.015237119085527344,0.0049624191831654325,OSD-321,GSM4486033
0.006822207125000551,-0.06666781117439778,-0.30641518455210465,0.02558519229205631,0.04764086983321378,0.4674693031590406,0.08716451186753166,0.03438283860086894,0.0989500084988386,0.0460742176428636,0.2111406009365399,0.04970550532956172,-0.5083903183901165,-0.7144615169630399,0.06925488873633173,0.4601776756242951,0.016894040679830465,-0.027768468012011608,0.09894087221473942,0.43160662869218736,0.03769203132553158,-0.05650381762529671,0.3715630200476607,0.0448603675809878,-0.05779831269657712,-0.07173279669974603,0.25443931680400667,0.026830505403580212,-0.07284496703267115,0.010492400117935865,0.010841413206982762,0.002364570460037931,OSD-321,GSM4486034
0.0055104799287693795,-0.07831611580498538,-0.2627366722644968,0.02800940572968572,0.060325026326473484,0.4692295680295269,0.09128059589615224,0.0328401914139664,0.11900273986010954,0.06237564860828108,0.1869983954317573,0.0633642993885598,-0.4694950240174967,-0.7991242154000152,0.07867176417837597,0.4805607548712858,0.01691358359887204,-0.027654554303444975,0.05552123786277362,0.3954890584102427,0.04975360405684288,-0.07918378757155374,0.29462057278395803,0.038768799574513735,-0.06419966611551432,-0.07958328740441781,0.366859975049916,0.03357436540528091,-0.08706841262242719,0.006000336315048195,-0.0018749361245286662,-0.0037072514280193426,OSD-321,GSM4486035
-0.0020032257598066564,-0.08946035102412657,-0.21260958363683866,0.03073642210998425,0.07064463076373931,0.4772156375575847,0.09630887135132378,0.036587828113629595,0.141518158822938,0.06918877223170629,0.15097094632739777,0.07327001286069167,-0.4470782313813405,-0.8049960093132265,0.08905326428602546,0.4956789447911795,0.0201085132916672,-0.028654292077081256,0.014668334853573653,0.44357090188284487,0.06431618243040076,-0.08969319122397333,0.311050294389142,0.03684334863711753,-0.0686846429433123,-0.08538772276114717,0.3554419317043361,0.033287372812940044,-0.09953309968870962,0.0013552509680506237,-0.008711066694368216,-0.0075842530605426325,OSD-321,GSM4486036
0.001368650226357518,-0.08369092657431304,-0.21167213292586196,0.02940056711561945,0.06481689867219685,0.465139245188982,0.09722526141733381,0.03517486000794616,0.13353974013168476,0.0672285843889722,0.16916726449622185,0.07035313965175705,-0.4076607967783232,-0.8129314723802462,0.08524857991726645,0.4537586475760495,0.016409219601674033,-0.028086759744209332,0.05910496508608853,0.43581782766187466,0.05667328093714098,-0.0890885859054165,0.3031967420412454,0.040488600911409864,-0.06679451246452364,-0.08441613402539569,0.37124148603758744,0.03263402093751623,-0.09140340801083811,0.004769232028188121,-0.004374100577546106,-0.0059630108227716,OSD-321,GSM4486037
-0.0017276289803408989,-0.09016283795654437,-0.23201391002587335,0.03103026237070952,0.06949214415642553,0.500828283272381,0.09779014972704049,0.03717634160432802,0.14418339174453818,0.06783343761582292,0.15149889694312418,0.07315727047569706,-0.442297275270124,-0.7957570812410538,0.09045784995498347,0.47386933072035664,0.019311993042549883,-0.0296624466031527,0.031095758766520994,0.4571230610262038,0.06596412874236178,-0.08978775396702665,0.3175504402922572,0.037820505341884206,-0.06891816091917137,-0.08591579692978352,0.3371920197111713,0.031796307936504196,-0.09766023288244352,0.002744856656765952,-0.008559888235901366,-0.008076664036288672,OSD-321,GSM4486038
0.01318601360250975,-0.050663287677188765,-0.3352774699668086,0.020072761298487413,0.034154650597837455,0.4241668291959214,0.07941794155670626,0.030306184363475822,0.06855161764424222,0.038225687049293265,0.25927321210164417,0.038204876074237386,-0.5037176610716791,-0.7299230385499986,0.05432356303490416,0.45036909217691196,0.01349475453177517,-0.025069960275660486,0.13180687119935114,0.39484684934101777,0.018065381744366872,-0.03614546055125965,0.3529745610205085,0.047030195442769755,-0.050020896939791476,-0.06396678951736419,0.2475608163465483,0.026436409909761486,-0.05997887704580129,0.011713715519201829,0.021793199303801858,0.008564573113426326,OSD-321,GSM4486039
0.014027203272605544,-0.05174946430375095,-0.2691190724540431,0.01999217409543699,0.03248877410741666,0.43167266516125463,0.08427440771583312,0.031002158902892724,0.0680284580832678,0.03753960166873899,0.2716079505956362,0.03778434834027478,-0.48669828425123474,-0.6916945470464473,0.05534119852722801,0.43397692645524366,0.015296033684443083,-0.024973000662236438,0.1489694696489095,0.3971732724391713,0.01792967475452347,-0.042962401628760694,0.37239363281987503,0.04874205427610641,-0.04994707235147758,-0.06495842461872639,0.2687026376789954,0.02784860989241761,-0.059745979690185365,0.01671682927715965,0.022285266928174355,0.009572005004845698,OSD-321,GSM4486040
0.01389912216076638,-0.05219816416221894,-0.30438958681511874,0.02021117984386922,0.0328698747068831,0.4362989205286514,0.08398980222336398,0.03174608596202163,0.07110682683538753,0.038765949094146795,0.2670446271531623,0.039077421588933715,-0.507327104634044,-0.6905571463324426,0.056900708262500155,0.42455919769009576,0.015097087487650488,-0.025465355444639355,0.13955729295318503,0.4122428048057409,0.020280630332254978,-0.041988361598838814,0.37030509920418186,0.04834995722484019,-0.050599056652079956,-0.06421403049671585,0.2661702248108494,0.026962342403353025,-0.06009469518596635,0.016205929174925787,0.021171224503323233,0.008729877652220011,OSD-321,GSM4486041
0.01424377330512773,-0.050343832884678814,-0.3037603545545228,0.019608485791875734,0.03178020053659624,0.43150540532440906,0.08214698726374105,0.030815748264236782,0.06755658656281543,0.037638456697217174,0.26979326503652107,0.03714574053885564,-0.512126011828009,-0.6852633338542848,0.05483561630228647,0.43616677106249097,0.014810672711505803,-0.024725205876353996,0.13690592502087803,0.40177038304942403,0.017627688229733537,-0.04004304927017472,0.3723115891357187,0.04849873345918384,-0.049684567640787526,-0.06291573081661034,0.26131865821021455,0.026682139159605402,-0.05889723269348872,0.01619907677499147,0.02186279152132393,0.009166157303846668,OSD-321,GSM4486042
0.002169042620573789,-0.07911478539819031,-0.25549309843583506,0.027281980529072766,0.06129701695261836,0.48500226036575017,0.08965238556256609,0.03366871422811787,0.12482157731388356,0.06444987526623398,0.17421487094832144,0.0661098003093186,-0.4677145066685633,-0.8212798328142114,0.08048383625521718,0.4645329394243555,0.01782073711936851,-0.02726341874125134,0.0715766834269333,0.411541361198319,0.051497760652711805,-0.08075979153155523,0.3087758309713522,0.03629962639557768,-0.06443420811966871,-0.08010001437259351,0.35718709535675963,0.03328499288218294,-0.08819881033197662,0.004484590448159191,-0.004533756105548328,-0.00555408044538812,OSD-321,GSM4486043
-0.002556430435980065,-0.08068317935787066,-0.23106354781561755,0.025960025555053532,0.06226992526349211,0.5099365746395583,0.09269335657863573,0.03509362085123658,0.12859292417700693,0.06605679861229942,0.1731601750794507,0.06867641451044106,-0.44818830426103917,-0.8160101121586385,0.08524661976842217,0.46714707967530045,0.019697749387548515,-0.02678049437151698,0.001735124942300008,0.4344135982171023,0.05655516134115516,-0.07977721568721663,0.3286207238572357,0.037187942878778184,-0.0632862041329553,-0.08164098004887636,0.34179115097093116,0.03182068333313478,-0.09238741996885687,0.0034325300720528377,-0.005438226288766822,-0.00610003567925327,OSD-321,GSM4486044
0.004660414078976202,-0.07868657773675915,-0.21197595985227777,0.02825958497604149,0.05968378848337446,0.47013835945582716,0.09304196393011868,0.03350260268398626,0.12069086777401264,0.06295025689550768,0.18605456462214023,0.06396662399042255,-0.43506214027390777,-0.8166467232082352,0.07953099506078698,0.48431623538995877,0.01744380594273,-0.02771247185543759,0.0726694861523831,0.4074175407439329,0.04981295627877468,-0.0807025418651628,0.30433470507815213,0.039509622168693484,-0.06441641019066613,-0.08000688935075638,0.3591544322842639,0.0329481557137196,-0.08786180067243335,0.005877607585372593,-0.0014329321619701851,-0.0034808907445960107,OSD-321,GSM4486045
-0.00047181898949881035,-0.0842802970306428,-0.25119661043388786,0.02862689598196029,0.06479149664691071,0.5153167510987283,0.09344082159639819,0.03529221453064173,0.1332283128052958,0.0646541535460959,0.16402872964958629,0.06857548856130666,-0.43926474719601716,-0.8121808016960085,0.0863715843508576,0.45488579171788784,0.018153191459402095,-0.028484796776387284,0.06133783430397855,0.4316229849221743,0.05907179813298,-0.08311260315295442,0.31018312790498626,0.03741579533179132,-0.06556736840633264,-0.08340847413807408,0.33522749309229977,0.03281843862051867,-0.09183316996391253,0.003223226601469077,-0.0054388800366666715,-0.006237223044443228,OSD-321,GSM4486046
0.012391247966337055,-0.053780280323915464,-0.3052384652814307,0.020411302468795054,0.03468535221811522,0.4387635446028138,0.08345693565731159,0.03194490178995537,0.0742079987941455,0.03920219862887281,0.2580995028929328,0.0398812834276633,-0.48961930186064107,-0.7064220035619013,0.05793513799338764,0.42360802420475874,0.015145602104876154,-0.025180880391429385,0.1377825725638898,0.4151057956612138,0.022297637963497968,-0.04262003655714028,0.3590306475051014,0.04704861976202818,-0.05098391459434895,-0.06556324123146155,0.2672243908317039,0.02721167409694994,-0.061780879655325464,0.014069716157445523,0.020280844782053876,0.008268202203196703,OSD-321,GSM4486047
0.014359773522473541,-0.05189445307691229,-0.3240738955513881,0.01986309750485262,0.03365103855114,0.43538770259299453,0.08243236429105981,0.03130344097258655,0.07120154371587174,0.040701632924409946,0.26716732385846326,0.04065968146951751,-0.5043301791695943,-0.7125243528872215,0.056480021583818145,0.41276054619366775,0.013705815313379964,-0.025596628990333152,0.14304864550602892,0.4069437668893894,0.01945340252907597,-0.04164339526317828,0.36552590148016495,0.047416222992795125,-0.05129328166781452,-0.06477045771818983,0.26638384959344324,0.02765660518675249,-0.059843461112067904,0.014296245819031137,0.020595551196754987,0.008069790707260957,OSD-321,GSM4486048
0.01177471940015154,-0.054597362880113354,-0.2912027672483905,0.020798777387381985,0.03603409224463587,0.4297722100630515,0.08313249079926498,0.03147199219173359,0.07498816993240182,0.03888688473515941,0.25104166667206174,0.04000077692492313,-0.48708339268416084,-0.6907184737173927,0.05758083484603326,0.4440062503658911,0.015248844425952155,-0.025406166766944856,0.14409794455712538,0.4033007109959458,0.022265910975422,-0.04399325725922175,0.3712784855536679,0.046793448823430873,-0.0511072993612123,-0.06576804667025687,0.2590649822675975,0.027220570525353996,-0.06250788754336431,0.013477291423451988,0.019648929428491068,0.007628460543828532,OSD-321,GSM4486049
0.01180927402136708,-0.054616950856437536,-0.2843676815732971,0.019960631243269168,0.03562878562223194,0.46057941957366044,0.08321172114061626,0.03147708073491316,0.0771219052909708,0.042268527588921995,0.2587188883514793,0.041732472645114926,-0.4964139206352353,-0.7107735348173064,0.05973169605412588,0.43285602967941156,0.015808789781649506,-0.02488927929871719,0.12340715326735507,0.40902743125441654,0.023104168721183482,-0.045897778483809354,0.3656796927326654,0.04605039365694656,-0.051662131054319924,-0.06538210057127047,0.28029917433816265,0.027706996005037083,-0.06382714056361743,0.014588836696517777,0.017028711183573436,0.0066050349567818075,OSD-321,GSM4486050
0.011514139843131255,-0.055152821453627085,-0.30514523554603434,0.021025426520270608,0.03782951232459325,0.4341081144913183,0.08286320078028382,0.032270582298642006,0.07727497424702245,0.04128509606450751,0.24860239003235063,0.04192934719331208,-0.4966998191316313,-0.7142513970504637,0.05916460802567145,0.4424080176719218,0.015717274980779447,-0.025453303911548746,0.13046366946456833,0.41101504933067745,0.023511346270454318,-0.044211218152007625,0.3572222432022998,0.045620629212548024,-0.052197660908693405,-0.06642143171342996,0.2745542458353045,0.027903919934408276,-0.06430077499266715,0.012450454339637894,0.01844990286671823,0.007043086112032341,OSD-321,GSM4486051
-0.00021225732554214883,-0.08361914474584695,-0.2447395425452502,0.029000890991599308,0.06561947636319476,0.49471359773519896,0.09008003416195103,0.03433189472750771,0.13038094694495458,0.062456390090994705,0.1562727613386713,0.06552843462866662,-0.4621550119039878,-0.7834721555528082,0.08372715100746983,0.4867257630379192,0.018652587388188663,-0.027823624738871747,0.08062203771719884,0.4148420806355554,0.0567441632187598,-0.0819144960598144,0.31334249953949367,0.036732050432933566,-0.06507368012685202,-0.08101978802336693,0.32309804000592823,0.032498090219824194,-0.09164300651041049,0.0028168079666669697,-0.0051935573306815435,-0.0057938010799691115,OSD-321,GSM4486052
0.0040139151252709445,-0.07652439859572216,-0.2377529866467474,0.027152428642520127,0.056491190042079614,0.4895488875315775,0.09295205672014943,0.034355773712746056,0.11870739196380026,0.06133869585434065,0.19564426347218175,0.06315788584980178,-0.45422047090790857,-0.7976567697175962,0.07993002067522663,0.4535299113185272,0.01776592008133069,-0.027577880995768203,0.0543238872827576,0.42391818990473684,0.04944675883345258,-0.07625136603925355,0.3279414039482576,0.04114795511557597,-0.06304971354831333,-0.07880854803873691,0.36538649401049933,0.03218860875487579,-0.08528665773076025,0.0071185180139802535,-0.0002828073945445809,-0.0029554861461884062,OSD-321,GSM4486053
0.0003461500147639684,-0.07993522812603378,-0.24450754406946099,0.026820259407983358,0.06234075363500774,0.49544169280177447,0.09040921940581575,0.03436305906667516,0.12409224116151706,0.06292070155160591,0.17735224394256263,0.06507566176850764,-0.4558840874165836,-0.783225732526383,0.08227742127617547,0.46271955912022583,0.019178477903124456,-0.025766400905741258,0.03421014093640678,0.42082289817212004,0.05387028170637853,-0.07762710082405293,0.31927066309532404,0.038325838145479886,-0.06310536514774033,-0.08086004224053833,0.3521070122417689,0.03342401894900875,-0.09029189477129615,0.002948509288263998,-0.003127030380246836,-0.004107637050712099,OSD-321,GSM4486054
-0.0005869764951947764,-0.0831459579166917,-0.24843296323323932,0.02880257926993629,0.06531027337222,0.499211845654691,0.09141718623997858,0.034669960167727325,0.13115282892743071,0.06417476725058034,0.16153790082256642,0.06826455912692582,-0.4375479021121285,-0.8307780737527671,0.0842371588535916,0.47171891624012313,0.017868120811866187,-0.028276140141362923,0.05870382967424703,0.41808919948668255,0.05620116793730709,-0.08141214375785057,0.31825100780521387,0.03690075255185087,-0.06589854347338893,-0.08380741608293886,0.3553897425348818,0.03327987199836858,-0.09165876555028717,0.0007869849399033081,-0.004853009513563764,-0.0066067999379174685,OSD-321,GSM4486055
0.00032339618588044254,-0.08197155287262393,-0.24412832500553489,0.028537152288239918,0.06357157503813497,0.49565120722084904,0.09184827057053636,0.03518639665409735,0.13025854144191468,0.06450968534683296,0.16662660506538957,0.06753771781072022,-0.44117769048658456,-0.8229199695856938,0.0840191352833564,0.46668720324221696,0.018082947222520695,-0.027813005756019898,0.06382179946946441,0.4335459035548601,0.05615409765122281,-0.08008965342500161,0.3050354137385454,0.03733039989404585,-0.06518022689105357,-0.08232837196869489,0.33134395030408936,0.03250116674358647,-0.09113052948980882,0.0027991230804691788,-0.004250742933602584,-0.005513392707603818,OSD-321,GSM4486056
0.012708610532261546,-0.05297992176708612,-0.2681037570403613,0.02062363343633881,0.03290979092925422,0.4403392634477843,0.08471207287592084,0.03130303122599235,0.07200730767687834,0.03895779949372947,0.26501432804388403,0.03929647596392382,-0.4689538094680807,-0.7141282615690292,0.057316088964095825,0.4310296293609288,0.014746093490544251,-0.025158841680603634,0.13216905683723543,0.4058552289823207,0.020673056061860578,-0.04291212392045932,0.36891153818600614,0.048776966988580715,-0.050582134282498,-0.06575656611536358,0.26238476646400727,0.02673750107429843,-0.060858755057211895,0.015005468562422066,0.021008278030424692,0.008776967662301767,OSD-321,GSM4486057
0.013695844958249354,-0.05027113284543616,-0.27662131403784834,0.019508502051380796,0.03152760269085806,0.43564524678399763,0.08251654147319369,0.03075420950929037,0.06698301837754049,0.03737860794995665,0.26995055469255963,0.03681688635473642,-0.4901958971524307,-0.6934005952322286,0.05479290653107756,0.4445004674528076,0.01534825468841694,-0.02439064694818899,0.1348137701900666,0.3977904190182537,0.017354859420063037,-0.03956018057232326,0.3746998859973245,0.04860248312922852,-0.04917292184292519,-0.06337769103278519,0.26343957083412933,0.02663290132721913,-0.05932964358365845,0.01577998898019484,0.022146886386152063,0.009504102115635914,OSD-321,GSM4486058
0.012850083434805695,-0.055024781044669874,-0.26669921668797414,0.02123653662859262,0.03340259138754143,0.4579757328123502,0.08732522480032573,0.03296357971713138,0.07760944135694596,0.040457248610815066,0.264008792051718,0.04212610127200239,-0.4679684144948778,-0.7047667462667626,0.05989775048664647,0.4076403187271048,0.014650691831984869,-0.02641520901880827,0.12907989412194568,0.42736103996151376,0.02399171664918165,-0.04560072363362803,0.38419010699740186,0.04874542249452117,-0.05206380799781608,-0.0668754571366389,0.2473943697817324,0.026244274705497898,-0.06139714681995601,0.01633797917024817,0.019960195907491162,0.00777907108187152,OSD-321,GSM4486059
0.012937457185180632,-0.053615197208215976,-0.2987743563988571,0.020544697554052395,0.03521095001485955,0.43404738730440195,0.08266174638820797,0.031285313354823846,0.07433533702558509,0.040125032118348725,0.25866702598876473,0.04034302070430241,-0.49511205017295984,-0.7084916333373384,0.056954999866328654,0.441638622913796,0.014933951295766015,-0.025385180414042623,0.15126444017712798,0.4053424173691445,0.02061234040368162,-0.04381083349275146,0.3620133319414956,0.04679529082027725,-0.051482935946674385,-0.06541115559246906,0.2672484706484868,0.027420955382684395,-0.06212433243367,0.014272902324681164,0.019559759559014785,0.007497456236072675,OSD-321,GSM4486060
0.007043876595979413,-0.07450522198488137,-0.26839750039847043,0.026799199703177876,0.05563131183107927,0.49002905831503785,0.0904950471939998,0.0327328808752548,0.1131438670159038,0.061738845121531875,0.2038677986204631,0.061982313066911744,-0.4590925360579128,-0.8091412916946222,0.07757693915872056,0.4505511749815105,0.015858879256213498,-0.02771258144387754,0.0739140036440363,0.3944306541471162,0.04541977431997611,-0.07440978603940565,0.31429471813450116,0.04027359963757157,-0.06297777853978229,-0.07801015166053181,0.3691542694252672,0.03400593130267276,-0.08271334258235453,0.006451700907203063,0.00079514625163697,-0.002792886234292562,OSD-321,GSM4486061
0.0037535229973670475,-0.07786365276091783,-0.26322106413047414,0.0260557784611909,0.05869160934681089,0.4723889415796241,0.0914527006102293,0.03420454305991725,0.12183209549278587,0.06515964703060949,0.1962853170588694,0.06629469751478351,-0.44901676983834704,-0.8098443872845827,0.07991357211420197,0.43099089287799963,0.0170203492225718,-0.02644431542433373,0.06373214733995772,0.4324745816265546,0.05049645599860026,-0.0776627454710286,0.30086112396708664,0.038506906701277814,-0.06374144570079887,-0.08038312766226875,0.3673314876181575,0.034333352039897354,-0.08794061388487928,0.0044276692617945725,-0.0016841965102028721,-0.0038387140659028288,OSD-321,GSM4486062
0.000322152136620116,-0.08735543528145717,-0.2114397140183315,0.030199201155366232,0.067362265277586,0.48790346744368335,0.0956615455570201,0.034985659007312674,0.1363839029273925,0.06812966220245938,0.1624633447436177,0.0706624369202679,-0.42303030079168996,-0.828664270407699,0.08714529837087034,0.4847514847169635,0.01852578046159845,-0.02865715040603721,0.0599297936595751,0.4226290198734227,0.06000520146245912,-0.08963634406874846,0.29444410967962287,0.037046987083127605,-0.06808683343465903,-0.08504713076950592,0.36712988129889423,0.0344159390646521,-0.09596595374669936,0.002575308299345358,-0.007057398072054581,-0.006948646218410024,OSD-321,GSM4486063
-0.0045146658057689925,-0.09288219322268551,-0.21740733927775155,0.03197648824562867,0.07209258138213681,0.5527789420809566,0.10040446467125103,0.03789776567944208,0.15431898607552996,0.07238836871194235,0.14020363627024976,0.07931925727181516,-0.39578384211083106,-0.867774858171144,0.09594899154700423,0.4305221076888764,0.01822492994513193,-0.030071169912851144,0.024638487280956134,0.45770878317619534,0.06901564900040631,-0.0987785712315081,0.3248168040726162,0.03683571598445255,-0.07134804603263092,-0.09185230010601046,0.3622442397622122,0.033197515991682754,-0.09771258864315127,0.0028552417809399773,-0.01238068156853131,-0.011470006410122836,OSD-321,GSM4486064
0.016887860781065123,-0.04950973010678841,-0.30604083469258353,0.01935263449225935,0.02913983410044149,0.4280953717459736,0.08417024934486365,0.03077312624902023,0.06612131772039215,0.03917836694128298,0.2838810332866449,0.03861597766291196,-0.4981276278470754,-0.7004751631256051,0.05432202484358639,0.40151389342687155,0.013151233910335665,-0.02577927852704953,0.16289643893693423,0.403338285628423,0.0160803185645169,-0.04164621371659229,0.3668598855995449,0.049049426252411266,-0.05005481403405983,-0.06326723674093124,0.2784702510164178,0.0279625256342772,-0.05676581503755409,0.018029919489363937,0.022922008250596055,0.009384525432567339,OSD-321,GSM4486065
0.013632173404872326,-0.05345247075451303,-0.27223373056371136,0.02035317990743865,0.03413241559173219,0.43333635653115204,0.0834647044325483,0.03085883772940375,0.07240470328649322,0.03958808485674386,0.2624511160818882,0.03943795185322877,-0.46942668530305887,-0.7104531624011321,0.05665555671838896,0.43672130443463864,0.014656700879737632,-0.02515522493624044,0.15494827228655986,0.40013123621636115,0.020427006781632607,-0.044109904747884156,0.35394745400367816,0.04705159098584512,-0.05076201788540984,-0.06537249791049715,0.2761363874087321,0.028011323561873077,-0.06200500287624474,0.014527280841626886,0.02034395362968687,0.008537532892846549,OSD-321,GSM4486066
0.013179677660553078,-0.05453028387451298,-0.24908581810265853,0.02096676617208891,0.034265956712495674,0.43483693725008615,0.08514599153641886,0.030873874796591164,0.07300281045990485,0.04084403378835441,0.2597033228893181,0.04099097143531945,-0.4639116586313019,-0.7120918163732235,0.057804954839448267,0.43068294259573026,0.015056773489395978,-0.025525672406234507,0.1278787874938803,0.38554638391303236,0.021308102934310492,-0.048484866214245116,0.3756637570873065,0.04700005679063892,-0.05133120273963426,-0.06603363198405918,0.29318966875839014,0.0285046981641643,-0.06205373765461214,0.015649470994173808,0.018854563333499354,0.00782695491851379,OSD-321,GSM4486067
0.013983263941308756,-0.05487953395760827,-0.28351144870050643,0.021739687489925535,0.03464024714057744,0.44326690243708183,0.08608439468262753,0.03219657822909301,0.07642177188863324,0.04145769983593888,0.2635675412698863,0.04154648196863329,-0.4935953766328904,-0.7102131975424192,0.059328739218833144,0.43181401879839953,0.014926537372293438,-0.026067440950148832,0.13373778912503725,0.4168581102615383,0.023005219168090892,-0.046420702761518474,0.36356713432547083,0.048675119448465566,-0.05266446198497664,-0.06592419771028435,0.276793435926727,0.0272374138241085,-0.06257546267322334,0.01630842694969822,0.019485651911602713,0.007842713195166984,OSD-321,GSM4486068
0.016366080659795366,-0.05064962322063391,-0.26122222992045585,0.020613629020852522,0.029603838834023923,0.4320717850783305,0.08460573817405127,0.03087747142168528,0.06778133703395013,0.0387581183312548,0.27757710837928923,0.03824473847341236,-0.48478543369898225,-0.6910738369157455,0.0545459744228304,0.41193978633878414,0.014071254393957601,-0.025041777210584593,0.14045982492695716,0.3961381610033404,0.016960342147411205,-0.04424039363109624,0.38621299462369735,0.04947529734253938,-0.05055864364618844,-0.06375338704757631,0.2761492289748154,0.027414563214477584,-0.057296301850358576,0.018696378837514186,0.021706296086572083,0.00934634525079443,OSD-321,GSM4486069
-6.6267257520493e-05,-0.07829281407359817,-0.17564459366903518,0.024784002313437005,0.05392527132493896,0.5992905511826232,0.09245997459824973,0.033682508033778376,0.1285759725293428,0.0727893917892628,0.2069365907906089,0.06717848237227568,-0.4448080249339139,-0.856968404910645,0.08692463008819525,0.4813413044060503,0.0208603444846149,-0.024638667656262908,-0.01567527807155515,0.4279543584504757,0.05077566650953341,-0.08664935666200772,0.34413505832364644,0.03690662741827142,-0.06505047859060512,-0.07816381384292984,0.35993865985696166,0.03166357664018739,-0.0909730662016709,0.011474634967267425,-0.010057644660300995,-0.008500034542380496,OSD-321,GSM4486070
-0.001691547414947499,-0.08498274258450862,-0.2858226171242175,0.029147767136646456,0.06767458143811234,0.5248654059512824,0.0920194791523896,0.03575823677933426,0.1365457271609378,0.06805617690205688,0.16051594810335534,0.07286558964029902,-0.45370454724271464,-0.8607440832376453,0.0874639132915319,0.4453241829603752,0.017962111177139736,-0.02868503260413152,0.023680551411811752,0.427569158563693,0.05923798550219351,-0.08330844021253261,0.32237441697588926,0.03548803957724992,-0.06792804409626363,-0.08669837361409605,0.3565671704199748,0.03481529374611568,-0.09296909177183202,-0.00016663157413878343,-0.007501778849831923,-0.008448432117337399,OSD-321,GSM4486071
0.002074637378953716,-0.0823417082022891,-0.2526493130483856,0.029435410142985088,0.06252351446768048,0.4831725217069193,0.09273010905768866,0.03488289665575386,0.12815927085554904,0.06350333880894461,0.17186468523910914,0.06594612380343363,-0.4531731577503488,-0.8071761564937967,0.08335655365375162,0.4656845358269232,0.017992248912982043,-0.028016722493782988,0.06581717163365211,0.4270572473231349,0.05581947918025562,-0.08103332080989054,0.3003988529151364,0.03851055280815416,-0.06556453632945523,-0.08148184603527237,0.3498249878434332,0.03314652428412342,-0.0902258745138785,0.004162642705349367,-0.0034040685651845213,-0.004590173734035901,OSD-321,GSM4486072
0.000520546318565196,-0.08539631913308296,-0.25099609503881204,0.030499911413262488,0.0670028348632683,0.5036883050177325,0.09415855732238922,0.035216586042692635,0.13590625633836093,0.06829636216430693,0.15958028460388035,0.07153036984504997,-0.42413590081947905,-0.8890024621724669,0.08685100477657104,0.46580230232376507,0.017549940798033584,-0.02890147530809736,0.05813218342720494,0.42152588075368447,0.05845289968207024,-0.08759062032695625,0.2836874017314021,0.03609496841960338,-0.0686524771366931,-0.08695656913811248,0.3768829436948958,0.03474293501115365,-0.09332431198050913,0.001935682158503393,-0.00684449186625372,-0.007469670707960639,OSD-321,GSM4486073
0.0015496545261695714,-0.082974816607038,-0.2542385137547009,0.028501997574354482,0.06393855057447916,0.521889958596758,0.09582607531421573,0.036040827286303506,0.13284108698499558,0.07054288452993782,0.18377530883120718,0.07342032034129917,-0.4152965202088844,-0.8806285383255636,0.0871895151398397,0.4194141926438403,0.016969260378642603,-0.028478197950615756,0.034915753433808545,0.4365309543065225,0.05694357782638542,-0.08421188079412571,0.3075297256235707,0.03746855043402716,-0.06780726255014811,-0.08679350411436561,0.3649898181548863,0.035749846949191075,-0.09131539959785671,0.002074069205401999,-0.004772548796972609,-0.0067165966890886915,OSD-321,GSM4486074
-0.004987310820011841,-0.08412211178108593,-0.2929041700794894,0.028187171775738068,0.062271101362951053,0.44160170954712424,0.11847720728330861,0.04521469703474674,0.1554907146338358,0.0662176387884354,0.15379889698393404,0.07697471811904848,-0.4885742670644888,-0.6416423731989513,0.09436533114397075,0.20178555228953574,0.016560809184702745,-0.023229927997783055,-0.1959658215589449,0.6252642200068382,0.06990674371457214,-0.10666646298353392,0.46021773870707566,0.059351552263487775,-0.06886226133142478,-0.08724950424497074,0.4015728058634777,0.018780645884600655,-0.07884670049295192,0.01861414440146236,-0.005529936407592607,-0.004463366389766564,OSD-37,Atha_Ws-2_sl-pool_FLT_Rep1_R1-FL-C1
-0.007067186800844799,-0.08740994279672534,-0.2917485896860989,0.02803784869694368,0.065683270860071,0.38244861035827,0.12092879515679889,0.047216852100943535,0.16401343087821835,0.07223589460137254,0.13549197885639908,0.08144938611371638,-0.4691654581401599,-0.6984512908129568,0.0966254632445878,0.1812874157182008,0.015994377525808248,-0.02143627766484907,-0.2508536877832255,0.6665568902806801,0.07641595697063064,-0.10916927383272997,0.40962544931157063,0.05765935951486971,-0.07065157557502236,-0.08896545834999009,0.4004745605678596,0.017855655990254238,-0.08565437956410746,0.014884527653486888,-0.0069543047956929895,-0.0039515526299651205,OSD-37,Atha_Ler-0_sl-pool_FLT_Rep1_R1-FL-C2
-0.010724347685250728,-0.09602150759116586,-0.29489025499748134,0.03311231804775047,0.0736158617051747,0.49536856393759393,0.10131767203046718,0.04271123814401332,0.1574135629520703,0.06291035860290536,0.10812296874451029,0.07388768095407067,-0.5790106901747889,-0.6313353555288993,0.09534543217364748,0.46507223590835417,0.02669188642732791,-0.02816999912533429,-0.1357254510833895,0.517494711075938,0.07811396730172614,-0.09370677803498559,0.46387171240300284,0.040422931052262,-0.07016240881163213,-0.08340581083451672,0.2661375532720411,0.02338556872490977,-0.09732416910096638,0.004282148954552017,-0.013372487480058438,-0.010371033034034166,OSD-37,Atha_Cvi-0_sl-pool_FLT_Rep1_R1-FL-C3
-0.01120966776093877,-0.09579998706999064,-0.26608297406280224,0.03493563440278848,0.07293777918742725,0.5578016541285522,0.1063188325849588,0.04362059679096791,0.16641787412122763,0.06624554627646298,0.10954275151777816,0.07864567638009,-0.5349015200972944,-0.6863768533576238,0.10168575387181426,0.40819888812066707,0.025701205547219788,-0.028630036084427418,-0.1385998112290601,0.5293013583614424,0.07848698758848263,-0.10261975929315086,0.4822718135700253,0.044396044772365056,-0.07245864589457839,-0.08780737137576355,0.36070636583474297,0.02472534845274181,-0.0933403261067359,0.006892754704736017,-0.01662593545232069,-0.012935161777504034,OSD-37,Atha_Ws-2_sl-pool_FLT_Rep2_R1-FL-C4
-0.009955437814372248,-0.0934260207682547,-0.28232256395566335,0.028435342995117928,0.07109612500627666,0.40869988844561084,0.12260645022617074,0.04794648652609095,0.17730401697993584,0.07714338465249443,0.10884522536820831,0.08831565397973976,-0.4758622588810083,-0.7208154034793163,0.10169759037688397,0.13126900961616123,0.014960228412947288,-0.02202778777791514,-0.27626652765772525,0.6666158210773687,0.0832055675747297,-0.12162376176995884,0.44650880738353804,0.05546112838113315,-0.0741863860009444,-0.09298961057658253,0.40448774612530686,0.017925494164219385,-0.0890082628071279,0.014647102498571245,-0.013536039753840575,-0.007677649648781367,OSD-37,Atha_Ler-0_sl-pool_FLT_Rep2_R1-FL-C5
-0.007573521085927491,-0.08377420784694269,-0.29124140405534693,0.02980638781093016,0.06408538500884789,0.5424005950520562,0.09240877897141586,0.03881267588357781,0.13927566881678521,0.057905557955908266,0.13885873362244053,0.06672798579879237,-0.5645009551815567,-0.6754275183674603,0.0882549757278136,0.45603479418291404,0.024264654135800912,-0.026407245124933275,-0.08107102571530331,0.4670821193010417,0.06271939737558788,-0.07983062687719292,0.48226411081160814,0.041237567025470476,-0.06494590691617186,-0.0793755133770281,0.3119171328590731,0.02588432265921985,-0.08747582582715897,0.0033149822697122406,-0.009791704095043579,-0.008730368666999657,OSD-37,Atha_Ws-2_sl-pool_FLT_Rep3_R1-FL-D1
-0.004022154889163094,-0.07716370001993486,-0.29057804453469804,0.02629524198873646,0.05572490681871974,0.4256526002209613,0.09265000549800677,0.03768297508523558,0.11829234659259398,0.04762311421177545,0.15930059107384917,0.05559576768646472,-0.5908530740784832,-0.5824455512374377,0.07624822349537375,0.46858827095793437,0.02560027151860847,-0.025785088380703893,-0.02739855053268276,0.46579741940121683,0.054121449760018044,-0.07059305159549176,0.46974451281976487,0.043453153297725984,-0.05923965769047504,-0.07156846659221641,0.3009250417617441,0.023444094601162542,-0.08083421683094616,0.007310316584562771,0.00035257559880906493,-0.001905057041886785,OSD-37,Atha_Cvi-0_sl-pool_FLT_Rep2_R1-FL-D2
-0.01762047629166755,-0.10852818000277163,-0.3144896623516954,0.036946834895065235,0.08664882113925619,0.5205975007652327,0.11104651542660107,0.047733810471370805,0.19039577495363813,0.07394419665301082,0.07195174125705525,0.0899502271328557,-0.5554018215058679,-0.6704557996537887,0.11097335944544434,0.3988804654379134,0.026684215751110747,-0.02993604826181475,-0.16565358445121398,0.6036875299329599,0.0958779949803298,-0.11279959240452975,0.4522122420054588,0.042225553771971375,-0.07776932040887635,-0.09430912116000646,0.32483661122499335,0.023618502740305865,-0.10708745700765462,0.0023110759611742124,-0.022613046879713432,-0.016283371067747725,OSD-37,Atha_Ler-0_sl-pool_FLT_Rep3_R1-FL-D3
-0.003543512417858108,-0.081808864672344,-0.2867554798505683,0.027354223259379102,0.06192621503070505,0.4206704882115712,0.11602168401990626,0.043775568953931074,0.1530393630818183,0.0664712770376318,0.14486051547424095,0.07404205939181249,-0.4836892356971601,-0.6584326716274496,0.0920328667266085,0.20339758161257032,0.015203492464571531,-0.02056019367020998,-0.21742640080463807,0.6143470352451037,0.06854580672380857,-0.10499988209395764,0.4288384870759357,0.05944610841814973,-0.06807839783673046,-0.08499445518716463,0.4161957950191844,0.017981028307671156,-0.07824433314718036,0.016571409382481687,-0.005816409707984718,-0.0028110004131898553,OSD-37,Atha_Ws-2_sl-pool_FLT_Rep4_R1-FL-D4
-0.006796780924246053,-0.08461452506125407,-0.2777495570125826,0.02928419614438533,0.06397100769855832,0.45823074325842983,0.09498838635775961,0.039159562006226584,0.13393629217523587,0.0540818235444602,0.13330969440353777,0.06214390084657058,-0.5791093788510827,-0.623335738493429,0.08425765416385729,0.48644516184185677,0.026483181120137655,-0.02646865321123558,-0.04751519045684415,0.47753282544088543,0.06260742420486703,-0.08207048900811245,0.44920261542333645,0.04137703009207682,-0.06388448653239731,-0.07627918972779603,0.3040575032893068,0.024108981989550148,-0.08829389304579803,0.006612633127185606,-0.006032115798844944,-0.0054237227460396855,OSD-37,Atha_Cvi-0_sl-pool_FLT_Rep3_R1-FL-D5
-0.0017189167705984653,-0.07522777156483185,-0.2596382347743512,0.026341111464349906,0.05591967781081499,0.4924374193755706,0.09828400284259184,0.03776823443084471,0.1215776869273016,0.054085028568860605,0.18287886069034517,0.05898678324689565,-0.512406093730496,-0.6488037383654913,0.08184697452568584,0.4335280765282709,0.022730056016327545,-0.024355937481441495,-0.049632797835976454,0.48044423341629267,0.05187686780032906,-0.07809877045789547,0.4297819750707044,0.04862914936190576,-0.06132968054138159,-0.07680300360598297,0.34903333038653106,0.0256151019595946,-0.07931296160358765,0.010989671111491378,-8.142937513430793e-05,-0.001953048472272671,OSD-37,Atha_Ws-2_sl-pool_GC_Rep1_R1-GC-C1
-0.005942738718453083,-0.08644419811265659,-0.26606728553988535,0.029129642254710774,0.06430232585901867,0.48379802839664343,0.10307075627444859,0.04115465095121378,0.14373552780475082,0.06374932489713366,0.16259237012504507,0.07167360521836846,-0.5364867750988183,-0.6552711333943031,0.09034493190980251,0.4117187332500969,0.025251920260305455,-0.02592389763171308,-0.09857458292923195,0.52345406238298,0.06429232159703269,-0.09267031298200931,0.4580396750220744,0.04588254332583439,-0.06758363586274647,-0.08233408881099612,0.39220484164756264,0.02714541149424102,-0.09004166970904777,0.009533725768361532,-0.009191754262465435,-0.007481539197219716,OSD-37,Atha_Ler-0_sl-pool_GC_Rep1_R1-GC-C2
-0.001256382349593316,-0.07776851518380506,-0.3174383937376476,0.026177946135633037,0.0571833092247221,0.47831767053791985,0.0937677231123039,0.03654020464282949,0.12118921259485323,0.05569422100654208,0.17565853326117498,0.06025920187982209,-0.5481297561572785,-0.7020927138821129,0.08068144812939794,0.44690349962246084,0.022963999375460207,-0.02638061288356282,-0.007359367120553849,0.45369666826464705,0.05382541476786585,-0.07599016141206816,0.3928559790739676,0.04173817206239994,-0.062121451700638604,-0.07587129458316037,0.35321657624736663,0.028221372509482784,-0.08276316700007628,0.006964153114757026,-0.0022529918595092856,-0.0035079901924202714,OSD-37,Atha_Cvi-0_sl-pool_GC_Rep1_R1-GC-C3
4.040097057813481e-05,-0.07428737640598677,-0.2581224752719114,0.023528263173825177,0.05650200906487999,0.37810934828452203,0.11378552470583038,0.04077560438557353,0.13769691825409477,0.0652624340239749,0.16614314560544727,0.0691340091049151,-0.4083719012302917,-0.7276334689267991,0.08337937304650198,0.1691571512535451,0.01119475232176804,-0.017339749739525883,-0.20642451826186312,0.5704935656842098,0.05542698002651666,-0.10143064809838673,0.40080800299288866,0.0590906675383808,-0.06567605342898497,-0.08564849194456,0.45453520425113986,0.021856712850886948,-0.07250725751213888,0.014830396377856271,-0.00037011756722589824,0.0007428046091777229,OSD-37,Atha_Ws-2_sl-pool_GC_Rep2_R1-GC-C4
-0.0038321388826302373,-0.07903396740087414,-0.28353934410509296,0.02548585424514443,0.05943015559596226,0.386861155549179,0.11661718960705791,0.04370466961113031,0.14657139566147703,0.0672682313399034,0.1610259857550437,0.07444142785668838,-0.41934659797985324,-0.7283070144390278,0.08953816350968043,0.16442540307546283,0.013594453502658362,-0.019705231104791075,-0.19169337509334264,0.614924780885924,0.06351734913964738,-0.10119647950943339,0.3992931361785563,0.058548629593052126,-0.06709352515363341,-0.08819554162050233,0.4307939591522745,0.02216553046255451,-0.07683033660398718,0.012954242844430862,-0.0010602826359240075,-0.0008272527907539494,OSD-37,Atha_Ler-0_sl-pool_GC_Rep2_R1-GC-C5
-0.0037728142396174415,-0.07840313632238743,-0.28598453066045626,0.025338127576054536,0.06153634658567109,0.36318981325185257,0.11397352181235239,0.04273687689453157,0.14684504950088512,0.06491217627589932,0.13682345359030806,0.07148726454633995,-0.42246633453835114,-0.7277897781802141,0.08677181768340764,0.17606128627884218,0.012209665511748045,-0.01812807181592577,-0.22183878562204573,0.598050274737123,0.06274304298497957,-0.10133858096287911,0.39963644324369135,0.05809562648823034,-0.06720033669180148,-0.08730036823367646,0.44659962737284825,0.02043363355375857,-0.07647700783806817,0.010719120639861092,-0.0020313504617406213,-0.0002283758645585367,OSD-37,Atha_Ws-2_sl-pool_GC_Rep3_R1-GC-D1
-0.0033570243642513805,-0.07590087422865141,-0.3016313146840613,0.02581402989970046,0.05694155593483464,0.4706749340551486,0.09113913761566134,0.03590343167474695,0.11564657200066504,0.05190242797625669,0.17122281417087434,0.057061844467431934,-0.5369134132532564,-0.6870027119303612,0.07817200699573426,0.48023254095000895,0.024250935029913566,-0.025175574194758566,-0.033500760150204305,0.43321523187706557,0.05041364188993398,-0.07162346021517335,0.41543721168795805,0.04151289592455158,-0.05998617771188254,-0.07565042814429296,0.3365465718801631,0.028188590197129552,-0.08221826952893158,0.005682443318788434,-0.0008918678902701436,-0.002664491120812418,OSD-37,Atha_Cvi-0_sl-pool_GC_Rep2_R1-GC-D2
0.001992511852791041,-0.07318361305822499,-0.2653078733626648,0.021675006757747205,0.05138528682938227,0.32710722476339904,0.11710274914283494,0.041740340491165276,0.13142517540535034,0.06433943531317678,0.1908031478384257,0.06801411285651607,-0.443362829131404,-0.6717137469163258,0.08092227298953986,0.13526726124294708,0.012575935036663509,-0.01726236317510932,-0.211230436846924,0.6008572741184032,0.054967381435307106,-0.10041219035867091,0.4115948535975612,0.06141376702077052,-0.06390548303295102,-0.08219044683047451,0.4580185855723864,0.021481029954650788,-0.07192411597083295,0.01922574029445072,0.0023564046972009444,0.0037728789758716508,OSD-37,Atha_Ler-0_sl-pool_GC_Rep3_R1-GC-D3
-0.0013579651906154555,-0.0764663089732835,-0.2684850419737039,0.0279048329031555,0.05695439383316029,0.5164116884688285,0.09388588577074924,0.03553180582026212,0.11920596378292182,0.053520233923417315,0.17619473167908106,0.056089174026553924,-0.5120101530582373,-0.6851662291510066,0.08218116915509054,0.48774560857379184,0.022809161672705552,-0.024709750217466075,-0.049067912878615935,0.4336042743189296,0.051674281856261176,-0.07445587294061502,0.4114558361755456,0.04669665265460279,-0.061820195322899216,-0.07543199073317049,0.36755397267175133,0.027164769310930453,-0.08137290087170014,0.006823578920920035,-0.001415261681259409,-0.0026162773639992,OSD-37,Atha_Ws-2_sl-pool_GC_Rep4_R1-GC-D4
-0.005202802638975502,-0.08098761170130082,-0.30135905384597045,0.02928224341566856,0.06161160412997851,0.4936000035053042,0.09421426303762279,0.036687758524419585,0.12527955898577744,0.053861735540792606,0.14860613682260335,0.05936831324109686,-0.5351742219673253,-0.728266988002844,0.08405518616592897,0.49985201668418383,0.02465960582397879,-0.026368734492249354,-0.06468161526599306,0.4372035251192073,0.058288385538961665,-0.07745216239647698,0.3941975676473159,0.042073087839290514,-0.06315333156933754,-0.0783360596074774,0.3544704908905144,0.027420499184301696,-0.08562388211555266,0.004504352122370868,-0.0038815885510970196,-0.0038370370382415234,OSD-37,Atha_Cvi-0_sl-pool_GC_Rep3_R1-GC-D5
-0.00424919630166509,-0.08443509158362196,-0.24244715024939395,0.029045409754964873,0.060253811704832815,0.47134442054600045,0.1157696442361336,0.04441484397579471,0.15168953656921866,0.06368852985772194,0.15336849324641902,0.07345257632693,-0.5086588461078787,-0.6109807906301007,0.09270256453470341,0.23638610809383348,0.018719902580524073,-0.023257855822266346,-0.18614053192543406,0.5896500044723026,0.06789012784315389,-0.10593875959783411,0.50929603576322,0.057363725921371136,-0.06852165898848046,-0.08469131992957192,0.3572317015285505,0.01912349112478078,-0.07827539925085389,0.019683122129632902,-0.006376815637514208,-0.0045291944599407845,OSD-37,Atha_Ws-2_sl-pool_FLT_Rep5_R2-FL-C1
-0.008865774533647688,-0.08582348437919239,-0.30869212743033897,0.026689789639220862,0.06542310833446142,0.4249881618700325,0.11590797706332548,0.045410646077730064,0.15985382513086363,0.06904473971107569,0.1366079639222302,0.0798589251684256,-0.4987681568276436,-0.6447302313508281,0.09555151676894687,0.19219102943780816,0.01770133678394728,-0.021484625945087977,-0.2202361576443806,0.6331649749629896,0.07411972891753123,-0.10600070376787647,0.45433253868423673,0.05569150458850139,-0.06822738672359113,-0.08744754774035436,0.388784755650301,0.019113852783009515,-0.08267261195843355,0.013492149754416746,-0.00828851645602754,-0.005664912871377196,OSD-37,Atha_Ler-0_sl-pool_FLT_Rep4_R2-FL-C2
-0.012206909555446432,-0.09818267381634961,-0.2649810316410293,0.03406782506762489,0.07512923243413847,0.5034109959946865,0.10163778164348064,0.043177900254331145,0.16331817556849612,0.06378553886109993,0.09266910743006058,0.07595872539106277,-0.578070337497952,-0.6177640822533951,0.09674083333962893,0.45603664186124304,0.026989561221766784,-0.028348306220396063,-0.13335149190558412,0.5191845308080317,0.08153965664549831,-0.09747292654827684,0.48793895992083025,0.039352295295298184,-0.07098806361059555,-0.08416312125318022,0.2416923498955262,0.022796588455407708,-0.0978236739107712,0.0039611431439561095,-0.015924617716958876,-0.01163057022210023,OSD-37,Atha_Cvi-0_sl-pool_FLT_Rep4_R2-FL-C3
-0.015591078535238069,-0.09888542278950385,-0.28368585811840197,0.0351783022567453,0.07627063849847053,0.6194714536082357,0.10176308427735567,0.04218335887570072,0.17290442398117434,0.06802352576469822,0.0924562903828324,0.0836591791982207,-0.5571835487523761,-0.6875552415756503,0.10395466656527895,0.3813453489949263,0.023744567479906407,-0.02885756828021175,-0.15777687772048699,0.48587367672802356,0.08115681706534845,-0.10725317003611662,0.5678318859393546,0.04131049673146285,-0.07289073496208286,-0.09153867273932341,0.3188573675334109,0.02552356844406678,-0.09333957194255292,0.0031857168958948495,-0.022248777660433306,-0.017818698366495463,OSD-37,Atha_Ws-2_sl-pool_FLT_Rep6_R2-FL-C4
-0.011566443093134945,-0.0959527540169103,-0.26620055166301904,0.030135768920301485,0.0728648769236434,0.4320664647892289,0.12234158798224704,0.0482420800342275,0.18070573223007125,0.07677685227986893,0.10059283385939098,0.08918188959853704,-0.48614388061466773,-0.707006754088412,0.10348195480198014,0.1495450894537534,0.017099413733487924,-0.02265607629204358,-0.2694844797511997,0.6550144144477235,0.08510035345469713,-0.12504357743531083,0.4684258718411117,0.054071651157211256,-0.07495471065387412,-0.09390962820263576,0.3978657264931421,0.01869543960048308,-0.08981682844425566,0.015515498790732838,-0.015859783979821032,-0.009203483378798899,OSD-37,Atha_Ler-0_sl-pool_FLT_Rep5_R2-FL-C5
-0.0049699317214734785,-0.0872976596535639,-0.2611403070518262,0.03239919226326245,0.06607599377905223,0.5877802087163381,0.09354211490981848,0.03839853849607275,0.14239924634806175,0.05976074956527838,0.13839175493894135,0.0683278099993136,-0.5657865364148468,-0.6715784839686838,0.08968527737896372,0.4578820896369601,0.02406173987800681,-0.02742575089976347,-0.07046519170726542,0.42957019361701115,0.06297824576307216,-0.08935538069008676,0.5119462483757196,0.03990839246123952,-0.06797175836620026,-0.08229919455610969,0.2844610323586626,0.028036851907589956,-0.08696052969872017,0.006732019463966888,-0.012410609563963424,-0.010664700131608614,OSD-37,Atha_Ws-2_sl-pool_FLT_Rep7_R2-FL-D1
-0.0030689439219379836,-0.07809446128986347,-0.2688465007044438,0.026554720423425063,0.05601622748298679,0.4600843358654255,0.09238269003059306,0.03714535477297536,0.12094149851121416,0.04957486281002601,0.15633348108185352,0.05621273336158141,-0.5759421059892532,-0.5922011584103904,0.07732560823565773,0.46471742906841074,0.02529378988137078,-0.025562002606522416,-0.01634942953124002,0.45169115014458455,0.05464429745679806,-0.07394501890385434,0.4808672131152273,0.04221799443267971,-0.060443152823038894,-0.07232542504793313,0.2899962842503084,0.024450323394943997,-0.0804412500569665,0.007787395001313925,-0.001701062138258799,-0.0032064778376119756,OSD-37,Atha_Cvi-0_sl-pool_FLT_Rep5_R2-FL-D2
-0.022026893558291415,-0.11779054500896141,-0.285993743594847,0.0401670357398461,0.09445161861379585,0.5477839148405567,0.11303770957009726,0.04920328249466771,0.20584120384996457,0.0777801092763998,0.038062506261561706,0.0959814280783357,-0.5603183796178436,-0.6684242135310747,0.11839114135480719,0.3990502706322159,0.028398597589880368,-0.031337391274346066,-0.18604035533151675,0.6028261917355565,0.10681486265870087,-0.12382002947254918,0.47227707312776657,0.038844667114884636,-0.08161408204974246,-0.09847172113152254,0.2908803975345934,0.024205391598747336,-0.11362248358857202,0.0005349182596609563,-0.029147507538833117,-0.019944449274868735,OSD-37,Atha_Ler-0_sl-pool_FLT_Rep6_R2-FL-D3
-0.0036542389808631374,-0.07803365217682026,-0.33526583493583567,0.026075671939250412,0.058345531624552256,0.4528611389704763,0.11875532492236211,0.04422686876080106,0.15619386373903107,0.06678579852492324,0.1507089357505248,0.08024763510048492,-0.4950558788012557,-0.7389996771152983,0.0916387582238148,0.07010563492007944,0.012294531186357378,-0.019955451408949738,-0.26520951448562824,0.6135433942668673,0.06755924569213857,-0.10825319389002634,0.48742214580541476,0.0611268490954905,-0.06774855517005794,-0.08987838343523967,0.570540170727502,0.01893848598361855,-0.06942357907064313,0.014756310482028872,-0.007541630415641339,-0.005118403053296548,OSD-37,Atha_Ws-2_sl-pool_FLT_Rep8_R2-FL-D4
-0.01194376979722502,-0.09302507494142442,-0.25462597141550253,0.031487711267140985,0.07176787800373649,0.5077540683658184,0.09575951475257227,0.040266802394654105,0.15325975485157065,0.05881613285271884,0.09416310275975326,0.06955334938181641,-0.5809907393924845,-0.6172338982347102,0.09196952387842955,0.47268674156792223,0.027577524654938287,-0.02722257518095165,-0.07309204579382643,0.48341780686179536,0.07414982004855579,-0.09254525133425637,0.4869870247987434,0.03780018822752404,-0.06756329441566557,-0.08050070905889094,0.2640885173772827,0.02387009484238223,-0.09348119446486237,0.003920780860893282,-0.014724802478025496,-0.010583290389418219,OSD-37,Atha_Cvi-0_sl-pool_FLT_Rep6_R2-FL-D5
0.00035448833235968846,-0.07378141940134281,-0.18597452785275628,0.026160513095294324,0.050825867622020585,0.5571260552188655,0.10167644957225333,0.038004170828888253,0.11941580150790453,0.0579891253662203,0.21343023606620168,0.05836961160070335,-0.5070570176089649,-0.6565396897633586,0.08368106063910001,0.46061823338089924,0.02431502283593874,-0.02402027759284804,-0.08924024442617005,0.47374220407834083,0.047252161879147506,-0.08398304237801145,0.4681705412950893,0.05067110778336256,-0.0630144619789439,-0.07603302746524913,0.34300403582378663,0.024941770053707707,-0.07892995439276007,0.019374922618908823,-0.0012362639216119632,-0.0028985964360162503,OSD-37,Atha_Ws-2_sl-pool_GC_Rep5_R2-GC-C1
-0.011752499800460893,-0.09499773516243504,-0.16054012991817948,0.030472912580131573,0.06705833162835768,0.5823589432937726,0.10922593677081216,0.043822869619535604,0.1625055696242077,0.07224475203123636,0.1502301521491417,0.07727931378042345,-0.5588170786930157,-0.6436362351378178,0.10159108197480383,0.4404423250310922,0.0308608674003962,-0.025168120494654972,-0.1747059602162677,0.5540668199697277,0.07536972824524407,-0.11043894107733465,0.5005856545769464,0.04395007328808862,-0.07154208369444562,-0.08378748181087935,0.3362022334551501,0.024021558762076272,-0.09863088699548955,0.017435256127367134,-0.01896725977709499,-0.012003405053764505,OSD-37,Atha_Ler-0_sl-pool_GC_Rep4_R2-GC-C2
-0.0008478996503771829,-0.07747770947087439,-0.23495536445205417,0.025424421668222546,0.0532021304761183,0.5458218430810847,0.0967692457431302,0.037258168014246126,0.12322960965231121,0.06045786421869132,0.20027990318213268,0.06052461730903138,-0.5433203944820231,-0.6937385193279569,0.08353415428970334,0.46432533295303674,0.02566186462059663,-0.024646381199498447,-0.05041273926279294,0.4641031143954751,0.05186157331626018,-0.08231954078135986,0.4284467102834094,0.04255837109671477,-0.06345795689565052,-0.07510793599293529,0.3338894025107856,0.027336344590533836,-0.08402697684743236,0.014005972789210494,-0.005055111359067538,-0.004839284698186429,OSD-37,Atha_Cvi-0_sl-pool_GC_Rep4_R2-GC-C3
0.00088775597407897,-0.0699469741491241,-0.16995542285596493,0.02210791318976767,0.04553978601833792,0.4744008048098823,0.11580790761202756,0.04061967005728957,0.13064877255307736,0.06471510278963999,0.20374193687483177,0.06419186279391768,-0.41483776310988174,-0.7010999119168797,0.08458374932667273,0.18909828894371503,0.014522082747436594,-0.016616588779590227,-0.23196931014973535,0.5731973998131129,0.05055801541578601,-0.0999805992804623,0.4717508036368881,0.06274232623839467,-0.06375510950368411,-0.07995796580558596,0.4238243498107865,0.018936665617161334,-0.06816380719237736,0.023317269321378835,-1.1969158316078122e-05,0.0014802321119379278,OSD-37,Atha_Ws-2_sl-pool_GC_Rep6_R2-GC-C4
-0.0062100418709003565,-0.08490920446443244,-0.22132688712224194,0.028460983260426974,0.06229267303022581,0.4258614201908816,0.12084541107632712,0.04593665870669712,0.15736833649027848,0.0703445272700492,0.15150277160162537,0.07761160428773181,-0.4168287802982626,-0.7264869511445243,0.09608447303905815,0.19654298733492978,0.01707638883094867,-0.020857329055505032,-0.19939183994296347,0.6328882682922106,0.07015649002252483,-0.10967148912895515,0.4125321550273717,0.05809424915866947,-0.07000422629642038,-0.09005652334968998,0.4150663017490099,0.021750159920225293,-0.08222441607648025,0.01609147897002579,-0.004952069856189982,-0.0028199721536340005,OSD-37,Atha_Ler-0_sl-pool_GC_Rep5_R2-GC-C5
-0.003694038490861723,-0.07828620680287739,-0.2798474105269561,0.02500390701580102,0.06011533049558441,0.3715562505953935,0.11344502597451443,0.042257718520244916,0.14582601185940444,0.06378947335336319,0.14397404287664736,0.07006673319970479,-0.4421719618864487,-0.6926891180414153,0.08684760389644446,0.17113280189051408,0.01285825436854517,-0.017725347385821457,-0.20049990749244037,0.6050670224698264,0.06320632092179995,-0.10112918923927171,0.4022226549635827,0.059079336435863807,-0.06622761154516305,-0.08553992469356174,0.43039043182147807,0.019970552009621792,-0.07589183184238937,0.012561597476791638,-0.0019723601629283954,0.0002496120964837239,OSD-37,Atha_Ws-2_sl-pool_GC_Rep7_R2-GC-D1
-0.0027874765781746936,-0.07446110786112334,-0.290100083163975,0.025822909262919223,0.053818681794775274,0.49243960111226676,0.09189499765183867,0.0352206627365348,0.11238311403316965,0.04988554831807278,0.1734490548959519,0.05503061473415273,-0.5516603004581316,-0.6733974173453398,0.07707148308420826,0.458566432032195,0.024098938458643405,-0.024671593597699944,-0.04744860672868033,0.41741082326048773,0.04957299819226022,-0.07409478842465127,0.4347322818418717,0.042348477202435286,-0.05899651302762093,-0.07521351466534458,0.3093390794874442,0.02686575624793912,-0.07758453609720083,0.009940051480661112,-0.0006542092210208114,-0.0019097051255805879,OSD-37,Atha_Cvi-0_sl-pool_GC_Rep5_R2-GC-D2
-0.001477597191971156,-0.07479276659033304,-0.26303760308585744,0.023470327701270152,0.05096287076070383,0.3816501260654295,0.11522970055994038,0.0420505586624512,0.13187932493683677,0.05975039408848733,0.1902184789725208,0.06667213804338747,-0.4981059241319032,-0.5938477867863166,0.08303030299355815,0.17732346737003404,0.016529993465127298,-0.019309698180531836,-0.19227333054477314,0.5949253731029771,0.05748843593628314,-0.09871156922579936,0.4696953979354378,0.0613915044801861,-0.06267668915585299,-0.08084563316288541,0.40450679984135274,0.020092565518827727,-0.07114691655753144,0.02223135082069649,0.0011990042497473864,0.002133264162168281,OSD-37,Atha_Ler-0_sl-pool_GC_Rep6_R2-GC-D3
-0.0016811586581289208,-0.07368610811683715,-0.2515092457173047,0.027803633164185635,0.051954324982942335,0.5379807757418463,0.09453414382381027,0.03553588301840926,0.11349899299192136,0.05013734457978082,0.18325777552239036,0.05231426338643011,-0.5287174269905757,-0.6851715968636449,0.08146774783661315,0.490811471434677,0.02388669513213218,-0.024349658534287503,-0.08864758927530199,0.43531474161050965,0.05137765796757537,-0.07059833781359769,0.42357412648793025,0.048548260416260876,-0.05964578269777358,-0.07341319820093632,0.33789735675852145,0.024617109906034804,-0.07849205416189213,0.010851065023425567,0.00042344697260701116,-0.00039122853116499087,OSD-37,Atha_Ws-2_sl-pool_GC_Rep8_R2-GC-D4
-0.0024702880209206564,-0.07909517424965568,-0.2922956984801984,0.02812803060721591,0.058513542854733355,0.5017507390840137,0.0942130688866057,0.035555039119017605,0.12024153221121764,0.053990963983328054,0.16631959795771342,0.058574260522600494,-0.540883743955385,-0.681933532155818,0.08152526010596443,0.4644966851474751,0.023017611178963632,-0.025650886640409355,-0.05243560565635997,0.41701933601292623,0.053852562286248185,-0.08029235287312655,0.4244824810944211,0.043338521968255654,-0.06268692469657594,-0.07783455420413882,0.3354241874456532,0.02833102028292886,-0.08123224995960482,0.007893334951954612,-0.0029116067044229936,-0.0035589785192997555,OSD-37,Atha_Cvi-0_sl-pool_GC_Rep6_R2-GC-D5
-0.01906568411194037,-0.10839155851529025,-0.2548423401093104,0.03814821103395386,0.08272790070723574,0.5263614893579476,0.11827569877355724,0.04882475986702139,0.19722530093806828,0.07688515064501518,0.06392479519045698,0.09340992918690035,-0.4791151075630782,-0.6975671758888413,0.11528597028633931,0.3301297753662802,0.026193994914944646,-0.028066503021804863,-0.2010869782578564,0.6110383399840098,0.09992616660393179,-0.1211909921585873,0.45406931745388385,0.044806975168627895,-0.07704091657744647,-0.09666202457656314,0.4059640336974336,0.023007997277097538,-0.10307294367785226,0.0029556368556681403,-0.023822903780674465,-0.01699818423000586,OSD-37,Atha_Col-0_sl-pool_FLT_Rep1_R1-FL-A1
-0.018212549978860477,-0.1051860116184104,-0.2589871472198523,0.03653193557639571,0.08204704747267139,0.5263844742534489,0.11649975158070273,0.04709696342796567,0.18870240747983985,0.07399038779860526,0.07481895432068841,0.08920858541358632,-0.483952724962266,-0.6846402769970306,0.11205969329255826,0.3455158876866956,0.026098554935516736,-0.027029792925867706,-0.19963322545777126,0.5922196868018834,0.09505202191388523,-0.11830609164430511,0.4408153727056531,0.04643515817395076,-0.07517945561974815,-0.09583235015508322,0.4062524696182322,0.02333596813838252,-0.1005670221235034,0.0045434724521079065,-0.02134776491396927,-0.01487068186834249,OSD-37,Atha_Col-0_sl-pool_FLT_Rep2_R1-FL-A4
-0.018179650194567496,-0.10468941222003726,-0.28353554749317017,0.03675310909239272,0.08144803674470447,0.5116289332317122,0.11703825018218737,0.04849067912171493,0.19181307470515524,0.07354479826053867,0.06827101811270192,0.09018795084143016,-0.4898460713922804,-0.6693608835869794,0.11142747757727149,0.32387569788948084,0.024855948622834495,-0.02691652787379388,-0.20664336840933942,0.6205071296987742,0.09620409732902895,-0.11715265450961719,0.4671354898225033,0.04755593332233322,-0.07566176167383529,-0.09547997192130118,0.38476813440661184,0.02054075063246021,-0.09886396600378998,0.00365330526922813,-0.020736028328572565,-0.01518056787855611,OSD-37,Atha_Col-0_sl-pool_FLT_Rep3_R1-FL-B1
-0.0184213228624831,-0.1082265406687885,-0.14320283314036358,0.03699011406362445,0.07837086908495257,0.5730757847567025,0.11631577239157118,0.04732816557442077,0.18846014000923297,0.07492980777703996,0.0793854471247173,0.08653617003142088,-0.4791601552891687,-0.6585921787731148,0.11314669109245788,0.43435094659381646,0.03158775714622155,-0.02784118973247964,-0.21110791043342103,0.5667076542891758,0.09535147736043931,-0.12080067164461054,0.5027294699143123,0.04201185856726254,-0.07584011863711869,-0.0914379226101829,0.35046671755893394,0.022782031147232915,-0.10618798428564016,0.008418475713932417,-0.025328008874850313,-0.01650239957865451,OSD-37,Atha_Col-0_sl-pool_FLT_Rep4_R1-FL-B4
-0.008995010760205023,-0.08727440310677095,-0.2657645459729806,0.02987950387980397,0.06862371832600424,0.48770497123086026,0.11219745678250513,0.044119417076729624,0.15527388295164163,0.06732650413526889,0.14392567717409588,0.07727615262870778,-0.41404439558781403,-0.6849769420377197,0.09797074275390173,0.3354238236563798,0.021680176110221383,-0.024156196320264337,-0.11719046931761058,0.5737412552868413,0.07084016081406076,-0.0988202478047155,0.40800415166172854,0.05152945172883335,-0.06816985076723625,-0.09072647909568834,0.42485683041879924,0.025745349517237864,-0.0881336110896302,0.006722406785992549,-0.006625890791926978,-0.007038222133722234,OSD-37,Atha_Col-0_sl-pool_GC_Rep1_R1-GC-A1
-0.010618064224062864,-0.09230297159662453,-0.23008179686859534,0.03174913736597608,0.06805435381902761,0.5380809968849173,0.10656652541715142,0.0428155438095207,0.15530500272109213,0.06281083795223245,0.12604008743017403,0.07302709951672337,-0.5026046165804434,-0.6422282153619708,0.09833347923460364,0.39534791221636806,0.026638677536646938,-0.0262135458204997,-0.12068824739912723,0.5258477188677603,0.0757619841734,-0.09850288536006203,0.4629297785103473,0.04549013690200284,-0.06792312192816613,-0.08508812575147412,0.36117288575618606,0.02464788718917984,-0.09170314012897621,0.008558682231241196,-0.012462108081931773,-0.008663350403362673,OSD-37,Atha_Col-0_sl-pool_GC_Rep2_R1-GC-A4
-0.012704099143558464,-0.09431948315707764,-0.19897475212450166,0.0310973995372745,0.06953715844374354,0.5475165834369203,0.10301730609101407,0.04114623736542165,0.1534515677898017,0.0639003436596954,0.12020791597754192,0.0727494763116806,-0.5112389089547273,-0.6434415407528586,0.09821702585815527,0.4480599826983858,0.029365833210317577,-0.026433423687762105,-0.13377981673715067,0.48050299529585605,0.07633133590806075,-0.09840090333840523,0.477010506222945,0.04056852757621724,-0.06722403049200538,-0.08394812822504978,0.359147610850577,0.027234075064411153,-0.09624910238237908,0.005790480585051817,-0.015413382160419334,-0.010335980878883018,OSD-37,Atha_Col-0_sl-pool_GC_Rep3_R1-GC-B1
-0.016502750066361482,-0.09915900545259271,-0.2248365630404163,0.03250957745496024,0.07476962894471635,0.5451966273612014,0.11371485331799383,0.047079089634995686,0.17488969344945096,0.06958231177440131,0.10655390644429913,0.08363719751155013,-0.47165576168302265,-0.6414542820608523,0.1073939439842982,0.33921373028343527,0.027868374935208783,-0.02629221747880528,-0.15610283449581475,0.5910923379058861,0.0864501580106989,-0.10918950662037877,0.47971991191517205,0.04591280532405121,-0.07124192208439947,-0.0922444670737291,0.3726611348537294,0.024616970902228356,-0.09743052248278669,0.00693430495739061,-0.01660456214093445,-0.012066095492841954,OSD-37,Atha_Col-0_sl-pool_GC_Rep4_R1-GC-B4
-0.019996454184687797,-0.10847919798229509,-0.2695899543527642,0.03758567752434448,0.08272880062909878,0.5236707090493856,0.116168722724107,0.04749803707592442,0.19719187546556233,0.07750846668192898,0.061816411286459975,0.09343212421255254,-0.48384370191988146,-0.7124052653647305,0.11442223223622298,0.3211095456003638,0.02592136326720708,-0.027396367413734295,-0.20554177130129148,0.5980808547650314,0.10054517937440562,-0.12077617260480603,0.44161826038325747,0.04332260589548082,-0.07622594636295364,-0.09669296815232024,0.405175818368702,0.02359651429743546,-0.10243660966412198,0.0009669298916404366,-0.02432627471737944,-0.017655965994104787,OSD-37,Atha_Col-0_sl-pool_FLT_Rep5_R2-FL-A1
-0.018838447861470688,-0.10641576654256613,-0.2215239883144954,0.03701586523458031,0.08164122211517386,0.5108626519209938,0.11425249875886931,0.04591451683308962,0.18653450057920032,0.07182763865753067,0.06570718111396545,0.08680182669937397,-0.49102193206794437,-0.6538402586924724,0.11022749702854011,0.3817066214182276,0.02770915436185136,-0.02759150815930059,-0.18830144207558347,0.5613750487129451,0.09555459352053411,-0.11741605497942645,0.46638252125572455,0.044139654607538006,-0.07411833136147551,-0.09320931202213778,0.3860002810418572,0.02347882467063506,-0.10154533967491747,0.003078904689622753,-0.021746180136047802,-0.01548626559650811,OSD-37,Atha_Col-0_sl-pool_FLT_Rep6_R2-FL-A4
-0.023597152176658136,-0.11279334082341695,-0.19963751685454437,0.03878186856397934,0.08890930288927114,0.5754486224289792,0.12192881684928576,0.05097308613946261,0.21169656046650864,0.08219420992232172,0.03679543223951539,0.09790411721892754,-0.4342749155731357,-0.698100965307821,0.12302857552532828,0.3262398804001626,0.027612226291920436,-0.026617620339844727,-0.233071423780743,0.6438934833458312,0.10782744882139028,-0.1308906201576321,0.4726199214072498,0.046258910580419615,-0.07939338019725625,-0.09967959642182195,0.38175982275679765,0.020352757354808026,-0.10640726368250567,0.002538881515561851,-0.02845930582989496,-0.0188345499799527,OSD-37,Atha_Col-0_sl-pool_FLT_Rep7_R2-FL-B1
-0.020541151557679993,-0.111221419416759,-0.12408815221116465,0.03816617836265181,0.08257344595872211,0.5830412641260828,0.11399991239624664,0.04851084805923447,0.19537279468701774,0.07627847985258686,0.05266524131261658,0.0879810646369006,-0.47324568575488735,-0.6491081492637341,0.11574898918889474,0.44345787944360365,0.03245837972066435,-0.028265502427299513,-0.20414811618636675,0.5721476957014612,0.10024097480274857,-0.12200219135479581,0.5113694950660945,0.038840949075468076,-0.07695601125760904,-0.09104866200397209,0.3031085742691982,0.022097619999529975,-0.10903920908111475,0.006092019357015504,-0.027936241529868656,-0.017812588774444253,OSD-37,Atha_Col-0_sl-pool_FLT_Rep8_R2-FL-B4
-0.013134667323224483,-0.08593242628451413,-0.22265272992727958,0.026518545851374517,0.06350376763654045,0.5471234498258882,0.09882225759734889,0.04056175379327314,0.14468607034981654,0.0601422719495408,0.1250542853329437,0.07085737910509006,-0.5139268341694465,-0.6266065128847336,0.09290921924911251,0.35749820972703045,0.02786707424592269,-0.024394764190792933,-0.17394817788963762,0.4750438146676967,0.07261715240773157,-0.08905212570396352,0.5048298824029853,0.03886274736609633,-0.06177424283317068,-0.08149903991158462,0.3799731663049365,0.025233758427066055,-0.08704901832573093,0.00381821151095404,-0.013086284111729803,-0.009637854122987994,OSD-37,Atha_Col-0_sl-pool_GC_Rep5_R2-GC-A1
-0.011637442586923593,-0.09196924014769832,-0.19864681046683658,0.03089212720951615,0.06659626427235257,0.5657933386076333,0.10457799616059824,0.04242934740487623,0.15573838063157228,0.06359956065617205,0.12200464353235999,0.07246790315123908,-0.5037616142247552,-0.6218649435634505,0.09900324789754669,0.39151223606605806,0.027854520547080826,-0.02546541706384724,-0.15643935063045963,0.5197592121367156,0.07750963039716419,-0.09721988770562864,0.4953141049841213,0.044433347861881,-0.06711110560232465,-0.0824049414451354,0.3433750379638538,0.023375140196374433,-0.09134099735370041,0.007533134963563056,-0.014578794203274448,-0.009215207824952491,OSD-37,Atha_Col-0_sl-pool_GC_Rep6_R2-GC-A4
-0.011149671462783946,-0.09406449532381378,-0.20762251421630676,0.032195986819018405,0.0692570006245277,0.5381223429639035,0.10649253636484014,0.041500140849040766,0.15507269594421697,0.06375456189584529,0.12229147568720482,0.07264444492776201,-0.4960413991337399,-0.6322119635591671,0.09889067637895263,0.43203536657490066,0.027663676579356603,-0.026341059793867125,-0.1270135763151268,0.4941363915950399,0.07641206254425327,-0.10120272093547486,0.4679072282229238,0.04449140064316097,-0.06808405040173159,-0.08510930399255097,0.36991455717112987,0.02628727681110103,-0.09357898862538205,0.007544307612323872,-0.01355462844966222,-0.009675758449081992,OSD-37,Atha_Col-0_sl-pool_GC_Rep7_R2-GC-B1
-0.018555804138886932,-0.09478458508221628,-0.2704883029662141,0.030290479910378188,0.07324492427888449,0.5100678478742311,0.10765223587657625,0.045832700977451596,0.1676302608040097,0.06469867641113314,0.09704113487565125,0.08090922775056823,-0.4752900064406536,-0.6357371093994489,0.10218251980316656,0.3092803422074732,0.0259675076005526,-0.025605397794844262,-0.1682304630301542,0.5793223854105088,0.08361267972656605,-0.09934182527626248,0.4781593533018136,0.04347695302778105,-0.0674092467720648,-0.0906628436561975,0.3423643937553264,0.0235212000732842,-0.0931261721155952,0.002754120239003326,-0.014238067996505066,-0.010842160060014816,OSD-37,Atha_Col-0_sl-pool_GC_Rep8_R2-GC-B4
-0.001571472110327773,-0.0712962228853258,-0.16139974537777885,0.0214706960008037,0.05082562748660316,0.31356310956083283,0.11054523438739304,0.04110639389088955,0.12434379863885721,0.05739155704852381,0.15833107180757822,0.05798532072261444,-0.502604961756895,-0.5921221069909965,0.07726132464160083,0.20427916479451885,0.017133401734936438,-0.01390959340663892,-0.2926311593220529,0.585255605093713,0.05713056669458422,-0.0943595721926418,0.4400418612143511,0.05973694504637748,-0.05986085087205807,-0.07266061069994387,0.37160426547609154,0.014886814130318242,-0.07334126042192811,0.020213801794465556,0.001215128733243945,0.00810563997898988,OSD-38,Atha_WT-Col-0_sl_FLT_Rep1_G1S1
-0.004408364964967873,-0.07848093086067404,-0.08830012477553302,0.02646580834537485,0.05712926236667752,0.42797680267098026,0.10613836724512846,0.04323697072236484,0.1313731627463044,0.05981857033852123,0.1608120547948625,0.06150175284774078,-0.4730761243307325,-0.5748850890868034,0.08527623328297318,0.3603549644002808,0.025301842409175827,-0.01892605238492505,-0.2299998496375829,0.5658919985105162,0.06168111364687593,-0.09046959670642836,0.4624072861268102,0.05196054163534712,-0.06253384464286178,-0.07456663088106656,0.3147833303651912,0.018515467510105528,-0.08498138822574293,0.017398393745663817,-0.003663955065131814,0.002730266540040151,OSD-38,Atha_WT-Col-0_sl_FLT_Rep2_G1S2
-0.0036366962250290115,-0.08124676149476912,-0.04537205741297963,0.028911847793081064,0.05846423956715345,0.446589880683037,0.11173678581313254,0.044457251309767534,0.134988975574621,0.06161573631604004,0.16948093722128868,0.0628514846815387,-0.4486584966949375,-0.574620976815621,0.0893720879087645,0.39347120525735596,0.02689005117917391,-0.019491848084059935,-0.20826420835346468,0.5772712810996911,0.06313189463464237,-0.09696949167516626,0.44549001190464815,0.05467979977403209,-0.06436469172315502,-0.07721174136720246,0.32338184121467345,0.019769768425982208,-0.08723339175234844,0.02071434539489282,-0.002959897071108708,0.0027033633023764905,OSD-38,Atha_WT-Col-0_sl_FLT_Rep3_G1S3
-0.002880515643506091,-0.08045816871348077,-0.07643927080768462,0.029387974773603227,0.05693958502314435,0.4461294064733307,0.11953640357204431,0.04521015795458076,0.1455166668933859,0.06571302695716233,0.16931405500298807,0.06764862801059714,-0.4194257880921813,-0.6907791050015717,0.091888414348341,0.31301705036676225,0.02234288551826827,-0.019048941752863004,-0.17662284936038503,0.6202856689351829,0.0643153858559111,-0.10382519770193947,0.4041523683174953,0.05971988058860616,-0.06669196164885027,-0.0821404250142296,0.3573542233178751,0.018400261380942275,-0.0822144762692229,0.022544596141266037,-0.0014227914751247545,0.0019304780418021778,OSD-38,Atha_WT-Col-0_sl_GC_Rep1_G2S1
-0.0015055309292736994,-0.08146727374588184,-0.07668817047034396,0.030995947161229,0.05906117693310839,0.4649025147170027,0.11618016480548385,0.04476618092293193,0.13908023782810217,0.0626583703141338,0.18119684726783472,0.0648187915764663,-0.4173347995801154,-0.6185407611933055,0.0913457972309233,0.3995084745920843,0.026041452985963148,-0.021225522264329545,-0.1203107310930854,0.5912562201906637,0.06196487929840817,-0.09966099415258607,0.4116552349716254,0.057699440817846566,-0.06628643343190534,-0.08126463292200962,0.3427522319863994,0.02166874487520095,-0.0849455563042583,0.02168717872746942,-0.0003949187942422712,0.001960325672632615,OSD-38,Atha_WT-Col-0_sl_GC_Rep2_G2S2
-9.623985855782624e-05,-0.07714500736362918,-0.11829485273330875,0.02742363064839144,0.055993267582895315,0.41558506245585036,0.11563175944725389,0.04318392840190535,0.13398522199806515,0.06217546078234867,0.1852296526386565,0.06324120502330514,-0.43346298239409525,-0.6333857818730353,0.08656498620172583,0.3284214155133451,0.021848035242541926,-0.01851202781576241,-0.14419573414693881,0.5958211025489681,0.05832888081954394,-0.09765738596029486,0.3987997622869599,0.060226041161183845,-0.06442597385404715,-0.07968176458066088,0.3722239541517717,0.020339216117087448,-0.08008930345834664,0.020836456660373467,0.001934324083391694,0.004128781204054849,OSD-38,Atha_WT-Col-0_sl_GC_Rep3_G2S3
-0.004192900874557513,-0.09587228613213546,-0.18670301856245855,0.03239452425250855,0.07514610117966904,0.3342796849446056,0.12285860353402137,0.04530280738335466,0.1666930338342032,0.07272308066220053,0.11110670785185393,0.07908848008858431,-0.4137446119697826,-0.6134442409525613,0.09503801119904383,0.2964668969861182,0.019455132598830492,-0.02139418414247112,-0.15593902776430077,0.6023077982634666,0.0791712134919442,-0.12451814298965826,0.3650684782915963,0.0537697342467961,-0.07355022851749266,-0.0909524502346238,0.36568399097352783,0.02291234119434055,-0.09288372455019993,0.012582500935340028,-0.008766799859542795,-0.0025646167327534664,OSD-38,Atha_WT-Col-0_sl_LN2_Rep1_n2-1
0.004254555364835028,-0.07529138059003479,-0.20878035032105313,0.026982109820837964,0.05914408620330791,0.3641530401954425,0.10909452376491233,0.04013722466018086,0.12636732433862116,0.0608391984463306,0.17954575818285784,0.062003411315042826,-0.4062075861072858,-0.5808461658572988,0.07986906967142504,0.3465270863564595,0.02010460932965634,-0.01917827965718681,-0.045623793740313605,0.5339358273204916,0.05325049743105235,-0.09629845512224568,0.3619909809825592,0.05472855477632848,-0.06336546109826488,-0.08025358181620795,0.36007322534152186,0.025594956948327474,-0.07813312760729131,0.015567793972139447,0.0033602853788402853,0.003548249364186044,OSD-38,Atha_WT-Col-0_sl_LN2_Rep2_n2-2
-0.001684313115383228,-0.09129000976686397,-0.1567321670123598,0.031229939103867035,0.06991233366407658,0.37833549740623895,0.12048775915200689,0.04503483946634454,0.15626845444459514,0.07011303044376489,0.14773719432814203,0.07565317068482139,-0.3593169294196211,-0.5835237984605796,0.09345990618770361,0.34834068479181196,0.022707882897088052,-0.022730343058014035,-0.06939908927539432,0.5939026857836247,0.07258403685029508,-0.1145866710516875,0.3614148047549883,0.05247258038964615,-0.07027552181640495,-0.08894777571606857,0.36460186807073264,0.025604464379479365,-0.09196366362097641,0.013448749101260071,-0.004881230453426198,-0.0020518983968654896,OSD-38,Atha_WT-Col-0_sl_LN2_Rep3_n2-3
0.0040182147036411115,-0.07335274383239028,-0.19535858484321256,0.02617178578868264,0.05263269123383255,0.41232896787185536,0.11221685447944701,0.04198746494527065,0.1289440876108838,0.06147530055915319,0.1889886658318936,0.061060765233734104,-0.43675930883676545,-0.661111477317446,0.08240302177655864,0.29126169823825426,0.01768311324590511,-0.018272244962601505,-0.14532687510528514,0.5789559855842727,0.052862061584637146,-0.09401043089059638,0.3982539421213059,0.060126568853850926,-0.06456784746933346,-0.07906710413450663,0.34834202414935034,0.020235121348566143,-0.0758808259973868,0.021811365780902606,0.0031838768700646006,0.004491360272401963,OSD-38,Atha_WT-Col-0_sl_RNAlat_Rep1_rl1
-0.007209470617537163,-0.10791129444045011,-0.12082885200363017,0.03838702289165106,0.08147714939153052,0.4723448036785699,0.1308894069895546,0.05065186410608484,0.18927680059412644,0.08142447140567823,0.12192265844253074,0.08945519365906014,-0.3199191339809882,-0.6880229998444334,0.11247308701779743,0.36760012257898983,0.0230840940517516,-0.027418726736713275,-0.09051393980712716,0.6620444336555831,0.09067338644973687,-0.12947792972144992,0.3482947959715431,0.0532543869230527,-0.08058174626752874,-0.10020571757326625,0.3319843770193377,0.025133384325465514,-0.10673904483950142,0.012578416612564413,-0.012065716724580924,-0.008539865382482718,OSD-38,Atha_WT-Col-0_sl_RNAlat_Rep2_rl2
0.0029397358003341928,-0.07788280058136782,-0.2167152660645115,0.029605481030137885,0.05955209030811085,0.41894195098493703,0.11118123112543213,0.0420657162205485,0.13521952688902153,0.06428083274401089,0.1691205717724735,0.06434288088847426,-0.43895265725429733,-0.6839126661026418,0.08624889510884699,0.32811094976369265,0.017598573556145677,-0.019732714374001536,-0.1364772044609065,0.5610669831225462,0.057107741020218594,-0.09695466180705102,0.3767476378265491,0.057950872644137404,-0.06747506168289924,-0.08185280255981406,0.33187666231984153,0.02213655926076051,-0.07944922988712474,0.0180757079890281,0.0008387954228257895,0.002374358946417251,OSD-38,Atha_WT-Col-0_sl_RNAlat_Rep3_rl3
0.0015006710180985097,-0.08516930680265271,-0.12521304634414027,0.027067810913689996,0.0434752691433672,0.4422075787593025,0.10702049776691056,0.039514518323380037,0.12160003969964527,0.04495517588079276,0.16958471015512136,0.050092956300685734,-0.4920935776436533,-0.2863017979253821,0.0834193771446882,0.35925674301149557,0.024191220508184164,-0.02467278558114093,0.059255915533092986,0.5030529857653976,0.06849980797112204,-0.08080669314581804,0.5605685613993506,0.05221043860145231,-0.055291908038217354,-0.06430895025140385,0.09136336716436579,0.020708466305337327,-0.07417622657174737,0.018050182287207582,0.006455456124948959,0.0014996358934310406,OSD-427,GSM3331071
-0.004689343444683642,-0.1010763726322422,-0.11960292589669501,0.030232734205576796,0.05807580991144109,0.4386475341340749,0.1170774524907432,0.042077695043658776,0.13745784229596347,0.05180802952424711,0.14579480624012753,0.06084358166095878,-0.46210879425037166,-0.2547272115246883,0.09737966701644882,0.40329709735361324,0.024908743010967044,-0.025654069965129513,-0.005102996515303625,0.5179371225395076,0.08186544477719011,-0.1029511323948237,0.5200643844954153,0.05215113817377683,-0.06013743761156615,-0.07398653456317424,0.038385891736301005,0.02409145492921885,-0.08868242560081784,0.0160254273247759,0.0009694297026609632,-0.0016221471035631273,OSD-427,GSM3331072
-0.0005789316386470305,-0.08945034275096933,-0.1298454812408759,0.026850265328448596,0.04827884463123514,0.44745155069601933,0.10923963687841703,0.039679221864891374,0.12324666510873485,0.046236806539831164,0.16672677885688564,0.05269799396780138,-0.4752884024276244,-0.2732300608768095,0.08743814244399271,0.3816005600629702,0.023761160336764935,-0.02442580510249076,0.041296072408216256,0.5013861323041638,0.07071153041727536,-0.08659559489654711,0.5388250226640414,0.05218620745227118,-0.055794409552790136,-0.06734058223665067,0.0638787515663602,0.02247152032028087,-0.07890109377828826,0.016720085440583895,0.0054156250311750646,0.0010267637154690948,OSD-427,GSM3331073
-0.0008628807624855906,-0.08743729103113974,-0.11222234135307495,0.027054976179570613,0.04401131706935809,0.4497038060142355,0.1099111087126421,0.03972530686827435,0.12304897330744667,0.04439629228871249,0.168927925191304,0.05128057361638047,-0.4892337443672355,-0.2674748348079283,0.08599402612494401,0.35687085463385915,0.02491017705373175,-0.024495244919097773,0.021734109797741454,0.5056716570267047,0.07104879938953935,-0.08476519151797574,0.569855624838001,0.05356159321426003,-0.05463836761240523,-0.06545324215627554,0.08075842415966221,0.02016915335749438,-0.07508040623204006,0.019051608421395312,0.005563878900422838,0.001254099817267148,OSD-427,GSM3331074
0.017750786759101158,-0.04076303101552731,-0.3491077461483048,0.01942827314520516,0.030025525842082724,0.3557787978905934,0.06953886268703201,0.024061300043856277,0.04106965926999604,0.032468899341923596,0.253167492139377,0.020986841359952,-0.4887940197805164,-0.7774167715910636,0.04518526475364612,0.6086996038628207,0.01450417100444528,-0.02188102373051917,0.1832262061355259,0.2943158566605139,0.005497775130645957,-0.024817380005676397,0.22063835689672412,0.045776827753648434,-0.04457631279775861,-0.05372233682900784,0.3157917472461289,0.028904743625772205,-0.058426284168109105,0.008987353699249722,0.028473677097043227,0.015489604268113999,OSD-427,GSM3331075
0.01936063827777926,-0.03914306340828614,-0.3594031400478966,0.01861822862624633,0.028889902634906626,0.35999925781933956,0.06856202434486455,0.02352052870002164,0.0378389589842405,0.032026641514000635,0.2611154030890879,0.020174756239117138,-0.4866276869645477,-0.7723876569741028,0.04340589742841441,0.6026934738242959,0.013741122455810304,-0.02190426812013743,0.20144512995116418,0.2855637770389435,0.0024916847512968686,-0.0236123053683318,0.22260882692974449,0.04559849157669883,-0.04410401176337519,-0.0533373768508186,0.3098275426749032,0.02933359789398185,-0.05653979013989728,0.00961070956579995,0.029513678348058493,0.01565476190338262,OSD-427,GSM3331076
0.018998628428696616,-0.039450617039969,-0.351727521235335,0.018939216941496976,0.02884254979687748,0.368501565609438,0.06896238906659306,0.023900247155504314,0.03915943207164911,0.03163734340535734,0.2608630017316852,0.020238735659120686,-0.4854112733205815,-0.7725886399628341,0.04425922867053657,0.5990709379479814,0.013818494813513972,-0.02209682781396729,0.20741528556151706,0.2923239535924776,0.002908766583454977,-0.023953326367751274,0.2287478560534794,0.046376655727643996,-0.044360979720706614,-0.053669794234435006,0.3095998595866705,0.02880676707221857,-0.05654155089075375,0.010372792463563296,0.02946664850866726,0.015477920798265515,OSD-427,GSM3331077
0.01792138277598138,-0.0408998456897335,-0.3699008779240443,0.019494241515452378,0.03060469233053324,0.35761872997793165,0.06890446565658798,0.0241763158169334,0.04158335373771493,0.03270686479903995,0.25342360818957166,0.02156175212359393,-0.4949552935546766,-0.7838054491688211,0.04510567037140239,0.6056573534200738,0.01384027824324101,-0.022309636042006097,0.1852019618589861,0.29603165337151355,0.005236087126488624,-0.023996443736575248,0.21961358904462325,0.045411871234733364,-0.04510606723234975,-0.05423614165318306,0.30689234513935737,0.02885466088957376,-0.058273510108515496,0.00860306562431766,0.02858487948085978,0.015008659469097749,OSD-427,GSM3331078
0.0009472385997623195,-0.08395351777574718,-0.11653579088486855,0.02615554129304959,0.04174653637245102,0.42588207613788315,0.1076627142955232,0.03893904404019784,0.11503424791839832,0.042343514990472446,0.1745711749669928,0.047782443207951275,-0.4894769900944149,-0.2587324658741995,0.08231624544315708,0.3752877744220019,0.02429939661828314,-0.023537254397134475,0.029818914540572353,0.49306180749835343,0.0661861385578142,-0.07994834266700385,0.5651782799194867,0.05384545578332449,-0.053215897295292795,-0.06307817007460385,0.08393465478913942,0.020632799034060068,-0.073137465008741,0.01855304643954357,0.008369391807374152,0.003032607901258692,OSD-427,GSM3331079
0.001962217593941204,-0.08119804409490865,-0.13909935700603043,0.02516934138764997,0.03959503449159943,0.4198775162708067,0.1060405476956424,0.038631595704589204,0.11125636518306745,0.041528519136554656,0.1819889324065826,0.046113332877052826,-0.5043188631906353,-0.26767769849482853,0.08028352244204878,0.3620955277892769,0.02420860497479016,-0.02342630733276097,0.04582959227016846,0.49383871337256546,0.06390451208826359,-0.07599806864627388,0.5560936467940127,0.053689747800282676,-0.05209990323302577,-0.06147755507866749,0.09714125411734462,0.02051178224399778,-0.07092150692561752,0.01910183186349301,0.010058794656051494,0.003688898088621641,OSD-427,GSM3331080
-0.001436055638161605,-0.0879089640571458,-0.09085150664870585,0.026248365906525625,0.042600713910587513,0.4342521308398147,0.11242961358477961,0.04040001517107415,0.12096053972523026,0.04384043286527689,0.1722448784825214,0.049687664124530705,-0.4865738876078816,-0.2217502667541347,0.08720446728343807,0.3680531051794751,0.026382974034764382,-0.023010273417266643,-0.00803297108026911,0.5162973547452308,0.0726093067805169,-0.08461488289639543,0.5754069796144547,0.055223852688737585,-0.053432541157310505,-0.06353908869798679,0.08774099935864738,0.020010463021000218,-0.0763947153313903,0.019131283172769156,0.006735355362123607,0.002480004931242211,OSD-427,GSM3331081
-0.0003200422171991599,-0.08790471279969268,-0.12558755153198484,0.026592491852581297,0.04647041486806635,0.40914389611791413,0.11533956017540704,0.042764713530723406,0.1296787852891353,0.04939101311109207,0.16910818349707518,0.05598797471300106,-0.482444074926204,-0.2564731061839571,0.08779063519843695,0.3113017448268331,0.023174283188406246,-0.02273634077580271,-0.022039111240455624,0.5647939030471513,0.07339748865634813,-0.09062942725439552,0.5496408128373133,0.0560089435042136,-0.05706430556209004,-0.06854988945185589,0.06841093853242773,0.018622549033740658,-0.07709354448968922,0.02108039937542343,0.005599983999945142,0.0022269445192468385,OSD-427,GSM3331082
0.019050384670535596,-0.035594081505343676,-0.36216031325076925,0.01754835924390633,0.02591566456301661,0.3462966985988108,0.06700724831083547,0.022875468681195978,0.031408704207733756,0.028886962376359977,0.26634443476858044,0.0170385056996351,-0.4940853324768463,-0.7767776303589158,0.0404598183797628,0.605068496093755,0.01360179838321389,-0.021455207479333733,0.19895100293996684,0.2813813549117349,-0.0010186996922602338,-0.018477458687226177,0.22490454112325872,0.04637606534673815,-0.042153866359266434,-0.05167420229383025,0.3143509840898394,0.02876193240056788,-0.05371090344726566,0.009535127055929581,0.03205052057116278,0.01716888684256311,OSD-427,GSM3331083
0.018454378549249972,-0.03734145831486179,-0.34927149930298773,0.01813936957034117,0.02740912749774211,0.34967009900042634,0.06778241612550097,0.023212285479896514,0.03453509664222488,0.030159255619166804,0.2616015262724003,0.0181465566493676,-0.48672303797631455,-0.7727803111598914,0.04193281613634698,0.6140207301280566,0.014243967878632587,-0.021418181525157003,0.19466047787810226,0.2838041250229132,0.0008829828112138394,-0.020839399118056566,0.22491617394125674,0.04605405597783609,-0.04287281555276141,-0.052345221207575544,0.3104229250487571,0.02894058140715674,-0.05566573727726082,0.009299872490335127,0.0306772242844346,0.016665181981798203,OSD-427,GSM3331084
0.018847998484705544,-0.03806332547808125,-0.35074744664449653,0.018076832374459718,0.027869716365032167,0.35980338205686874,0.06840394619071657,0.023536619206204253,0.03651459930542086,0.03038001427165647,0.2622230263660449,0.018904379296591174,-0.4803522676052896,-0.7564965945010855,0.042571431402853625,0.6067538404021553,0.014372368014905032,-0.02167984751491532,0.20812231710665186,0.2870648371611569,0.0012309062751635579,-0.022763432865792493,0.23511168892433904,0.04620157877564561,-0.043265457945868564,-0.052973251447659936,0.3111508125135853,0.02894262214060847,-0.055878707139488906,0.010117005504078576,0.030109107551024136,0.015954187902839402,OSD-427,GSM3331085
0.013140972035431908,-0.05206396832329792,-0.2911689968779647,0.02195689120537778,0.03856049715570086,0.36060727854865066,0.07784135569396534,0.026779154346905556,0.061352230433582934,0.03866830217164637,0.2292141888945144,0.030052313902296984,-0.4428251992792627,-0.7655118707953756,0.054265556250780854,0.6167476363257054,0.016502854049575494,-0.023551232973033177,0.16192579819493638,0.3260812009033394,0.018465466050559216,-0.03986948751639056,0.22508310102261037,0.044744192543933185,-0.04906309158910633,-0.06062688732573086,0.3237600354278408,0.029273395494556417,-0.06875172684910232,0.007401110889131057,0.02226871533064313,0.011908463618551298,OSD-427,GSM3331086
-0.002458349422199358,-0.09576539502078935,-0.17940156926746223,0.030113071151371264,0.05625768329053752,0.46430345747210283,0.11161128425476452,0.041888462234403095,0.13565607244038708,0.051925597933454345,0.1522603214149775,0.06043895772377017,-0.47630191116754284,-0.3469473223884273,0.09412675061999912,0.38172195171143797,0.023826086309786335,-0.026828380929580394,0.0324942060193364,0.5177599112757676,0.07598517075015432,-0.09485147062236561,0.5055989723988151,0.04984824325545103,-0.06135361794266386,-0.07443266747165327,0.0879519628729441,0.024587359540524857,-0.08523520875015682,0.01494695912210658,0.00147241001457531,-0.0019693540323662473,OSD-427,GSM3331087
-0.0012339333098899791,-0.08810025311235897,-0.1849532444142845,0.028111555298204825,0.04925866152129659,0.44180659224773305,0.1074079306515533,0.039612032098547995,0.12136847728514857,0.045727974038730454,0.16408052174669557,0.05197578232359901,-0.49638883796728644,-0.34391422718480724,0.08709279737380683,0.4094751936358984,0.024047022343307748,-0.02577421065904195,0.02430573492875037,0.4960742419721723,0.06877664798606731,-0.08320056532542155,0.5013186228907999,0.051265714148448153,-0.05675051578837572,-0.06820960691501615,0.09329727484687114,0.022202523619164135,-0.07922648741013087,0.01581976247656744,0.006265650128045737,0.0012058373137052113,OSD-427,GSM3331088
0.001546846562463404,-0.0860031916276848,-0.210890344980531,0.027887061623003764,0.049107688975445894,0.4506212949492594,0.10646181359113477,0.0398401599502223,0.12163301433298895,0.048605356113797106,0.17428888152103997,0.05470553334086713,-0.5002932594026138,-0.40396296727639175,0.08578616176107683,0.3819242413519577,0.022220032595322403,-0.027082170968526328,0.05237167112673835,0.5025072511059201,0.06593807745246792,-0.08192047309198153,0.49286368411910075,0.05020452387819482,-0.058773234072596964,-0.06995940036464855,0.1126934560385853,0.023442109518345744,-0.07822259352850944,0.016139245171040255,0.006135474209641946,0.0006770536927973237,OSD-427,GSM3331089
-0.0030062440863988906,-0.09906616695760474,-0.18239980952311818,0.031174535386000735,0.05753485284848597,0.4637598298781945,0.11697199058489621,0.04351095809407625,0.14129081246338684,0.05523154995142714,0.15669043241875824,0.0647525290097638,-0.48297816036281405,-0.36119511449401437,0.09800204821624409,0.3629793317182118,0.024660140486072842,-0.02754373214101676,-0.010547403704140375,0.5422393718059109,0.08054204865045135,-0.10116581671017605,0.503056484141698,0.0512199283445726,-0.06355428339996284,-0.07699786837261852,0.10844223138485104,0.02444614974628635,-0.08779558721642945,0.0165845160590758,-4.8976330751763854e-05,-0.0025920879537902988,OSD-427,GSM3331090
0.017503489786060276,-0.04417165747434359,-0.3448390012106607,0.02015721055523157,0.03102266961610056,0.3648057920647399,0.07519897471325573,0.02662746932781821,0.04717593634833889,0.03481687363705519,0.2590677725229769,0.02504306480974066,-0.46682919508926735,-0.7834040934951156,0.04943238539990993,0.5693671357264679,0.014248703786005956,-0.02318130190555123,0.18836177875854665,0.33066822621735287,0.00963364451926792,-0.028718059318834917,0.22208634307268507,0.04712071221407121,-0.04674816177802424,-0.05758271351212846,0.3175978753553985,0.029330027852596665,-0.05993802335197367,0.009850479760941102,0.0291783088222288,0.015254065729107707,OSD-427,GSM3331091
0.016724804686552366,-0.043464039924194946,-0.33405947285733173,0.01993650355357265,0.02989795988697833,0.3664825929879701,0.07506964708063792,0.026344230907451836,0.04634683790232641,0.03379926048523525,0.25626665994507214,0.02382109058209984,-0.46501241658792014,-0.7759903940306195,0.049320333561804985,0.5749254315851953,0.015102009352685247,-0.022567067811586152,0.17457992294887514,0.3272859511762259,0.01009186121471187,-0.0280104391390739,0.22791257895660896,0.04748806550726533,-0.045715340332153874,-0.056481502256003936,0.332249792473997,0.028795390158360027,-0.05971100314534632,0.009592843757950829,0.02901047420515539,0.015604353354435257,OSD-427,GSM3331092
0.017555292941920334,-0.04306671919299185,-0.33209947171312787,0.019832630765586657,0.029422941367716858,0.3681469811375979,0.07514551344358208,0.02618826783054261,0.04430989808285925,0.034042652122435596,0.26548058228798366,0.023748593199635206,-0.4581686733244956,-0.79144429992418,0.04891755905273785,0.5760253334101595,0.014125326640242934,-0.02293530037483528,0.17772772425087124,0.3264903703074955,0.00828930858971243,-0.02657181653040917,0.22278081176520656,0.0480315060687129,-0.045956458694967596,-0.056984231673591644,0.32696483640161306,0.029092975984060965,-0.059518968109867426,0.009925358645481056,0.03031112906067914,0.01593562145558245,OSD-427,GSM3331093
0.016361915971906636,-0.047982283708381576,-0.33915703248524487,0.021255955235579365,0.03382169003919732,0.3700251193456036,0.07713147923345874,0.02735997469020745,0.054275630815858185,0.03643385751512906,0.247812684297207,0.0278590417880914,-0.46736038557478915,-0.77354398874105,0.052424985743025725,0.5631343937065967,0.014793137863477324,-0.02399066340928179,0.19163896189602972,0.33725583157235073,0.014267284145630747,-0.03417827117197199,0.22711667185503234,0.04632225113996605,-0.04833706884424268,-0.0591995641425991,0.32008388399112164,0.0295629001467729,-0.06249419968113945,0.00975277254187415,0.026613800557692965,0.01372022106336162,OSD-427,GSM3331094
-0.00479154862255158,-0.09842638059513878,-0.18739211124913072,0.03089896890458285,0.057838669393943914,0.4512828031614318,0.1156809460129652,0.043218627548336754,0.13785996697321815,0.05220440893474331,0.15010904580721826,0.06302286633481599,-0.4713183886986298,-0.35470249031872725,0.09724918493998756,0.37889106942028,0.023824621746978036,-0.027730412727646217,-0.006427707398943257,0.5357544729508692,0.07925520623308971,-0.09755352851895657,0.5048790383313384,0.051496363494983335,-0.06210042456913337,-0.07692428513213055,0.07122390728482401,0.024103784466464,-0.08710030222557331,0.014277498677489394,0.0023743716653370425,-0.001964403186099056,OSD-427,GSM3331095
-0.0015917399656555972,-0.08468060181009189,-0.18239398969436454,0.02565659113914415,0.0453625226807784,0.42026299782219473,0.1076765263837555,0.039404618143633274,0.11302022063221596,0.04407658574704378,0.17841289597396345,0.05044909967219557,-0.4945397798093905,-0.3121707561740463,0.08532827427020669,0.3891165911239613,0.023267216722551866,-0.02440016091651676,0.007645440674173309,0.5015787907133029,0.06573807670761841,-0.07903924174194543,0.5148894178980786,0.05343120845316192,-0.053548443855684816,-0.06621064017382225,0.07299260993664634,0.021909968815016372,-0.07658552960208996,0.015896801964904343,0.010101197967082582,0.0030488224121482436,OSD-427,GSM3331096
-0.0016578997025580395,-0.0885718665689834,-0.18074458584722713,0.027772974171555213,0.04947374570089711,0.4722629593996856,0.10953717095558624,0.04121705312760464,0.1276157842373714,0.04948970805576022,0.17011919043539325,0.05663880966375491,-0.4870699514543964,-0.3826331343606112,0.0904166152612082,0.3631946615629765,0.023981739077619368,-0.02624945772178065,0.026753194256316493,0.5288008258412689,0.07132447155906473,-0.08490290827902375,0.5087349777209994,0.0517858199684906,-0.05839411271921426,-0.07096908959894037,0.12155192620459448,0.02228264737742889,-0.0803715660427581,0.015851319032083595,0.004929885184669433,4.777584830915781e-05,OSD-427,GSM3331097
-0.0036931524491623673,-0.09068069390042083,-0.17725016304749713,0.027719662737600955,0.05067137080213951,0.4449326982222573,0.11045182949871084,0.04126251237172313,0.1253065414147051,0.04714035013934961,0.16318819310649965,0.055149426648442586,-0.477292769737521,-0.3202797751466743,0.09080327595953022,0.38737385282793063,0.023816019469784573,-0.02555734664087681,0.010812627643847965,0.5222906655233555,0.07238397618068289,-0.08579003337923759,0.5131880810528355,0.05239109892363082,-0.05683209133647404,-0.07055965338203807,0.05731978469716617,0.022032005218429372,-0.08131329740308782,0.015058702189775768,0.00677621662255998,0.0006733917854708704,OSD-427,GSM3331098
0.01660837711384355,-0.044146620068798874,-0.35806781323888215,0.02021225632751887,0.032119025450384066,0.35249206873183736,0.07335100925623908,0.025918334941130806,0.04751269445135557,0.03421220118714602,0.24830130720102356,0.02469470045029355,-0.4765463972585763,-0.77760930642628,0.04859944715012663,0.5815265180554856,0.01455238386478452,-0.02297830174814786,0.1832830287436919,0.31912782486256447,0.010242980641820052,-0.028633940149066173,0.21978771536968392,0.04578404665905218,-0.046313920212620194,-0.057003292982046996,0.3214002679346887,0.029537553021264512,-0.060512486120390126,0.008395156860866572,0.028033815620527213,0.014774866455192623,OSD-427,GSM3331099
0.01742698604155331,-0.04034797793873509,-0.3471485909494215,0.01865952510301993,0.02751043598030508,0.36466792357072714,0.07291769794636144,0.025548394796514242,0.04111213585658797,0.03248310796636384,0.26660087226478535,0.02191574824455654,-0.4677267798116724,-0.7794001231856592,0.0465095575654112,0.5758845094094012,0.014396289336064062,-0.022073690954019877,0.176042768442249,0.3218713091710706,0.005890619730143538,-0.023696501626938253,0.22977762643662378,0.04770048855146451,-0.04445934000801701,-0.055439837983534815,0.3288613105967189,0.02865266184439196,-0.05748690454043407,0.00979038892972028,0.03063093732904054,0.01623190438380413,OSD-427,GSM3331100
0.01305787762806782,-0.048583558171207054,-0.33884111154186425,0.021154227050505472,0.03544934822350353,0.3698554837992785,0.07628440013797867,0.027693887434528372,0.05775920937093918,0.03660173438935054,0.234382531088156,0.02858570627730649,-0.4723957254786343,-0.7810229869159885,0.053221598311500605,0.5809994660453853,0.01619660487907297,-0.02303776489043935,0.14870934880717593,0.34566420844415163,0.017067765049016047,-0.033067914717718985,0.22957710048350413,0.04537213247038149,-0.048018731790839285,-0.059691094628097345,0.3189959972222453,0.028269932409872064,-0.06456195662708307,0.00724628020941665,0.02469547598307776,0.013103813981273577,OSD-427,GSM3331101
0.014931031836012465,-0.04545283024112434,-0.340782996010972,0.020717239462516607,0.03208000535638782,0.35805494868851245,0.07573904576038266,0.02706444912244407,0.050770354549564335,0.03424137351850231,0.2449722289911135,0.025475560836868333,-0.46882596882338695,-0.7782700438616248,0.05077135231014135,0.5783905278231098,0.015595574221617085,-0.02285855421120732,0.1587132434748612,0.33671993497590447,0.013373239068982055,-0.02944766745749762,0.22537344410543728,0.046846503161440185,-0.04646112530719643,-0.05779899332922545,0.3318860439961638,0.028445102625056246,-0.06175183117258845,0.00852552702638736,0.027759483920984724,0.014894395101811862,OSD-427,GSM3331102
-0.003300642359131228,-0.09546654443264267,-0.10749004912554928,0.029620375926758293,0.051997042247485685,0.4496089978722708,0.11607038606248216,0.04333727048128872,0.1381314781883853,0.05089819748872716,0.1521386995564272,0.059796313485656075,-0.46075718583754594,-0.3019253951501122,0.09420284294460901,0.3697339067576487,0.025971154627333414,-0.026041152114252855,0.008685456885858553,0.5485346940248966,0.07959867001854304,-0.09451995528600915,0.5499291998612102,0.0527306482972458,-0.0599464398405257,-0.07156103895478569,0.09750579742848843,0.021192389218225836,-0.08414785769326669,0.016044936892145256,0.002114650310897858,-0.0011271850171694106,OSD-427,GSM3331103
0.001984238202106312,-0.08516543288501334,-0.10952311052840816,0.02732878695656905,0.04562789844169039,0.47838643538534403,0.11239619512550171,0.04079486714169908,0.11873537270602265,0.04623157987291847,0.1763905431655182,0.051704252707979674,-0.47708379308079224,-0.3258508977897743,0.08892798033889189,0.3663807336846878,0.02508025819742857,-0.02407377814411555,0.01445539943428564,0.5133998556761795,0.06880016303241249,-0.08525339948695583,0.5572311659845419,0.05458147681800578,-0.05674663192838131,-0.06639661236471048,0.057883331761408634,0.021347296667429915,-0.07502370446499647,0.019652709171182593,0.006872127120093081,0.0033304863878551513,OSD-427,GSM3331104
-0.0030631968598385483,-0.093268614867893,-0.10791884171076728,0.028447102283830093,0.049717904836646024,0.42163664675340906,0.11356141786606531,0.04076437569637518,0.12743877405050794,0.04650673776578877,0.15781812802404482,0.05454623157803204,-0.47092733402430037,-0.25775831846466246,0.09039974402822845,0.3900495839334933,0.02505429234310407,-0.024627059872337386,0.0034471363510684616,0.5130769316705001,0.07544162510827589,-0.09205436291766193,0.537507098229592,0.05335115791109328,-0.05628586288039025,-0.06865432829627191,0.06733409259409404,0.021918993981475298,-0.08145907947927247,0.016787968870904356,0.004919438598696964,0.0007928520587325346,OSD-427,GSM3331105
-0.0034997394048157777,-0.09645972325819754,-0.08409479216468788,0.02883385070166005,0.052662342604495795,0.4161944906294224,0.11528665878559119,0.04089815126860819,0.13022389336819495,0.04763506764748541,0.1503364837013989,0.055436197726017565,-0.4630697286873199,-0.2284555882325921,0.09209758118047054,0.4122443392497402,0.025947653689037207,-0.024158069596438604,-0.0012892597398283278,0.5081043875599065,0.07792365929446911,-0.09703434983597013,0.535717037520103,0.052941422606258955,-0.05701989024229358,-0.06923617716166855,0.06219647372714787,0.022553576635195857,-0.08449213667422133,0.016192528967936007,0.0033518240764205693,0.00036377070411363737,OSD-427,GSM3331106
0.019211589864575045,-0.04007359840430976,-0.33741063325840426,0.0189999052016391,0.02838160624380719,0.3705609629490955,0.07094731557685059,0.023953864454777596,0.03978435174026417,0.0331703978064908,0.265220515299497,0.02116437447125619,-0.46903414818785544,-0.7764137795152128,0.045098788427780326,0.5969475151702223,0.01433833415338536,-0.021844366192827314,0.19148830514186493,0.28995539820640265,0.003546004483648446,-0.026420407066836685,0.2291705611673215,0.046593127602211286,-0.04469594231385768,-0.05436198590485834,0.3287368220826344,0.02974166055268596,-0.05717933940583251,0.010531377161216406,0.028832304233447476,0.015433339038798772,OSD-427,GSM3331107
0.02051825413460232,-0.03993587569738162,-0.35640911073335707,0.019191562858330905,0.027887677935689845,0.36572227216902065,0.07145624828007299,0.024482724993046927,0.03984954011259633,0.03407863335460669,0.27014060002349277,0.022256648750317982,-0.4671487581962533,-0.7789193130104716,0.045370309215511065,0.5817388222597641,0.013447621568739392,-0.02252428105650005,0.20149507004649883,0.29802275424915975,0.0032722966474047887,-0.02612173668357661,0.226607333189148,0.04704568087569788,-0.045215784905391646,-0.05460607461306472,0.3323083861269783,0.030133755786945875,-0.05697896850479673,0.011145373556036797,0.029618630348776993,0.01538775473812867,OSD-427,GSM3331108
0.01624448652709847,-0.04363477119546512,-0.34454803914955345,0.020067540252237226,0.03175777942856201,0.35529958363871966,0.07183381044584285,0.024878667827716746,0.04665622254115785,0.033510674264920604,0.24486787827589188,0.02330124069976229,-0.48482892727460764,-0.7687223026704876,0.0472630744109593,0.6071762227401296,0.01518585071476339,-0.022506304371880025,0.16960412223189916,0.3032076753690922,0.00940340676884397,-0.028415270496765718,0.2285241956284511,0.04544389247654247,-0.04556150577305931,-0.05511482546138573,0.3233702462799462,0.028473060186310184,-0.06042796754395579,0.008439030295754034,0.026744731998693823,0.01439338699461845,OSD-427,GSM3331109
0.018386353712133777,-0.039753430363158065,-0.35782432643791146,0.018809499784732873,0.028618261899560477,0.36711337334150823,0.06977531931019879,0.024329994916953434,0.040004067310422546,0.0314963668249862,0.25907999871671966,0.020433975577072695,-0.4823039127671173,-0.7586405414832575,0.04457335828393845,0.5948502441543638,0.014576360366833492,-0.02178540180212075,0.19353019962850287,0.29673771160321083,0.0039968350295407915,-0.02454358787632092,0.23649268141806096,0.046449125354935616,-0.04420097064372913,-0.05394725676736408,0.32117246396667953,0.02880985620437695,-0.05670693180036003,0.010001592019720817,0.029269995472532728,0.015501078042999054,OSD-427,GSM3331110
-0.0005220994970702159,-0.08709836625345475,-0.1204535357925336,0.026221740636280893,0.04299947837827902,0.40233628746078337,0.11225549495259764,0.04067460216826438,0.11956749974781125,0.044522498308748326,0.17140534791297896,0.05076125965965856,-0.4755063508591148,-0.23747573772846262,0.08534470145390602,0.36742355741671107,0.02506154437342074,-0.023333936779332095,0.0017902310770154608,0.5175277325218639,0.07070666086577787,-0.08413966803443318,0.5581968988950201,0.05399118863008117,-0.05382574282256685,-0.06470413952444025,0.0852101140285714,0.020733752235612076,-0.07600934404176002,0.017839990440383004,0.008009225009200135,0.002510401614615741,OSD-427,GSM3331111
-0.0038378406264365076,-0.09384128786412109,-0.07616989422682187,0.028603162784697825,0.047695286431418626,0.4183141028961387,0.11559887090203308,0.042222450305482176,0.1331311530749142,0.046403892399654034,0.14669025428240345,0.05392919306261382,-0.47813922057685215,-0.21858668366528355,0.09079911612759706,0.37557226113422093,0.027719524903793504,-0.02393243152540414,-0.02052572903937919,0.5348732152414791,0.08087509190977868,-0.09105942434996361,0.5786840783146125,0.053569201867750355,-0.05626298275418708,-0.06640593290054757,0.0950308450305633,0.019515625341335364,-0.0814987239750807,0.016986139138037724,0.0032296174219078664,0.0006083149814675407,OSD-427,GSM3331112
-0.00392712122512954,-0.0936301871315395,-0.10147459644005768,0.028183312959644134,0.04787026232454732,0.42485260698815985,0.11548626028126624,0.04187190444021652,0.13095078159895707,0.04696787533386063,0.1544048332469754,0.05493516377282631,-0.4733875063265674,-0.24117147517663495,0.09164352542502928,0.36220721278876106,0.0268584136666501,-0.02403108574791525,-0.016229242517397713,0.5304923329481716,0.07934845420016143,-0.09149314941327745,0.5601784876852668,0.05378532199825834,-0.05596307584186626,-0.06773792724682971,0.10248458353031337,0.02087399112897872,-0.08097227946737223,0.016453853922645482,0.004090142686391414,0.0005829455139243591,OSD-427,GSM3331113
-0.0028384763140787634,-0.09028749190263285,-0.09220095011690911,0.027297886764194725,0.0450941143075505,0.42437300717235527,0.11219996604729517,0.04055774342050891,0.12720994782295098,0.0449000615507485,0.15400467531754225,0.05205061432592341,-0.480056979049048,-0.23182958333557052,0.08766303938854371,0.365066893898398,0.026191257391622258,-0.023724793496944646,-0.0001406717986525409,0.5151503812849457,0.07577650516722907,-0.08757129488993477,0.5795588469799114,0.053078492803836454,-0.05470436275940222,-0.06524653605748333,0.08292659858761736,0.019728743644925748,-0.07738987661499808,0.017069902353782678,0.004650048032995089,0.0007395042568508973,OSD-427,GSM3331114
0.017826775068494168,-0.03746137940356725,-0.3721529706229888,0.017909140999268134,0.026734312212081723,0.34822373641225796,0.06808587393671384,0.023313259716106278,0.03689731124158086,0.02978354327490565,0.2574353255723369,0.019144270128613274,-0.4911510470874333,-0.7671360126645709,0.04206474819466789,0.5887592294653364,0.014486190197433775,-0.021300240796915722,0.18523768866622792,0.2879372515331894,0.002713442938332704,-0.021740111479177638,0.23131120012521209,0.04565700123905171,-0.0425006701760422,-0.052611370562590104,0.3389433640611968,0.028992039469211226,-0.05484844609032524,0.008892854883982717,0.029450203709471188,0.01590201371131594,OSD-427,GSM3331115
0.01698166643561134,-0.04009102621350906,-0.3428045017290472,0.01866824480609468,0.028114432606650662,0.35751326645040227,0.07057436963417124,0.024037399151218858,0.04119486402821902,0.0318318434740979,0.25536683980769254,0.021117932215078555,-0.4774545562253376,-0.7704575309373174,0.04494857704343845,0.5945844291896442,0.014995117028091474,-0.021687280676669727,0.1758270670407839,0.2968981328629709,0.005747469070478435,-0.02511543026424063,0.23284007114540636,0.04604905739776834,-0.04363979408739049,-0.053803360920299366,0.33914404796266273,0.02882056521288763,-0.0575505164000078,0.009114230007508141,0.02825430871278082,0.015353327988721304,OSD-427,GSM3331116
0.017171768797816282,-0.04059861474802939,-0.35962576119248985,0.018985625913984276,0.029189219428671982,0.3538306868952856,0.07008565676225642,0.024147545710341847,0.04160577667645199,0.031192627763054124,0.25233964516773383,0.020957329472487823,-0.4862107790679532,-0.7622414772580368,0.04466462105171087,0.5964093648616561,0.014862761728809182,-0.022048714361845675,0.18464717593213234,0.29502096092990515,0.005608870288043223,-0.02554253147513634,0.23426258576193312,0.04574272255583013,-0.044140482905164244,-0.05409793964304369,0.3313564153368313,0.028940442279029543,-0.05745489183561227,0.009147623213428152,0.02834657491961259,0.015065980967315673,OSD-427,GSM3331117
0.019015300418058118,-0.03598888311655634,-0.3640223089127263,0.017378383732604686,0.02475956795803407,0.3569047131575763,0.06856391870994141,0.023265797608848372,0.033170943250278986,0.02922374104238067,0.26868872753494455,0.017640581734705528,-0.4887753473430985,-0.7670902496542126,0.04160012952297484,0.5891614652077456,0.014251848758735822,-0.021407349626032295,0.19203190541011814,0.28786970343709745,0.0003569568677065286,-0.01995391673296423,0.2357772046593981,0.0468709180407436,-0.04214208521533102,-0.05167330051438137,0.3342051914300872,0.02881182251406045,-0.05348706256648558,0.010050394433968126,0.03130794514214937,0.016750452394871374,OSD-427,GSM3331118
0.0,0.0,0.0,0.0,0.0,0.0,0.0,0.0,0.0,0.0,0.0,0.0,0.0,0.0,0.0,0.0,0.0,0.0,0.0,0.0,0.0,0.0,0.0,0.0,0.0,0.0,0.0,0.0,0.0,0.0,0.0,0.0,GSE143760,gene.1
0.014270477871452452,-0.055678746085325026,0.016908054926481772,0.01406713447751438,0.012367770644365643,0.5497117356505773,0.09122279325991614,0.024967699123315184,0.06397285910020858,0.02772819286259893,0.23048009552078433,0.02336635189971339,-0.5101101653484617,-0.0918851243267198,0.05499891962720636,0.33207016964147446,0.020290805529564315,-0.019930618450950007,0.01894082064710571,0.2364531456870114,0.03366422900006528,-0.058215335770103536,0.8915873039594887,0.05561974578619031,-0.04073835316602179,-0.04611599777882758,0.1318403366483648,0.018828437836468745,-0.0398405205246671,0.034042582954452304,0.013076869122346409,0.0043189090891219365,GSE143760,Col0NT_1_S1_R1_001
0.010477674264731356,-0.06346829711086815,0.049847806949164575,0.016424718389482017,0.017846946834284855,0.5356276780003099,0.09504412043664386,0.02683014851116803,0.07922082263799625,0.031217316244027234,0.20413290882906504,0.029996272173407976,-0.48561852150577217,-0.08765606795803944,0.05930928669030969,0.3174902385064908,0.022472074294078662,-0.020676376369595746,0.0001982340402637992,0.24764202772540844,0.04255491399622987,-0.06801636734022287,0.914459199608854,0.052637669252992236,-0.04374794349810661,-0.050898275851409436,0.15343918013987692,0.02013464850327821,-0.04510722199149274,0.03151956562464214,0.008014670606865606,0.0009036684760779808,GSE143760,Col0NT_2_S2_R1_001
0.013562765321862697,-0.058827502061455025,0.014137412039748637,0.01579624897567241,0.015236561717328644,0.5468840669205655,0.09115266644216362,0.025507400944067723,0.06938658269933831,0.02863919351489268,0.21805662668817682,0.02465560732757295,-0.5174874343152713,-0.08682981654227331,0.05657157115044336,0.3396088948573267,0.021128087996073186,-0.020714451866208513,0.017673136787331605,0.236902382129522,0.03699854748564175,-0.06125647040570173,0.8925739079154642,0.054557459709176824,-0.04242099599663029,-0.0469849117291159,0.13417407851799437,0.019303456275309668,-0.0419468025466035,0.03360276151458532,0.011691619559315984,0.0032865417538806207,GSE143760,Col0NT_5_S3_R1_001
0.012942875589735945,-0.07086230742654252,0.053929739990340585,0.018647404635115647,0.018933529688465914,0.6113299435531875,0.10939837858776935,0.03485510265767298,0.10086031679343947,0.03535553937448504,0.2448436526259018,0.03869849709121487,-0.3748766498809316,-0.17591935244220222,0.07129185070358736,0.2600982044564491,0.022753950763075518,-0.025777413663183004,0.09184108356249411,0.39959535087678144,0.05019576047411229,-0.07105609657680091,0.8384397557507342,0.05763434764275172,-0.05061883487799299,-0.05930517915280457,0.24419184132796146,0.019106690370737183,-0.05298057683306434,0.030970102273001416,0.01080875480844579,0.00012419901261871358,GSE143760,Col0UV_1_S16_R1_001
0.00793004898134815,-0.08051068300246061,0.061445664295783825,0.021561052603445544,0.028561446428814214,0.595381352194951,0.11202369884720079,0.036076918908613725,0.11614590773103343,0.04135892361305191,0.21061656100400414,0.04730837977363861,-0.3827008624933295,-0.16690830495155787,0.07693489647162531,0.27193748206854224,0.02469614596867268,-0.026681922353738365,0.04020616581598466,0.38748713238320676,0.05959188237506463,-0.08407570981139446,0.8703441885846097,0.053711376128925355,-0.05505818841521824,-0.06533701283559942,0.2384665639080746,0.021542825538584307,-0.060589692741290405,0.027776557419046905,0.003407347503704969,-0.004558597306852166,GSE143760,Col0UV_4_S17_R1_001
0.014288302825006196,-0.06602822353360685,0.057651420644485654,0.016922910204659407,0.014379662514284347,0.5987659172982285,0.10565794719543453,0.03269373955991254,0.08953161130184789,0.03283193745065135,0.2516831040490237,0.034385329872330644,-0.37746530662624633,-0.15060669341948776,0.06568421861796153,0.26654378536230633,0.022451547812990347,-0.024523012352211167,0.07572116696236758,0.35461259575243503,0.0433250353245951,-0.06618706549455854,0.8798448796520808,0.057190400767842,-0.04784934693353444,-0.0557860482543216,0.2239610932219619,0.019193064668867745,-0.047283099513312034,0.031543516671781534,0.012921747172610952,0.0008580264409397573,GSE143760,Col0UV_5_S18_R1_001
0.00943559295941442,-0.06413517369028857,0.031799110885927455,0.015610855409172888,0.018938047904293338,0.5355568005037117,0.09524972982658358,0.027088043626006496,0.07954210833430818,0.03244867975140418,0.20779909344200478,0.030602173453216863,-0.49085581809941886,-0.07848137431197816,0.06018306224001997,0.32313417595113847,0.02310501606909308,-0.019978486819698157,-0.02616767410884602,0.25415967653287974,0.04357282662120192,-0.06763216809793025,0.9098820126802124,0.05234951792515651,-0.04366258347026134,-0.05158021385843939,0.14618887692130114,0.020412749698582602,-0.047202407379599146,0.031138972470024354,0.007542631554412575,0.0006871806090833164,GSE143760,phot1NT_3_S4_R1_001
0.0004804512695525843,-0.08543571409510181,0.020898555201179624,0.021808376901035854,0.039109852728357,0.5194773842901096,0.1049831201039806,0.030921473028630096,0.1094879086680707,0.041280330738758364,0.14980552888094276,0.04558439790260589,-0.4839474846078997,-0.07225825405321888,0.07673989960888676,0.35689305705188756,0.024927470069647416,-0.022988011080829873,-0.07724246957518273,0.28080137123774945,0.0653130861040797,-0.0947618925619218,0.8673505223036546,0.04872339654558846,-0.051722303416363184,-0.0634648796281539,0.10955455584441981,0.023312837660485763,-0.06507481031973669,0.02679587093009022,-0.0023238287987900202,-0.005268697711511331,GSE143760,phot1NT_4_S5_R1_001
0.00643276538921457,-0.07177430071491103,0.024376331889347732,0.01837238062846515,0.027031596245268442,0.5476821953522879,0.09771539022841154,0.02854499736518337,0.0918962060991588,0.035458229662955566,0.18380020938219602,0.03590271330031762,-0.5013475817242757,-0.08823440425186393,0.06702205913242675,0.33901730911618183,0.02372692367254679,-0.02177749750942985,-0.02761794233010648,0.2688685452117611,0.05175010138020894,-0.07703766146748263,0.8923849070260906,0.051336067470968215,-0.04725888442459504,-0.05564715868552658,0.13410739675006644,0.02074015294794893,-0.0538519540270125,0.030127583958313945,0.0034606936369746947,-0.0016729154655594465,GSE143760,phot1NT_5_S6_R1_001
0.005698138643577111,-0.07738187377129419,0.01534819241428886,0.019923876413836864,0.031049299264308754,0.5499678932301056,0.10345247950501704,0.030739708041663254,0.10230796106060099,0.04080063727305247,0.18321520794651214,0.0420810697701658,-0.48257806328663716,-0.11523599735390588,0.07180696810362448,0.3330570341904062,0.024613625701004675,-0.022804711164755326,-0.06782884740389243,0.2951582938181011,0.05816564128848547,-0.08440489025164714,0.874220086744308,0.05046104361739286,-0.050862228458595005,-0.060510222568869974,0.1584364503160182,0.022148559953931043,-0.0597478160908395,0.030125999058796937,0.00010860720480368626,-0.0032588190118669146,GSE143760,phot1slash2NT_1_S10_R1_001
0.007961277263504776,-0.06566856736040876,0.06053036727786494,0.014844507153296181,0.02002830101816854,0.5381012079176948,0.09426313887157997,0.02625629504921013,0.0825764147410094,0.03439293616982999,0.19667744562832737,0.03124996018039506,-0.4759367347478836,-0.05733214357836469,0.060341242395525824,0.3359322730385682,0.02452557157410525,-0.01852861016330215,-0.04848483539870716,0.23934204898904315,0.046054670779303454,-0.06970368672220957,0.9301743657407678,0.05034625800636818,-0.04312442386357176,-0.051166310259994,0.13909202608054574,0.02090929940011326,-0.04892369251119258,0.03005464249930258,0.004081438491437194,-0.0007210780191350969,GSE143760,phot1slash2NT_2_S11_R1_001
0.0044546163504424075,-0.07746049427737786,0.04783541036201529,0.019281621718477495,0.030415934985543812,0.551763641074045,0.10037457089561005,0.02895625032153583,0.10178721850223169,0.038416006239643294,0.16683575320354274,0.0393299133550969,-0.46496414039972317,-0.08269603985585273,0.07074376302050166,0.34095289287725805,0.024483530522250597,-0.021621872433918388,-0.036692296333652494,0.271905454243051,0.058576504867152684,-0.08423947556234512,0.888499609578815,0.049441839908943186,-0.04876300477199044,-0.05825236046968557,0.1382906163849651,0.021811898681871316,-0.05796418668191169,0.028336561018624987,-0.0004985425369715697,-0.0038233374020400753,GSE143760,phot1slash2NT_5_S12_R1_001
0.010740111447788888,-0.08610406697734904,0.0789616205167095,0.02360804601510178,0.03340844837541025,0.6495468374665431,0.11628158132952614,0.035525076752465495,0.11986973707003272,0.04702416775436798,0.2156247124646701,0.051474564214439994,-0.3601738540462241,-0.1867597670542387,0.08264399053882727,0.28678969279431943,0.02354482054131577,-0.029273160846330498,0.06518450765194411,0.34827597509833896,0.0606073991771028,-0.0977094442264927,0.8781489036897303,0.05410457746842289,-0.05961578312744872,-0.07005978058497102,0.24740723455409572,0.025108928907902738,-0.06403840738625537,0.032340057327628936,2.265748270841401e-05,-0.006945855550986418,GSE143760,phot1slash2UV_1_S25_R1_001
0.007991407751162647,-0.08993237257007874,0.05625846091705054,0.025449893103580288,0.03752653192283235,0.6346581249303724,0.11736783122524712,0.0367709556114699,0.12727462051678623,0.047415287539440805,0.19781688207560508,0.05424886474796822,-0.3765944175674062,-0.20161968604019928,0.08517829021088018,0.2934247795123953,0.024090878978458984,-0.0306672767294613,0.05593411526205891,0.3646875485128125,0.06579044531266831,-0.10039776401230124,0.8614658830739617,0.052923345531219905,-0.06128160054126767,-0.07222106099554296,0.24700783996944978,0.02462663293874427,-0.0671746914188088,0.030420559100283136,-0.0013153190105579214,-0.008098950506943273,GSE143760,phot1slash2UV_2_S26_R1_001
0.00911957416120629,-0.08917899327046659,0.1026562873073179,0.024122661271769118,0.03480674797626971,0.6306900903240495,0.11713162471300619,0.03575892529031038,0.12661771065329866,0.049003960404225944,0.1981658967290615,0.05381255788651208,-0.3468867003372544,-0.16308963383256062,0.0831853282842432,0.2828953833808566,0.024246079485644088,-0.028566373719040514,0.036051690873702386,0.3477789140390827,0.06575314610276993,-0.10158087377533552,0.8944507665596702,0.05180107074635649,-0.060101578053614775,-0.07037260431952332,0.2379167700539091,0.02510644266729939,-0.06599131568360879,0.030713529751379278,-0.003252307715917827,-0.008452677605195172,GSE143760,phot1slash2UV_3_S27_R1_001
0.00993508449666297,-0.08340894944834785,0.07627267652852197,0.022371996746203163,0.02971537833252343,0.6267708984343916,0.11360365262142383,0.03544178589846497,0.11952639242254709,0.045939178553307314,0.2136195736134882,0.049861562531297976,-0.3551413996136649,-0.1742892082214537,0.07964025767942996,0.27868995570262184,0.023649611820696487,-0.027411268900092396,0.02211946613475376,0.37019768259459856,0.06117155437014834,-0.09078081561113124,0.8853680952526656,0.05348171198835877,-0.0576160418421457,-0.06660317078927741,0.22466766987256806,0.022507770300214787,-0.06249960183483899,0.02987481735967204,6.398815413812078e-05,-0.00635838454451382,GSE143760,phot1UV_1_S19_R1_001
0.009326620448806371,-0.08004885123503737,0.07570340097100066,0.021320067644699167,0.026435101643181,0.5977072581699014,0.11349526354270652,0.035278534480326564,0.11364055181053621,0.0427999006794879,0.21687658838278132,0.046867821476425674,-0.36811749985186304,-0.16597164508614798,0.07712843826467092,0.2732984689602715,0.024452089051860366,-0.02626538973084037,0.012461633609882334,0.3748185049832635,0.05951469077192859,-0.08622063573396171,0.8764612295263434,0.054571789303582405,-0.054805064414334734,-0.06474620521072438,0.2482134759605159,0.02176191073824749,-0.060259798222673126,0.030261606254595712,0.002933207282595271,-0.004289599678831666,GSE143760,phot1UV_4_S20_R1_001
0.011799752992032604,-0.07277971581826947,0.07504568626717893,0.0188001703777433,0.019069302804220346,0.5922926363946676,0.1096738816507107,0.034392432189514065,0.10256940112934021,0.03705214403092483,0.23349180257450003,0.03954260562562806,-0.3585132765253316,-0.14421361132017838,0.07097205922643457,0.26671407241726,0.023716999675511222,-0.02476365464214478,0.042741992031577365,0.38026603780473933,0.052830544218826485,-0.0738011592736162,0.8746659378360012,0.05612632899927377,-0.05050705819823908,-0.05881828994955245,0.22877525435975093,0.019433343097517073,-0.053735707228150464,0.030017965227661408,0.008490411264453624,-0.0010586793264993036,GSE143760,phot1UV_5_S21_R1_001
0.005207917785490689,-0.07547544864548666,0.02822839223171706,0.01962371808771773,0.028946956430471103,0.5474053980646941,0.1019005046076525,0.030063762476583406,0.09797015415888434,0.036812063415513296,0.18001809773021205,0.03910272446402275,-0.47172896280773424,-0.10368290963871245,0.07047928431214308,0.3252147795473913,0.023883102463227748,-0.02246691095044324,-0.029666040211628136,0.2864547370882971,0.05564253268797834,-0.08159502561064855,0.8780238685241951,0.05137739687963476,-0.048685096161951415,-0.059093963169621185,0.13709409710796172,0.021290317768730686,-0.056176518203751094,0.029514937118847284,0.0027623642700947484,-0.0023160086582225754,GSE143760,phot2NT_3_S7_R1_001
0.0032403452558027405,-0.08343467172870452,0.02629284108775111,0.02188929106939204,0.03780024633808828,0.55668905324024,0.10283169787311365,0.030546191510587323,0.11062116379584228,0.04206359258942516,0.15632929002261556,0.045375192173690404,-0.4816469944587665,-0.10105475560811963,0.07603205181904259,0.34271482826200594,0.024065243201505177,-0.0234070585741714,-0.033795273377234605,0.2831796006275491,0.06274565483531701,-0.0927446416082344,0.8704244448068194,0.048540967636231044,-0.05288894301423418,-0.06307520566561257,0.11523152852730427,0.023347325748293884,-0.06306951757946623,0.02761665058772975,-0.0034395757861332026,-0.005723527371849703,GSE143760,phot2NT_4_S8_R1_001
-0.0024240417336449855,-0.09713603324295395,0.01833992320091498,0.025635681950838842,0.048864074738169026,0.5161813862580099,0.11381592438300168,0.03485158885659335,0.12756578878222277,0.046314911384528264,0.13506953379280529,0.05505877978161578,-0.4548264112499876,-0.09459285655768992,0.08763056246448445,0.3443166080031531,0.02557011501393113,-0.025437185690473613,-0.05355998337963749,0.3337779562990339,0.07631145402022785,-0.11010158801156991,0.8111956454794997,0.048730808875902164,-0.05705346123160189,-0.07165659715507636,0.11958043349715713,0.02535331628115968,-0.0749189456321507,0.025400944553275726,-0.005212146242974564,-0.007510712527699046,GSE143760,phot2NT_5_S9_R1_001
0.0024114284915077787,-0.10464283475420877,0.039193096870989604,0.03080654505785633,0.05158726345194592,0.6228697254461266,0.1256826602712132,0.04184514929084399,0.15773276493876906,0.05658754479459845,0.1608908454852888,0.06890038136108244,-0.3543427562544152,-0.26640451399275955,0.09762856907389397,0.2704753137447614,0.025259791497969995,-0.03325148830787685,0.05489055170487146,0.43769257601790307,0.0829334037710116,-0.11853848795447319,0.7948569190101862,0.04947660589143669,-0.06941411302551725,-0.08393749577434598,0.2712788646052927,0.02659187958828852,-0.08069635796053888,0.025829076310248823,-0.0087715492121467,-0.012915491498150956,GSE143760,phot2UV_1_S22_R1_001
0.008017926852631817,-0.08667176546958856,0.05053119486948392,0.025009445681085478,0.03286260952068671,0.5934823856840618,0.12019037325433718,0.038378253974566054,0.12526456718019263,0.0443529016608004,0.2100344607616707,0.05321199113461843,-0.36180648511317076,-0.23128653894689466,0.08315642114456753,0.25593279583703543,0.02390930928129516,-0.030217695401404746,0.06501782691752528,0.4131694974242484,0.06475476314208498,-0.09656934085753736,0.8149471122258444,0.05495008606125798,-0.05919684493279539,-0.07204233651298078,0.28445967977103354,0.022647127138874956,-0.06480176867430723,0.03115308055992088,0.0033407120476037205,-0.005388603857065608,GSE143760,phot2UV_3_S23_R1_001
0.007067135195167172,-0.09060691784294354,0.0605869933928941,0.02552167356982316,0.0362068736927791,0.6062046522089056,0.11989503685995288,0.037474400319002336,0.13160399047891086,0.046254825749445005,0.19172176070196179,0.05462081070370604,-0.3524173593127924,-0.2047962127736387,0.08517150127661974,0.2566627171416983,0.02379142786620167,-0.029820990407798575,0.07820981528542766,0.39558835116247903,0.06965385915793594,-0.101867919286443,0.8110042940405883,0.052608309378779174,-0.05966820638420397,-0.0730541597775137,0.24760560223148703,0.023579825926145076,-0.06659943574146208,0.030492892190299964,-0.0004617758898796273,-0.007005881983848154,GSE143760,phot2UV_5_S24_R1_001
0.006201323952111177,-0.0877623535226723,-0.1668758832373733,0.03498604830024044,0.05574164044909066,0.4602633464533319,0.12418558127597068,0.03899539258831352,0.11775965623240571,0.07800845165432237,0.2723189065706351,0.07308147650081545,-0.3760959628436002,-1.01373051726119,0.08907713531774487,0.8598328700787926,0.0281586712231495,-0.03911994238442666,-0.5614698858431755,0.41395053189618136,0.0506857193098673,-0.08119653967626671,0.3806759037776465,0.057378133731191744,-0.07862824156963462,-0.085221049693447,0.7725992616595231,0.031528951277110286,-0.1056777683918873,-0.005279698098750662,-0.0017723140624415147,-0.002750068312044191,GSE225299,col_Mock_1
0.010707347171552676,-0.0782528639706711,-0.12553815592460912,0.03243250879265301,0.04871873592465483,0.4050162618681275,0.11892214063516618,0.03527213366027311,0.09074217757154339,0.06692243655117032,0.29342919420516267,0.06031445687836298,-0.3963643139045224,-0.9723128674894677,0.07572303371590217,0.959105640696894,0.029050488939197427,-0.03864874566085494,-0.5811833983134531,0.34071578326598473,0.034842077984594516,-0.07071674306224676,0.37167199323093847,0.05754055545690749,-0.07224956905959531,-0.07881193862502246,0.7962996655704881,0.032064887392164176,-0.09896884944621089,-0.002594494666487755,0.0067132521867508555,0.003301479422514594,GSE225299,col_Mock_2
0.009917234956632867,-0.08078879032695559,-0.2057088133410285,0.032031394858611964,0.05081484923795165,0.417269263936147,0.11994243392084702,0.03518817917010476,0.1054388628783157,0.07649159543103644,0.28303951293905366,0.06905605356526433,-0.42521457697821824,-1.0103147143898383,0.08291871073853488,0.8061279798317625,0.02398015294135505,-0.0374618533911678,-0.4876256603907607,0.3730363085125794,0.044716272181917906,-0.07898159426704708,0.349347234739905,0.05605144340410934,-0.07450937326377967,-0.0795922936746737,0.7805058730805157,0.032308628129959556,-0.09900025528698483,-0.002323900889769624,0.0008067747881656427,-0.0015663226082404977,GSE225299,col_Mock_3
0.006009217622091021,-0.0881010166528087,-0.1436925890049352,0.035220924253439055,0.054856547159174866,0.46837287969855673,0.12572861121673512,0.03919597878049456,0.12045305844391666,0.0790355789390519,0.27013941497280264,0.07458126349495615,-0.35000990973561236,-1.025479533840891,0.09066309484509856,0.8319282294959609,0.027423756636757602,-0.03868040066351701,-0.5692259650112979,0.42155818491421776,0.053203377732596605,-0.08326353676026883,0.3672758317112137,0.057940279039337655,-0.0782621844955132,-0.0864665445420043,0.7937565298695817,0.030800621240308364,-0.10578395511844113,-0.0038544981427582276,-0.0018366674743927932,-0.0028687118293597674,GSE225299,col_RALF1_1
0.009216046242044355,-0.08185605037145925,-0.13585064273696412,0.033574350532567694,0.051935772679949116,0.4167944630041654,0.11930099501217635,0.03573666007331532,0.10064149894767808,0.07080758993815353,0.2782846025462298,0.06450974913225714,-0.38986771421365285,-0.9851533987990977,0.08022954383096542,0.9209923423776013,0.02787106540733153,-0.03840714138789056,-0.557573614509856,0.3567142843259208,0.041332380395330416,-0.07535334137157688,0.3586765861040225,0.0566285232721259,-0.073934737507974,-0.08039567795852107,0.7834765687177111,0.03172862306963463,-0.10173209180445056,-0.0032811923570134406,0.0033012179111803997,0.001050463520271945,GSE225299,col_RALF1_2
0.013282590460471094,-0.07707971433738943,-0.2008608737543171,0.030483014888136227,0.04863687313700409,0.3830920826318474,0.11635151891266667,0.03285287009802088,0.0957623558715319,0.07479222670228569,0.2866918645419817,0.06466517138814548,-0.4545549810960371,-0.9724246974580598,0.07772935030716599,0.8203221940725073,0.023150739477846703,-0.03645752960601484,-0.44035330623547697,0.3394952160444043,0.039492296473582045,-0.07859045100682574,0.32711170248935273,0.05470110715429463,-0.07202639861596608,-0.07504135954198073,0.7765981101267896,0.03307764020287599,-0.09619466650171883,-0.0003335026498466286,0.0025045112842202407,0.0004050307767664734,GSE225299,col_RALF1_3
0.0032038594032875374,-0.08671283086369114,-0.17353616465264535,0.03307154131495844,0.05000902865330871,0.5236144406315368,0.13002056584769203,0.04131385724020139,0.12910102048165933,0.0823900046121617,0.27812386393268085,0.08125528152951576,-0.33639137411927905,-1.0920689913827772,0.09581239442573515,0.6910937313490674,0.026168379934525168,-0.038458395712486,-0.5653419618281336,0.47049599918967977,0.058452956270892045,-0.08454804911149719,0.3942902055085352,0.05814355968568297,-0.07773151623537902,-0.08952905568882968,0.8347726821389823,0.02997270114329607,-0.10154682041150401,-0.0031547076773758885,-0.003733805751277526,-0.005702452823665386,GSE225299,fer4_Mock_1
0.0019294843017566966,-0.08727235913684259,-0.2220377058058399,0.03340851463546137,0.053617928480116345,0.5077731374704395,0.12551934527084552,0.039542674608445176,0.12908828153485424,0.08223614771498569,0.2614160571158425,0.08004653381610972,-0.3860998445735694,-1.0864937797827467,0.09503964685003824,0.7058990725031159,0.02518269546155261,-0.037796015831243604,-0.537075765726482,0.4435986298466686,0.05899128711795944,-0.08476825093656015,0.38923457081665125,0.05565585516402805,-0.0781723661184731,-0.0879392245989748,0.7996695078656907,0.03028386797452894,-0.10241705790253879,-0.005199892571061438,-0.00593933128383603,-0.006957835955355671,GSE225299,fer4_Mock_2
0.00941652012482723,-0.08282920279314235,-0.17403324765361433,0.031797032791158496,0.048649727416868294,0.4577634213121285,0.12589031700100378,0.03826524556515151,0.11481567178953797,0.08046231684249186,0.290738242137294,0.0754018011670046,-0.37573222916767185,-1.0379575693962426,0.08822795744390725,0.7448238878025154,0.024563512084016755,-0.03842463274213538,-0.5089480002433581,0.42498489559161384,0.049872300374099364,-0.08319103241826867,0.35411278905851223,0.05687626710061964,-0.07562328956292448,-0.08361334678419047,0.8144303122085045,0.03173192109514197,-0.10006048831712912,-0.000262844939051384,-0.0004496170817225362,-0.0026943664772296773,GSE225299,fer4_Mock_3
0.004460800862431879,-0.08546872404728385,-0.17040969952295032,0.0326966583330911,0.0497957054250407,0.5065015778444305,0.12917691358807662,0.04089031518505724,0.1250961187407562,0.08096993169725561,0.2769516522197081,0.07984979645915127,-0.3564263815679106,-1.079538611693451,0.09349022125473977,0.709215631918263,0.026276131266734136,-0.03884011840185629,-0.5692480881743759,0.45836185110435584,0.056229526897352375,-0.08477857173222038,0.38688247457746794,0.057195919771516175,-0.07716922933312947,-0.08845697326951021,0.8339711613955679,0.030070235588220785,-0.10068307891950978,-0.0018940100364054906,-0.0027189881078527227,-0.004740620809625502,GSE225299,fer4_RALF1_1
0.0050718421684077,-0.08305904042156295,-0.22896463542582,0.031104961692168708,0.04803356741468137,0.49958584337345235,0.12650530385573958,0.03913620874070277,0.1229509751046164,0.08321119664855646,0.28445740938980796,0.0794281987701297,-0.3800230560790547,-1.0909676843157545,0.09273097213421072,0.6654860093503637,0.023832483097103754,-0.037188816082798545,-0.5165554078727728,0.44799130570756707,0.055118200004716886,-0.08293032095687798,0.37872859279810295,0.056162150521663776,-0.07608774584574318,-0.08547216835670284,0.8124602140528486,0.030638584267124527,-0.09871190182633591,-0.002556492115483039,-0.0036705160462028263,-0.005835368818518975,GSE225299,fer4_RALF1_2
0.007049910669033603,-0.08249607571326376,-0.18640813856506525,0.03172407063903842,0.04823889365577288,0.46945935307225817,0.12584981690215505,0.03811867537108599,0.11641527423942964,0.08039048427256584,0.2846212168490466,0.07571672171504838,-0.38410762170120455,-1.0571942046917875,0.08931991320369889,0.7231987566591731,0.02476124339313804,-0.03762851462878429,-0.5257665796869749,0.4244275193355481,0.05165597014559686,-0.08318618808061061,0.3675382108750687,0.05666123134803153,-0.07560745985773026,-0.08387071222825448,0.8127580404312464,0.030881161131331485,-0.09903793553092625,-0.0007531285114599971,-0.001612845012930828,-0.00355462400253866,GSE225299,fer4_RALF1_3
